rebalance_month,symbol,rank,adv_usd,n_days_trailing
2017-01,AAPL,1,4249003232.76,252
2017-01,META,2,3056484155.52,252
2017-01,AMZN,3,2951918371.0,252
2017-01,MSFT,4,1869996450.49,252
2017-01,BAC,5,1759458547.92,252
2017-01,GOOGL,6,1598754069.56,252
2017-01,GOOG,7,1454635254.72,252
2017-01,BABA,8,1324841219.77,252
2017-01,JPM,9,1213651465.05,252
2017-01,WFC,10,1211296057.04,252
2017-01,XOM,11,1188050697.45,252
2017-01,GE,12,1187545802.81,252
2017-01,PFE,13,1106658622.8,252
2017-01,PG,14,1106278369.59,252
2017-01,C,15,1084372092.15,252
2017-01,AGN,16,1021127032.64,252
2017-01,T,17,1008017156.86,252
2017-01,TSLA,18,986815017.32,252
2017-01,GILD,19,980222996.74,252
2017-01,JNJ,20,961428481.06,252
2017-01,CVX,21,872423316.45,252
2017-01,DIS,22,858502575.09,252
2017-01,V,23,839460990.32,252
2017-01,INTC,24,836526301.9,252
2017-01,VZ,25,826641813.74,252
2017-01,BKNG,26,799105801.55,252
2017-01,CSCO,27,774304692.77,252
2017-01,MCD,28,741013477.67,252
2017-01,HD,29,726311372.18,252
2017-01,BHC,30,717900859.7,252
2017-01,WMT,31,709188435.37,252
2017-01,CMCSA,32,700947750.61,252
2017-01,NVDA,33,697131960.2,252
2017-01,GS,34,689010790.67,252
2017-01,IBM,35,668703993.06,252
2017-01,MRK,36,650038185.45,252
2017-01,KO,37,644479509.4,252
2017-01,QCOM,38,632853283.86,252
2017-01,BA,39,622300070.59,252
2017-01,BRK.B,40,611193382.39,252
2017-01,CHTR,41,609021664.76,252
2017-01,BMY,42,608799808.64,252
2017-01,NKE,43,593671009.33,252
2017-01,SLB,44,591088444.59,252
2017-01,ORCL,45,585162299.24,252
2017-01,AMGN,46,583854086.5,252
2017-01,CVS,47,569794065.3,252
2017-01,CELG,48,568919951.48,252
2017-01,SBUX,49,567924031.77,252
2017-01,CMG,50,561569196.09,252
2017-01,BIIB,51,544712689.63,252
2017-01,BIDU,52,542021980.16,252
2017-01,ABBV,53,528447759.96,252
2017-01,AVGO,54,527211954.65,252
2017-01,UNH,55,522605960.65,252
2017-01,PEP,56,519016952.23,252
2017-01,LMT,57,512104468.91,252
2017-01,PM,58,495998107.28,252
2017-01,F,59,483650200.88,252
2017-01,RTX,60,474979339.4,252
2017-01,MDT,61,469832326.54,252
2017-01,GM,62,463163844.49,252
2017-01,DAL,63,462661573.89,252
2017-01,CAT,64,450838853.13,252
2017-01,MS,65,449911847.61,252
2017-01,CRM,66,449666497.84,252
2017-01,TGT,67,444853769.31,252
2017-01,AIG,68,440930373.2,252
2017-01,COP,69,440341969.03,252
2017-01,MO,70,440190029.7,252
2017-01,LOW,71,438003631.16,252
2017-01,UNP,72,434705580.8,252
2017-01,FCX,73,432962107.94,252
2017-01,MA,74,430147171.23,252
2017-01,MDLZ,75,428571858.41,252
2017-01,HAL,76,426337615.07,252
2017-01,HON,77,404194027.45,252
2017-01,MU,78,403780363.39,252
2017-01,COST,79,402669569.53,252
2017-01,LLY,80,394693624.94,252
2017-01,ABT,81,393019521.02,252
2017-01,NXPI,82,392942785.34,252
2017-01,DOW,83,391585614.22,252
2017-01,DD,84,391585614.22,252
2017-01,MMM,85,384475582.13,252
2017-01,REGN,86,382111997.85,252
2017-01,VLO,87,379598048.13,252
2017-01,KMI,88,374818056.6,252
2017-01,TXN,89,374669758.35,252
2017-01,AXP,90,373935769.64,252
2017-01,OXY,91,361442634.05,252
2017-01,SHPG,92,360848615.53,252
2017-01,AAL,93,360640060.65,252
2017-01,PYPL,94,359072683.01,252
2017-01,MET,95,354096088.86,252
2017-01,TEVA,96,348702371.19,252
2017-01,USB,97,348653835.29,252
2017-01,KR,98,347375539.13,252
2017-01,ESRX,99,347009071.33,252
2017-01,EOG,100,338466582.57,252
2017-01,MCK,101,336067912.54,252
2017-01,AMAT,102,335876050.2,252
2017-01,APC,103,334728527.82,252
2017-01,EBAY,104,327510868.97,252
2017-01,B,105,326671472.2,252
2017-01,JD,106,323206343.94,252
2017-01,DVN,107,314352507.58,252
2017-01,ACN,108,313445804.27,252
2017-01,FOXA,109,311943064.02,252
2017-01,WYNN,110,310966261.4,252
2017-01,UPS,111,310797702.57,252
2017-01,CTSH,112,307205271.29,252
2017-01,LUV,113,304303439.18,252
2017-01,SCHW,114,303686832.16,252
2017-01,NEE,115,298905455.84,252
2017-01,SO,116,298232832.76,252
2017-01,SPG,117,297854810.17,252
2017-01,NEM,118,296822293.23,252
2017-01,DE,119,296202487.03,252
2017-01,LYB,120,295807218.43,252
2017-01,UAL,121,294940970.04,252
2017-01,FDX,122,294752859.41,252
2017-01,YUM,123,293856526.15,252
2017-01,KHC,124,292449505.92,252
2017-01,ADBE,125,291851732.66,252
2017-01,ALXN,126,287801232.14,252
2017-01,DHR,127,287261515.92,252
2017-01,DUK,128,286292090.79,252
2017-01,MAR,129,282554925.45,252
2017-01,WDC,130,282506824.03,252
2017-01,EA,131,281125652.13,252
2017-01,EXPE,132,279072167.76,252
2017-01,BAX,133,277693434.1,252
2017-01,DG,134,275972337.25,252
2017-01,COF,135,274354674.55,252
2017-01,TJX,136,273601282.3,252
2017-01,MYL,137,273229799.55,252
2017-01,MPC,138,270338832.49,252
2017-01,PNC,139,269501628.33,252
2017-01,WMB,140,268618123.48,252
2017-01,RTN,141,268295651.62,252
2017-01,TMO,142,266620627.66,252
2017-01,PANW,143,266486385.57,252
2017-01,BP,144,265423679.2,252
2017-01,PSX,145,264661528.47,252
2017-01,EQIX,146,259039736.02,252
2017-01,M,147,257431919.44,252
2017-01,EXE,148,256827329.65,252
2017-01,BNY,149,255341625.35,252
2017-01,TSN,150,254975677.84,252
2017-02,AAPL,1,4000702566.32,253
2017-02,META,2,2919820460.79,253
2017-02,AMZN,3,2857134837.43,253
2017-02,MSFT,4,1792941214.27,253
2017-02,BAC,5,1774270243.09,253
2017-02,GOOGL,6,1560967770.26,253
2017-02,GOOG,7,1420020637.88,253
2017-02,BABA,8,1315389318.6,253
2017-02,JPM,9,1218829092.65,253
2017-02,WFC,10,1209435376.71,253
2017-02,XOM,11,1141648760.21,253
2017-02,GE,12,1129719895.48,253
2017-02,PG,13,1097052306.03,253
2017-02,PFE,14,1082720287.11,253
2017-02,C,15,1074777314.46,253
2017-02,AGN,16,1018843679.53,253
2017-02,TSLA,17,1014435764.8,253
2017-02,T,18,986590021.77,253
2017-02,JNJ,19,937612817.91,253
2017-02,GILD,20,936322913.74,253
2017-02,CVX,21,831799977.87,253
2017-02,DIS,22,831644080.67,253
2017-02,INTC,23,824075921.93,253
2017-02,VZ,24,820813235.02,253
2017-02,NVDA,25,814239209.35,253
2017-02,V,26,813219023.81,253
2017-02,BKNG,27,770040753.44,253
2017-02,CSCO,28,741656745.14,253
2017-02,CMCSA,29,706208740.0,253
2017-02,GS,30,701172010.83,253
2017-02,MCD,31,695700728.56,253
2017-02,HD,32,694720793.83,253
2017-02,WMT,33,688737425.94,253
2017-02,BHC,34,686050009.55,253
2017-02,QCOM,35,663924634.26,253
2017-02,IBM,36,662102494.24,253
2017-02,MRK,37,660965314.72,253
2017-02,CHTR,38,639028384.41,253
2017-02,BMY,39,634334594.42,253
2017-02,KO,40,628621011.21,253
2017-02,BA,41,600566221.36,253
2017-02,BRK.B,42,600007683.85,253
2017-02,NKE,43,579788930.28,253
2017-02,AMGN,44,572457812.14,253
2017-02,CVS,45,572248802.37,253
2017-02,ORCL,46,565649839.64,253
2017-02,SLB,47,563867996.77,253
2017-02,CELG,48,548256145.79,253
2017-02,SBUX,49,546747393.01,253
2017-02,BIIB,50,531869018.47,253
2017-02,UNH,51,527948169.46,253
2017-02,CMG,52,520282596.57,253
2017-02,BIDU,53,518081441.59,253
2017-02,ABBV,54,516253426.06,253
2017-02,PEP,55,507996442.79,253
2017-02,LMT,56,506592230.2,253
2017-02,AVGO,57,503948209.46,253
2017-02,PM,58,490048968.03,253
2017-02,F,59,472547787.46,253
2017-02,MDT,60,468966438.24,253
2017-02,GM,61,458559367.87,253
2017-02,RTX,62,449854846.36,253
2017-02,DAL,63,449771499.77,253
2017-02,CRM,64,449570455.86,253
2017-02,MS,65,446835637.93,253
2017-02,FCX,66,446499863.61,253
2017-02,TGT,67,446116135.64,253
2017-02,MO,68,443055670.36,253
2017-02,CAT,69,442271093.83,253
2017-02,HAL,70,431820678.7,253
2017-02,LOW,71,431809257.11,253
2017-02,UNP,72,422605203.8,253
2017-02,AIG,73,422374566.98,253
2017-02,MU,74,413203499.01,253
2017-02,MA,75,410987313.84,253
2017-02,COP,76,410379796.96,253
2017-02,MDLZ,77,407782801.45,253
2017-02,HON,78,405743475.77,253
2017-02,ABT,79,399499739.61,253
2017-02,COST,80,395493733.88,253
2017-02,NXPI,81,389112215.88,253
2017-02,LLY,82,385447444.32,253
2017-02,DOW,83,382989865.41,253
2017-02,DD,84,382989865.41,253
2017-02,TXN,85,375407782.93,253
2017-02,MMM,86,373872336.54,253
2017-02,REGN,87,370940066.91,253
2017-02,VLO,88,362759879.69,253
2017-02,TEVA,89,356524778.18,253
2017-02,PYPL,90,354830790.27,253
2017-02,KMI,91,352905708.99,253
2017-02,OXY,92,349414035.39,253
2017-02,AAL,93,348913078.48,253
2017-02,AXP,94,348045843.45,253
2017-02,USB,95,345110492.7,253
2017-02,MET,96,343485623.86,253
2017-02,SHPG,97,339964069.22,253
2017-02,AMAT,98,335238608.63,253
2017-02,B,99,335174844.15,253
2017-02,KR,100,335096018.55,253
2017-02,EOG,101,330469724.6,253
2017-02,EBAY,102,324880827.02,253
2017-02,MCK,103,323206605.41,253
2017-02,ESRX,104,322206264.53,253
2017-02,APC,105,320044422.55,253
2017-02,JD,106,311307892.85,253
2017-02,ACN,107,310160175.49,253
2017-02,UPS,108,308677889.28,253
2017-02,DVN,109,308048263.45,253
2017-02,WYNN,110,307594535.15,253
2017-02,SPG,111,306044693.87,253
2017-02,NEM,112,304746851.31,253
2017-02,LUV,113,303825699.18,253
2017-02,CTSH,114,303094926.82,253
2017-02,FOXA,115,299939057.47,253
2017-02,SCHW,116,295746876.49,253
2017-02,DE,117,295712661.49,253
2017-02,CSX,118,293542932.01,253
2017-02,SO,119,292144151.58,253
2017-02,FDX,120,291314328.99,253
2017-02,LYB,121,290913267.02,253
2017-02,WDC,122,289937956.76,253
2017-02,NEE,123,289630610.52,253
2017-02,ADBE,124,289616032.45,253
2017-02,ALXN,125,288499806.02,253
2017-02,DUK,126,286141678.03,253
2017-02,UAL,127,285806399.4,253
2017-02,KHC,128,285099480.8,253
2017-02,YUM,129,279463817.16,253
2017-02,DHR,130,278143442.07,253
2017-02,PNC,131,277157843.62,253
2017-02,TJX,132,275158850.62,253
2017-02,MAR,133,274252071.28,253
2017-02,MPC,134,272326729.02,253
2017-02,EXPE,135,272184451.18,253
2017-02,DG,136,271395166.75,253
2017-02,EA,137,270112359.11,253
2017-02,BAX,138,270020545.3,253
2017-02,RTN,139,269868519.35,253
2017-02,WMB,140,269592582.66,253
2017-02,EXE,141,269459416.48,253
2017-02,COF,142,267325059.86,253
2017-02,HUM,143,265844073.06,253
2017-02,MYL,144,264067643.67,253
2017-02,TMO,145,263518821.22,253
2017-02,STZ,146,262154669.55,253
2017-02,PANW,147,261149219.85,253
2017-02,BNY,148,256515281.97,253
2017-02,BP,149,255610444.41,253
2017-02,GD,150,254068985.46,253
2017-03,AAPL,1,4019085260.84,252
2017-03,AMZN,2,2852358051.24,252
2017-03,META,3,2771657120.34,252
2017-03,BAC,4,1784718668.52,252
2017-03,MSFT,5,1747055175.65,252
2017-03,GOOGL,6,1459830213.33,252
2017-03,GOOG,7,1327608417.38,252
2017-03,BABA,8,1305840711.68,252
2017-03,JPM,9,1213145864.76,252
2017-03,WFC,10,1194797923.4,252
2017-03,PG,11,1111528064.87,252
2017-03,XOM,12,1108407302.91,252
2017-03,GE,13,1098380282.29,252
2017-03,C,14,1066119907.61,252
2017-03,TSLA,15,1057334811.69,252
2017-03,PFE,16,1056511004.81,252
2017-03,AGN,17,1029950370.07,252
2017-03,T,18,968092327.3,252
2017-03,NVDA,19,950559991.27,252
2017-03,JNJ,20,920467442.93,252
2017-03,GILD,21,911582763.77,252
2017-03,INTC,22,835890830.77,252
2017-03,V,23,815016026.51,252
2017-03,DIS,24,813401960.82,252
2017-03,CVX,25,810666857.34,252
2017-03,VZ,26,809415950.48,252
2017-03,BKNG,27,748794091.75,252
2017-03,CSCO,28,740565024.48,252
2017-03,GS,29,691730098.57,252
2017-03,CMCSA,30,682208236.25,252
2017-03,WMT,31,680138033.59,252
2017-03,HD,32,676107868.2,252
2017-03,QCOM,33,666453095.87,252
2017-03,MRK,34,664975704.34,252
2017-03,BMY,35,654803868.95,252
2017-03,IBM,36,654334729.52,252
2017-03,MCD,37,647698494.81,252
2017-03,BHC,38,642700179.59,252
2017-03,CHTR,39,641302498.12,252
2017-03,KO,40,633992202.47,252
2017-03,BRK.B,41,596016829.3,252
2017-03,BA,42,579111529.16,252
2017-03,CVS,43,575766000.0,252
2017-03,AMGN,44,575087486.63,252
2017-03,NKE,45,571935269.75,252
2017-03,ORCL,46,561937832.2,252
2017-03,UNH,47,545851316.84,252
2017-03,SLB,48,544867096.6,252
2017-03,SBUX,49,542396941.56,252
2017-03,CELG,50,533330746.37,252
2017-03,BIIB,51,531381312.09,252
2017-03,ABBV,52,509436439.97,252
2017-03,PEP,53,507295716.66,252
2017-03,LMT,54,502209325.74,252
2017-03,BIDU,55,500537467.2,252
2017-03,AVGO,56,498032891.71,252
2017-03,PM,57,496234331.26,252
2017-03,CMG,58,492636916.67,252
2017-03,MDT,59,465824338.24,252
2017-03,F,60,465698173.03,252
2017-03,GM,61,464919494.32,252
2017-03,FCX,62,457101676.16,252
2017-03,MS,63,450923193.05,252
2017-03,TGT,64,449204464.97,252
2017-03,MO,65,447894519.49,252
2017-03,CAT,66,444181549.3,252
2017-03,MU,67,442860751.12,252
2017-03,DAL,68,440922627.15,252
2017-03,HAL,69,437530525.95,252
2017-03,CRM,70,433240857.2,252
2017-03,LOW,71,426507432.24,252
2017-03,UNP,72,417008790.01,252
2017-03,AIG,73,414177316.15,252
2017-03,ABT,74,408991892.95,252
2017-03,RTX,75,408645280.69,252
2017-03,MA,76,404839189.33,252
2017-03,MDLZ,77,400770643.44,252
2017-03,COST,78,398754375.02,252
2017-03,COP,79,391301687.71,252
2017-03,HON,80,389614122.5,252
2017-03,NXPI,81,386951749.41,252
2017-03,LLY,82,378001020.11,252
2017-03,TXN,83,377664814.63,252
2017-03,DOW,84,376452271.33,252
2017-03,DD,85,376452271.33,252
2017-03,MMM,86,370995044.05,252
2017-03,TEVA,87,367932708.5,252
2017-03,REGN,88,366550013.95,252
2017-03,VLO,89,351772590.49,252
2017-03,OXY,90,348376599.45,252
2017-03,AMAT,91,346736823.39,252
2017-03,MET,92,344241373.87,252
2017-03,USB,93,343548624.32,252
2017-03,AAL,94,342292776.65,252
2017-03,PYPL,95,341621578.52,252
2017-03,KMI,96,336523746.22,252
2017-03,AXP,97,335930717.45,252
2017-03,B,98,335566640.16,252
2017-03,SHPG,99,329724800.82,252
2017-03,EOG,100,328973516.35,252
2017-03,KR,101,328756720.31,252
2017-03,EBAY,102,323560875.19,252
2017-03,MCK,103,321363010.57,252
2017-03,AMD,104,320446025.86,252
2017-03,ESRX,105,317527221.7,252
2017-03,UPS,106,316529644.34,252
2017-03,APC,107,312814766.18,252
2017-03,CTSH,108,312165583.45,252
2017-03,CSX,109,310268850.56,252
2017-03,SPG,110,307907715.16,252
2017-03,LUV,111,305222865.26,252
2017-03,ACN,112,301236011.88,252
2017-03,DE,113,298901568.63,252
2017-03,SCHW,114,298470596.91,252
2017-03,JD,115,297623292.81,252
2017-03,WYNN,116,297410558.52,252
2017-03,NEM,117,296069346.31,252
2017-03,KHC,118,295797947.32,252
2017-03,WDC,119,294104752.51,252
2017-03,FDX,120,291981316.62,252
2017-03,SO,121,289747966.16,252
2017-03,ALXN,122,289691835.47,252
2017-03,DVN,123,289525183.71,252
2017-03,FOXA,124,289241609.09,252
2017-03,LYB,125,288808937.97,252
2017-03,TJX,126,281971977.35,252
2017-03,NEE,127,280870906.66,252
2017-03,EXE,128,280441032.89,252
2017-03,UAL,129,279862610.23,252
2017-03,PNC,130,279103756.06,252
2017-03,ADBE,131,278926395.62,252
2017-03,DUK,132,278890636.82,252
2017-03,HUM,133,278415232.43,252
2017-03,DHR,134,273689057.14,252
2017-03,DG,135,271165276.43,252
2017-03,WMB,136,270454146.31,252
2017-03,MAR,137,269178518.56,252
2017-03,CL,138,266301635.37,252
2017-03,RTN,139,264813672.59,252
2017-03,COF,140,264711001.38,252
2017-03,STZ,141,264658605.8,252
2017-03,EA,142,263969500.18,252
2017-03,MPC,143,263552350.91,252
2017-03,TMO,144,263500974.82,252
2017-03,JCI,145,263193783.01,252
2017-03,BAX,146,262334271.14,252
2017-03,EXPE,147,262218184.71,252
2017-03,YUM,148,261024451.99,252
2017-03,M,149,260142152.53,252
2017-03,NTES,150,258236504.18,252
2017-04,AAPL,1,4019970627.55,253
2017-04,AMZN,2,2839585728.74,253
2017-04,META,3,2724215566.69,253
2017-04,BAC,4,1879172739.35,253
2017-04,MSFT,5,1732803834.42,253
2017-04,GOOGL,6,1446539734.52,253
2017-04,BABA,7,1321204661.77,253
2017-04,GOOG,8,1314946265.23,253
2017-04,JPM,9,1260287052.32,253
2017-04,WFC,10,1204186459.56,253
2017-04,XOM,11,1114539492.82,253
2017-04,PG,12,1111198985.0,253
2017-04,C,13,1091224537.44,253
2017-04,GE,14,1088672776.05,253
2017-04,NVDA,15,1077609954.5,253
2017-04,TSLA,16,1075224230.47,253
2017-04,AGN,17,1024598638.85,253
2017-04,PFE,18,992594438.66,253
2017-04,T,19,950468371.43,253
2017-04,JNJ,20,927767592.3,253
2017-04,GILD,21,864454689.27,253
2017-04,INTC,22,850411666.75,253
2017-04,V,23,818196181.83,253
2017-04,DIS,24,814254257.85,253
2017-04,VZ,25,799991406.34,253
2017-04,CVX,26,799498583.1,253
2017-04,BKNG,27,750179731.96,253
2017-04,CSCO,28,738485624.12,253
2017-04,GS,29,720798124.15,253
2017-04,HD,30,682521134.22,253
2017-04,CMCSA,31,679941977.65,253
2017-04,MRK,32,676961390.38,253
2017-04,WMT,33,675561953.02,253
2017-04,BMY,34,671367301.8,253
2017-04,QCOM,35,653708347.84,253
2017-04,IBM,36,647191816.8,253
2017-04,CHTR,37,633862004.99,253
2017-04,KO,38,627263033.23,253
2017-04,MCD,39,620720447.16,253
2017-04,BRK.B,40,609826886.53,253
2017-04,AMGN,41,601112148.06,253
2017-04,CVS,42,585029289.26,253
2017-04,BA,43,575994383.38,253
2017-04,NKE,44,569513293.97,253
2017-04,UNH,45,568710863.43,253
2017-04,ORCL,46,567389690.22,253
2017-04,BHC,47,553781150.08,253
2017-04,SBUX,48,548748045.5,253
2017-04,SLB,49,539407596.91,253
2017-04,BIIB,50,536832840.37,253
2017-04,CELG,51,524521276.83,253
2017-04,ABBV,52,514696028.76,253
2017-04,AVGO,53,505512321.7,253
2017-04,PEP,54,505298565.94,253
2017-04,LMT,55,502724308.1,253
2017-04,PM,56,502071288.54,253
2017-04,MU,57,496680231.8,253
2017-04,BIDU,58,494260642.53,253
2017-04,GM,59,488830585.9,253
2017-04,F,60,471354171.3,253
2017-04,MS,61,463335603.78,253
2017-04,MO,62,459314968.58,253
2017-04,CMG,63,458632158.58,253
2017-04,MDT,64,457796804.53,253
2017-04,CAT,65,453996902.84,253
2017-04,TGT,66,453672660.15,253
2017-04,DAL,67,445832425.8,253
2017-04,HAL,68,445654383.38,253
2017-04,CRM,69,441700693.11,253
2017-04,LOW,70,438864702.57,253
2017-04,FCX,71,437210917.62,253
2017-04,UNP,72,418083017.13,253
2017-04,AMD,73,416740226.55,253
2017-04,AIG,74,414884491.31,253
2017-04,ABT,75,411918339.44,253
2017-04,COST,76,405889755.71,253
2017-04,MA,77,401536524.88,253
2017-04,RTX,78,396883408.2,253
2017-04,TXN,79,393862748.78,253
2017-04,MDLZ,80,392999116.8,253
2017-04,NXPI,81,387106048.31,253
2017-04,HON,82,386390605.42,253
2017-04,COP,83,385208562.5,253
2017-04,DOW,84,385197282.28,253
2017-04,DD,85,385197282.28,253
2017-04,MMM,86,373022837.18,253
2017-04,LLY,87,371133031.36,253
2017-04,REGN,88,367853716.77,253
2017-04,USB,89,357563275.17,253
2017-04,TEVA,90,356608132.91,253
2017-04,AMAT,91,355510590.38,253
2017-04,OXY,92,354594775.4,253
2017-04,VLO,93,350974856.6,253
2017-04,MET,94,345641360.42,253
2017-04,AAL,95,343616350.12,253
2017-04,AXP,96,335578602.15,253
2017-04,PYPL,97,332251373.98,253
2017-04,EOG,98,330760471.5,253
2017-04,CSX,99,330658415.36,253
2017-04,B,100,330165401.17,253
2017-04,KR,101,322650157.86,253
2017-04,MCK,102,322248424.82,253
2017-04,KMI,103,320710436.32,253
2017-04,EBAY,104,319476746.15,253
2017-04,SPG,105,318895156.79,253
2017-04,UPS,106,315858177.92,253
2017-04,ESRX,107,315394154.82,253
2017-04,CTSH,108,312208033.02,253
2017-04,LUV,109,310502961.51,253
2017-04,SHPG,110,308796585.71,253
2017-04,APC,111,304953401.17,253
2017-04,SCHW,112,304686883.38,253
2017-04,ACN,113,302439123.52,253
2017-04,FDX,114,297751960.79,253
2017-04,HUM,115,296616816.73,253
2017-04,WDC,116,296370306.23,253
2017-04,PNC,117,295095669.77,253
2017-04,DE,118,294009219.12,253
2017-04,NEM,119,293975825.12,253
2017-04,SO,120,293813812.08,253
2017-04,WYNN,121,293150117.7,253
2017-04,JD,122,292532926.5,253
2017-04,KHC,123,288871618.79,253
2017-04,FOXA,124,287948680.32,253
2017-04,ALXN,125,287192983.24,253
2017-04,TJX,126,286060275.61,253
2017-04,UAL,127,285660795.62,253
2017-04,NEE,128,282407220.12,253
2017-04,EXE,129,276870658.44,253
2017-04,DUK,130,276371977.28,253
2017-04,LYB,131,275913648.87,253
2017-04,ADBE,132,275690139.95,253
2017-04,WMB,133,272695244.19,253
2017-04,DVN,134,271211278.25,253
2017-04,JCI,135,270455122.99,253
2017-04,CL,136,269563030.82,253
2017-04,NTES,137,268880897.16,253
2017-04,DG,138,268133176.04,253
2017-04,RTN,139,267963811.42,253
2017-04,EA,140,267953778.87,253
2017-04,COF,141,267713922.12,253
2017-04,M,142,266257012.93,253
2017-04,MPC,143,265844500.08,253
2017-04,DHR,144,264951139.57,253
2017-04,STZ,145,264252336.85,253
2017-04,TMO,146,261805202.66,253
2017-04,ELV,147,261149411.28,253
2017-04,BAX,148,261146834.87,253
2017-04,MYL,149,259639918.72,253
2017-04,MAR,150,259499226.83,253
2017-05,AAPL,1,3898968254.02,251
2017-05,AMZN,2,2936599562.63,251
2017-05,META,3,2571471901.62,251
2017-05,BAC,4,1951359171.44,251
2017-05,MSFT,5,1711723161.06,251
2017-05,GOOGL,6,1417110220.88,251
2017-05,BABA,7,1342505163.0,251
2017-05,JPM,8,1297324887.72,251
2017-05,GOOG,9,1287453160.33,251
2017-05,WFC,10,1228674567.34,251
2017-05,NVDA,11,1160985716.1,251
2017-05,PG,12,1116470693.84,251
2017-05,XOM,13,1110543608.04,251
2017-05,C,14,1096816261.16,251
2017-05,TSLA,15,1090655781.67,251
2017-05,GE,16,1084479820.4,251
2017-05,T,17,954120953.32,251
2017-05,JNJ,18,914091499.49,251
2017-05,AGN,19,910742745.63,251
2017-05,PFE,20,888430776.32,251
2017-05,INTC,21,856555266.17,251
2017-05,V,22,825161170.64,251
2017-05,GILD,23,816488524.81,251
2017-05,VZ,24,808167679.31,251
2017-05,DIS,25,804926026.17,251
2017-05,CVX,26,787285485.09,251
2017-05,BKNG,27,757160392.47,251
2017-05,GS,28,754281480.49,251
2017-05,CSCO,29,736826337.16,251
2017-05,HD,30,688874273.69,251
2017-05,CMCSA,31,687228356.36,251
2017-05,BMY,32,680674018.74,251
2017-05,MRK,33,679984609.75,251
2017-05,WMT,34,679647564.7,251
2017-05,QCOM,35,672192484.56,251
2017-05,IBM,36,662508198.45,251
2017-05,CHTR,37,632406721.72,251
2017-05,BRK.B,38,628090521.53,251
2017-05,KO,39,613516346.01,251
2017-05,MCD,40,610566891.03,251
2017-05,AMGN,41,602113289.19,251
2017-05,CVS,42,596871879.0,251
2017-05,UNH,43,578697707.53,251
2017-05,ORCL,44,575531979.21,251
2017-05,BA,45,566561576.92,251
2017-05,NKE,46,562685188.4,251
2017-05,SBUX,47,549325037.77,251
2017-05,MU,48,530251192.86,251
2017-05,BIIB,49,529473795.82,251
2017-05,SLB,50,525703304.43,251
2017-05,CELG,51,514422555.25,251
2017-05,ABBV,52,512271928.64,251
2017-05,PM,53,509242894.55,251
2017-05,AVGO,54,508393532.14,251
2017-05,LMT,55,507696998.36,251
2017-05,PEP,56,497869988.33,251
2017-05,GM,57,496885957.56,251
2017-05,BIDU,58,495714822.28,251
2017-05,BHC,59,481780394.46,251
2017-05,F,60,471289638.55,251
2017-05,MS,61,469701672.86,251
2017-05,AMD,62,464781018.89,251
2017-05,CAT,63,464213984.31,251
2017-05,MO,64,461915467.4,251
2017-05,CMG,65,459486976.06,251
2017-05,TGT,66,454449447.24,251
2017-05,CRM,67,452391399.93,251
2017-05,MDT,68,450717133.34,251
2017-05,LOW,69,444012169.77,251
2017-05,HAL,70,440734741.12,251
2017-05,DAL,71,439689772.22,251
2017-05,AIG,72,418450749.5,251
2017-05,FCX,73,415967139.76,251
2017-05,UNP,74,414396136.93,251
2017-05,ABT,75,409092061.87,251
2017-05,COST,76,407746219.86,251
2017-05,TXN,77,403603070.06,251
2017-05,HON,78,394603875.55,251
2017-05,MA,79,394124200.62,251
2017-05,RTX,80,392617229.73,251
2017-05,MDLZ,81,387955745.81,251
2017-05,DOW,82,385489228.14,251
2017-05,DD,83,385489228.14,251
2017-05,NXPI,84,382292136.94,251
2017-05,LLY,85,379259060.12,251
2017-05,MMM,86,377738492.2,251
2017-05,COP,87,377264725.68,251
2017-05,AMAT,88,362986373.56,251
2017-05,REGN,89,361373834.96,251
2017-05,USB,90,360552452.61,251
2017-05,OXY,91,355320634.5,251
2017-05,MET,92,350020866.26,251
2017-05,VLO,93,348529099.29,251
2017-05,TEVA,94,347764661.33,251
2017-05,CSX,95,342754494.14,251
2017-05,AAL,96,338298261.6,251
2017-05,AXP,97,337625875.34,251
2017-05,PYPL,98,335567206.66,251
2017-05,B,99,328869109.98,251
2017-05,EOG,100,327497983.85,251
2017-05,SPG,101,324451378.09,251
2017-05,UPS,102,321678137.1,251
2017-05,EBAY,103,321224200.9,251
2017-05,MCK,104,321149181.57,251
2017-05,ESRX,105,319330482.26,251
2017-05,KR,106,318080790.12,251
2017-05,SCHW,107,316207214.31,251
2017-05,CTSH,108,315356496.7,251
2017-05,KMI,109,313192746.27,251
2017-05,FDX,110,309957593.35,251
2017-05,WDC,111,309252640.71,251
2017-05,LUV,112,307856081.67,251
2017-05,HUM,113,307025872.63,251
2017-05,PNC,114,302757108.36,251
2017-05,APC,115,302464222.42,251
2017-05,ACN,116,302069407.42,251
2017-05,SO,117,298449352.58,251
2017-05,NEM,118,292715859.84,251
2017-05,DE,119,292608617.05,251
2017-05,TJX,120,290204046.3,251
2017-05,KHC,121,289117642.19,251
2017-05,UAL,122,288668325.63,251
2017-05,ALXN,123,287482117.22,251
2017-05,JD,124,286358818.52,251
2017-05,SHPG,125,285962813.82,251
2017-05,WYNN,126,285896585.43,251
2017-05,NEE,127,284814014.15,251
2017-05,FOXA,128,281670908.75,251
2017-05,NTES,129,281201209.77,251
2017-05,ADBE,130,278516006.5,251
2017-05,DUK,131,275272890.66,251
2017-05,EXE,132,274875405.74,251
2017-05,COF,133,272950861.26,251
2017-05,LYB,134,270778448.01,251
2017-05,CL,135,270778247.43,251
2017-05,DHR,136,270742758.96,251
2017-05,JCI,137,270157258.03,251
2017-05,RTN,138,269685384.39,251
2017-05,WMB,139,269669706.57,251
2017-05,EA,140,268797753.5,251
2017-05,TMO,141,268243888.13,251
2017-05,STZ,142,266908024.96,251
2017-05,DG,143,266051562.14,251
2017-05,M,144,265384641.0,251
2017-05,MPC,145,264482354.44,251
2017-05,ELV,146,262623033.32,251
2017-05,AMT,147,259504786.43,251
2017-05,HPE,148,258447595.14,251
2017-05,MYL,149,255024787.86,251
2017-05,GD,150,255007798.35,251
2017-06,AAPL,1,3945712691.18,252
2017-06,AMZN,2,2971007838.65,252
2017-06,META,3,2589381633.13,252
2017-06,BAC,4,1998871699.2,252
2017-06,MSFT,5,1742719322.87,252
2017-06,GOOGL,6,1451089742.72,252
2017-06,NVDA,7,1366054717.45,252
2017-06,BABA,8,1347172988.96,252
2017-06,JPM,9,1319695074.96,252
2017-06,GOOG,10,1306573443.36,252
2017-06,WFC,11,1237049793.86,252
2017-06,TSLA,12,1184561630.73,252
2017-06,PG,13,1117255523.61,252
2017-06,C,14,1105638172.32,252
2017-06,XOM,15,1099558143.06,252
2017-06,GE,16,1092558850.16,252
2017-06,T,17,962558141.62,252
2017-06,JNJ,18,901933690.77,252
2017-06,AGN,19,879652217.2,252
2017-06,PFE,20,871385205.62,252
2017-06,INTC,21,864440305.14,252
2017-06,V,22,839208376.89,252
2017-06,VZ,23,818741279.02,252
2017-06,DIS,24,805932259.23,252
2017-06,GILD,25,787399354.19,252
2017-06,BKNG,26,783354342.24,252
2017-06,CVX,27,781990348.2,252
2017-06,GS,28,778766432.35,252
2017-06,CSCO,29,748667766.65,252
2017-06,CMCSA,30,698620662.91,252
2017-06,MRK,31,692298947.78,252
2017-06,QCOM,32,688063073.96,252
2017-06,HD,33,685268595.05,252
2017-06,BMY,34,681901359.24,252
2017-06,IBM,35,679511580.04,252
2017-06,WMT,36,670125578.7,252
2017-06,BRK.B,37,641217429.09,252
2017-06,KO,38,613794776.45,252
2017-06,AMGN,39,609654103.82,252
2017-06,CVS,40,595004899.73,252
2017-06,UNH,41,593363705.02,252
2017-06,MCD,42,589723044.02,252
2017-06,CHTR,43,583880070.05,252
2017-06,ORCL,44,580343435.05,252
2017-06,BA,45,571249780.73,252
2017-06,MU,46,564875871.98,252
2017-06,NKE,47,564726507.7,252
2017-06,SBUX,48,550715763.23,252
2017-06,AMD,49,533478326.78,252
2017-06,SLB,50,530414459.75,252
2017-06,BIIB,51,529790136.52,252
2017-06,AVGO,52,528615409.49,252
2017-06,CELG,53,518744665.87,252
2017-06,GM,54,513183926.51,252
2017-06,PM,55,511840681.95,252
2017-06,LMT,56,505650559.86,252
2017-06,ABBV,57,494081695.23,252
2017-06,PEP,58,491310533.5,252
2017-06,F,59,481267604.06,252
2017-06,CAT,60,474459214.42,252
2017-06,MO,61,472310114.7,252
2017-06,MS,62,471429683.71,252
2017-06,CRM,63,461885805.06,252
2017-06,BIDU,64,455241413.9,252
2017-06,LOW,65,454714176.65,252
2017-06,CMG,66,454541525.73,252
2017-06,MDT,67,451229792.92,252
2017-06,HAL,68,442827964.07,252
2017-06,TGT,69,441265686.58,252
2017-06,DAL,70,434124778.69,252
2017-06,AIG,71,429543618.0,252
2017-06,BHC,72,425745578.18,252
2017-06,UNP,73,416922779.3,252
2017-06,TXN,74,409175001.38,252
2017-06,MA,75,405821402.79,252
2017-06,COST,76,403270582.62,252
2017-06,HON,77,400858812.35,252
2017-06,ABT,78,392722907.43,252
2017-06,MDLZ,79,392253614.38,252
2017-06,FCX,80,391809410.8,252
2017-06,DOW,81,390514044.04,252
2017-06,DD,82,390514044.04,252
2017-06,RTX,83,389728231.07,252
2017-06,MMM,84,385382950.98,252
2017-06,COP,85,380058272.01,252
2017-06,LLY,86,379387252.84,252
2017-06,NXPI,87,378720513.35,252
2017-06,AMAT,88,375829066.74,252
2017-06,REGN,89,364015398.1,252
2017-06,CSX,90,362678183.56,252
2017-06,USB,91,358545816.09,252
2017-06,OXY,92,354743300.28,252
2017-06,MET,93,351019365.21,252
2017-06,VLO,94,343818171.83,252
2017-06,PYPL,95,341222464.62,252
2017-06,TEVA,96,336080149.57,252
2017-06,AAL,97,334360764.57,252
2017-06,EOG,98,332220113.05,252
2017-06,AXP,99,332037711.12,252
2017-06,SPG,100,328931665.6,252
2017-06,EBAY,101,327433895.53,252
2017-06,HUM,102,324379064.75,252
2017-06,SCHW,103,322969744.6,252
2017-06,UPS,104,321031877.79,252
2017-06,ESRX,105,319658070.53,252
2017-06,CTSH,106,319221038.75,252
2017-06,KR,107,319065405.83,252
2017-06,B,108,316795401.24,252
2017-06,MCK,109,316388774.56,252
2017-06,KMI,110,313580826.53,252
2017-06,WDC,111,312562951.14,252
2017-06,FDX,112,311509193.26,252
2017-06,ALXN,113,310191352.82,252
2017-06,APC,114,309570405.01,252
2017-06,LUV,115,308886048.22,252
2017-06,PNC,116,307499302.28,252
2017-06,ACN,117,303438854.26,252
2017-06,DE,118,299223708.96,252
2017-06,TJX,119,296174184.45,252
2017-06,FOXA,120,293742957.62,252
2017-06,SO,121,293709936.45,252
2017-06,NTES,122,292501393.54,252
2017-06,NEE,123,289738556.0,252
2017-06,ADBE,124,289009790.32,252
2017-06,UAL,125,289007549.6,252
2017-06,WYNN,126,286214349.87,252
2017-06,JD,127,283900475.57,252
2017-06,KHC,128,281083409.88,252
2017-06,CL,129,280272761.33,252
2017-06,NEM,130,279188519.61,252
2017-06,EXE,131,277174472.58,252
2017-06,EA,132,276401488.3,252
2017-06,COF,133,275759530.85,252
2017-06,TMO,134,273066895.29,252
2017-06,LYB,135,272599911.88,252
2017-06,DUK,136,271746681.51,252
2017-06,RTN,137,270009735.33,252
2017-06,DHR,138,269732031.64,252
2017-06,AZO,139,268643140.55,252
2017-06,JCI,140,268598617.81,252
2017-06,STZ,141,268497647.12,252
2017-06,AMT,142,267688515.22,252
2017-06,MPC,143,267500894.35,252
2017-06,WMB,144,266904347.11,252
2017-06,ELV,145,263477568.18,252
2017-06,HPE,146,263028420.97,252
2017-06,M,147,260756029.25,252
2017-06,DG,148,260109742.89,252
2017-06,EXPE,149,258718525.1,252
2017-06,ORLY,150,257679581.07,252
2017-07,AAPL,1,4063076392.75,252
2017-07,AMZN,2,3143567252.62,252
2017-07,META,3,2640473486.12,252
2017-07,BAC,4,2043827140.9,252
2017-07,MSFT,5,1757877320.16,252
2017-07,NVDA,6,1690861712.92,252
2017-07,BABA,7,1541980884.28,252
2017-07,GOOGL,8,1506443611.28,252
2017-07,GOOG,9,1367220443.84,252
2017-07,TSLA,10,1355355542.33,252
2017-07,JPM,11,1340555924.03,252
2017-07,WFC,12,1238071383.99,252
2017-07,PG,13,1115896230.91,252
2017-07,C,14,1112267233.6,252
2017-07,XOM,15,1111933451.57,252
2017-07,GE,16,1094031425.41,252
2017-07,T,17,943287445.48,252
2017-07,JNJ,18,903471921.21,252
2017-07,INTC,19,874602425.73,252
2017-07,PFE,20,852382426.61,252
2017-07,AGN,21,849800028.37,252
2017-07,V,22,847891844.19,252
2017-07,DIS,23,818263249.89,252
2017-07,VZ,24,801914880.1,252
2017-07,GS,25,795393085.27,252
2017-07,GILD,26,784869776.62,252
2017-07,CVX,27,773157568.51,252
2017-07,BKNG,28,770306752.43,252
2017-07,CSCO,29,753726087.95,252
2017-07,CMCSA,30,718141772.78,252
2017-07,MRK,31,700434276.99,252
2017-07,WMT,32,693169937.16,252
2017-07,HD,33,692533667.84,252
2017-07,QCOM,34,688029006.54,252
2017-07,IBM,35,687939704.84,252
2017-07,BMY,36,679387526.35,252
2017-07,BRK.B,37,641280915.04,252
2017-07,AMD,38,636940773.38,252
2017-07,AMGN,39,633844541.21,252
2017-07,MU,40,630087007.34,252
2017-07,KO,41,610865198.56,252
2017-07,UNH,42,602754933.72,252
2017-07,CVS,43,594604396.82,252
2017-07,ORCL,44,587162150.77,252
2017-07,CHTR,45,578728152.78,252
2017-07,MCD,46,570248363.81,252
2017-07,BA,47,569838083.78,252
2017-07,AVGO,48,564703447.48,252
2017-07,NKE,49,555966065.96,252
2017-07,SBUX,50,551937631.51,252
2017-07,SLB,51,537606108.6,252
2017-07,CELG,52,533265413.61,252
2017-07,BIIB,53,519286468.98,252
2017-07,GM,54,513426157.35,252
2017-07,PM,55,503695521.75,252
2017-07,LMT,56,500134348.8,252
2017-07,CAT,57,489546482.06,252
2017-07,PEP,58,486054836.28,252
2017-07,F,59,478848620.84,252
2017-07,ABBV,60,477981524.14,252
2017-07,CRM,61,476853228.32,252
2017-07,MS,62,473511168.02,252
2017-07,MO,63,469349546.45,252
2017-07,LOW,64,460938799.98,252
2017-07,CMG,65,450540901.74,252
2017-07,BIDU,66,446663304.17,252
2017-07,HAL,67,446117029.25,252
2017-07,TGT,68,444401935.2,252
2017-07,COST,69,443404397.7,252
2017-07,MDT,70,442865626.19,252
2017-07,DAL,71,428398824.91,252
2017-07,AIG,72,422464714.02,252
2017-07,UNP,73,416693862.89,252
2017-07,TXN,74,414038793.16,252
2017-07,MA,75,404244276.78,252
2017-07,HON,76,403730332.64,252
2017-07,BHC,77,397300971.83,252
2017-07,AMAT,78,389891314.08,252
2017-07,ABT,79,389657856.2,252
2017-07,MDLZ,80,389625345.8,252
2017-07,MMM,81,387918111.84,252
2017-07,NXPI,82,387036431.28,252
2017-07,REGN,83,385902371.05,252
2017-07,CSX,84,385576646.76,252
2017-07,DOW,85,383925762.08,252
2017-07,DD,86,383925762.08,252
2017-07,COP,87,383172607.21,252
2017-07,RTX,88,379460119.88,252
2017-07,LLY,89,374467462.81,252
2017-07,FCX,90,373725277.63,252
2017-07,USB,91,363597015.77,252
2017-07,OXY,92,359382363.67,252
2017-07,PYPL,93,356301328.82,252
2017-07,MET,94,346642983.54,252
2017-07,VLO,95,340013310.62,252
2017-07,EOG,96,339743431.45,252
2017-07,HUM,97,336182818.12,252
2017-07,KR,98,334335514.3,252
2017-07,SPG,99,334333407.06,252
2017-07,TEVA,100,333420747.1,252
2017-07,EBAY,101,332670825.43,252
2017-07,AAL,102,328941030.93,252
2017-07,AXP,103,326948664.35,252
2017-07,CTSH,104,323842624.27,252
2017-07,UPS,105,322671006.23,252
2017-07,WDC,106,322451340.63,252
2017-07,SCHW,107,319458078.05,252
2017-07,MCK,108,318590259.16,252
2017-07,ESRX,109,318249817.69,252
2017-07,FDX,110,318231785.75,252
2017-07,ALXN,111,316037947.1,252
2017-07,APC,112,312069964.92,252
2017-07,NTES,113,311330425.49,252
2017-07,KMI,114,310199796.1,252
2017-07,PNC,115,309379613.64,252
2017-07,ACN,116,308567684.07,252
2017-07,LUV,117,307840956.95,252
2017-07,ADBE,118,306294489.65,252
2017-07,DE,119,306248898.62,252
2017-07,TJX,120,304326982.55,252
2017-07,JD,121,301691374.16,252
2017-07,FOXA,122,297241464.88,252
2017-07,B,123,296698336.72,252
2017-07,EA,124,294225832.6,252
2017-07,NEE,125,294188363.28,252
2017-07,SO,126,289274264.18,252
2017-07,UAL,127,287634140.5,252
2017-07,WYNN,128,285622647.98,252
2017-07,EXE,129,280471676.68,252
2017-07,KHC,130,279204963.51,252
2017-07,CL,131,278827710.0,252
2017-07,AZO,132,275659726.57,252
2017-07,TMO,133,273081705.36,252
2017-07,AMT,134,270128389.69,252
2017-07,ORLY,135,269863347.06,252
2017-07,JCI,136,269732934.57,252
2017-07,ELV,137,269721460.53,252
2017-07,LRCX,138,269582552.16,252
2017-07,MPC,139,269221236.93,252
2017-07,DUK,140,268582047.08,252
2017-07,COF,141,268501195.81,252
2017-07,STZ,142,267660858.8,252
2017-07,NEM,143,265853451.83,252
2017-07,RTN,144,265790951.73,252
2017-07,LYB,145,265729825.6,252
2017-07,DHR,146,265712515.44,252
2017-07,MAR,147,264921604.54,252
2017-07,DG,148,263984312.84,252
2017-07,EXPE,149,262786305.68,252
2017-07,HPE,150,262389041.27,252
2017-08,AAPL,1,4045756744.82,252
2017-08,AMZN,2,3262365842.26,252
2017-08,META,3,2690283433.91,252
2017-08,BAC,4,2085977127.16,252
2017-08,NVDA,5,1902738312.11,252
2017-08,MSFT,6,1754144695.33,252
2017-08,BABA,7,1644373192.59,252
2017-08,GOOGL,8,1573426894.96,252
2017-08,TSLA,9,1527013321.29,252
2017-08,GOOG,10,1419878913.31,252
2017-08,JPM,11,1371626788.0,252
2017-08,WFC,12,1242060027.27,252
2017-08,C,13,1137425221.19,252
2017-08,PG,14,1108926595.5,252
2017-08,XOM,15,1096936757.15,252
2017-08,GE,16,1080412273.94,252
2017-08,T,17,957623837.76,252
2017-08,JNJ,18,894320208.83,252
2017-08,INTC,19,863105620.37,252
2017-08,V,20,852687714.21,252
2017-08,PFE,21,840709699.75,252
2017-08,AGN,22,828210692.89,252
2017-08,DIS,23,816286414.49,252
2017-08,GS,24,810989632.41,252
2017-08,VZ,25,798916330.17,252
2017-08,BKNG,26,771292824.47,252
2017-08,CVX,27,761880324.76,252
2017-08,GILD,28,749790850.63,252
2017-08,CSCO,29,744412883.44,252
2017-08,CMCSA,30,727342554.14,252
2017-08,AMD,31,716012705.91,252
2017-08,HD,32,713370390.6,252
2017-08,MRK,33,705332821.84,252
2017-08,IBM,34,700608290.93,252
2017-08,WMT,35,696979896.2,252
2017-08,BMY,36,679205794.2,252
2017-08,QCOM,37,678960278.59,252
2017-08,MU,38,669124360.17,252
2017-08,BRK.B,39,645631475.31,252
2017-08,AMGN,40,635674598.89,252
2017-08,UNH,41,606077341.35,252
2017-08,KO,42,604025527.03,252
2017-08,BA,43,598196616.85,252
2017-08,CHTR,44,596428376.47,252
2017-08,ORCL,45,594008667.07,252
2017-08,CVS,46,590686785.56,252
2017-08,AVGO,47,581523106.68,252
2017-08,MCD,48,558069392.41,252
2017-08,SBUX,49,556962510.95,252
2017-08,NKE,50,556099188.02,252
2017-08,SLB,51,536986743.69,252
2017-08,CELG,52,531845800.56,252
2017-08,BIIB,53,509951100.34,252
2017-08,PM,54,507521914.81,252
2017-08,GM,55,506140758.99,252
2017-08,CAT,56,496127886.65,252
2017-08,MO,57,484912342.44,252
2017-08,CRM,58,480012129.16,252
2017-08,PEP,59,479011830.17,252
2017-08,MS,60,473186388.59,252
2017-08,COST,61,472745097.25,252
2017-08,F,62,470323215.23,252
2017-08,CMG,63,469850186.47,252
2017-08,LOW,64,469250436.14,252
2017-08,ABBV,65,466825628.68,252
2017-08,LMT,66,466277449.36,252
2017-08,BIDU,67,460400463.15,252
2017-08,HAL,68,449488579.95,252
2017-08,TGT,69,445791080.19,252
2017-08,MDT,70,439444308.04,252
2017-08,DAL,71,426809305.49,252
2017-08,AIG,72,420048600.99,252
2017-08,UNP,73,416486714.59,252
2017-08,CSX,74,406369457.24,252
2017-08,TXN,75,406201415.21,252
2017-08,AMAT,76,403211826.73,252
2017-08,MA,77,400783420.34,252
2017-08,HON,78,400468743.4,252
2017-08,REGN,79,391289617.29,252
2017-08,MMM,80,390477798.0,252
2017-08,MDLZ,81,383342428.96,252
2017-08,COP,82,382533402.95,252
2017-08,DOW,83,380835895.66,252
2017-08,DD,84,380835895.66,252
2017-08,ABT,85,374827865.47,252
2017-08,LLY,86,373801616.5,252
2017-08,NXPI,87,372974231.76,252
2017-08,RTX,88,372808028.95,252
2017-08,PYPL,89,371742851.13,252
2017-08,BHC,90,368333244.39,252
2017-08,USB,91,368270709.44,252
2017-08,FCX,92,361361887.99,252
2017-08,OXY,93,356061320.32,252
2017-08,EOG,94,345791430.23,252
2017-08,MET,95,339502932.24,252
2017-08,SPG,96,334872964.94,252
2017-08,WDC,97,332929902.06,252
2017-08,KR,98,331018560.23,252
2017-08,VLO,99,330965308.74,252
2017-08,EBAY,100,330455650.33,252
2017-08,AXP,101,328989776.36,252
2017-08,TEVA,102,326036440.24,252
2017-08,FDX,103,325802340.87,252
2017-08,UPS,104,324406933.4,252
2017-08,CTSH,105,322350797.87,252
2017-08,SCHW,106,321599240.43,252
2017-08,AAL,107,319235455.68,252
2017-08,NTES,108,318472216.52,252
2017-08,MCK,109,318467882.26,252
2017-08,ALXN,110,316818395.61,252
2017-08,JD,111,316013040.9,252
2017-08,PNC,112,313459067.16,252
2017-08,TJX,113,312976053.79,252
2017-08,ADBE,114,312703498.25,252
2017-08,APC,115,312174166.36,252
2017-08,ESRX,116,312049419.23,252
2017-08,HUM,117,308677039.95,252
2017-08,LUV,118,307031088.81,252
2017-08,ACN,119,305901996.49,252
2017-08,DE,120,305374332.49,252
2017-08,EA,121,300201768.29,252
2017-08,UAL,122,298248744.74,252
2017-08,ORLY,123,297893671.15,252
2017-08,FOXA,124,296908844.42,252
2017-08,KMI,125,295640842.51,252
2017-08,NEE,126,292574394.92,252
2017-08,WYNN,127,289630628.11,252
2017-08,AZO,128,289527327.8,252
2017-08,LRCX,129,286129929.96,252
2017-08,KHC,130,280776009.21,252
2017-08,SO,131,280253468.67,252
2017-08,CL,132,280112746.97,252
2017-08,TMO,133,277653725.43,252
2017-08,EXE,134,277068539.06,252
2017-08,B,135,276942073.78,252
2017-08,ISRG,136,274302455.02,252
2017-08,STZ,137,272864838.0,252
2017-08,JCI,138,271777818.05,252
2017-08,AMT,139,270133849.53,252
2017-08,ELV,140,269461250.53,252
2017-08,COF,141,268490027.15,252
2017-08,MPC,142,264287211.11,252
2017-08,MAR,143,263281261.0,252
2017-08,EXPE,144,263193882.2,252
2017-08,DG,145,262550066.84,252
2017-08,DUK,146,262458846.48,252
2017-08,LYB,147,262439296.67,252
2017-08,HPE,148,261733451.21,252
2017-08,RTN,149,260189811.11,252
2017-08,DHR,150,258383244.69,252
2017-09,AAPL,1,4200507395.4,252
2017-09,AMZN,2,3414274637.16,252
2017-09,META,3,2716680928.84,252
2017-09,BAC,4,2109196726.34,252
2017-09,NVDA,5,2093903459.78,252
2017-09,BABA,6,1789742871.05,252
2017-09,MSFT,7,1780705817.71,252
2017-09,TSLA,8,1662757954.92,252
2017-09,GOOGL,9,1606781422.28,252
2017-09,GOOG,10,1442152448.05,252
2017-09,JPM,11,1396977954.96,252
2017-09,WFC,12,1257084880.86,252
2017-09,C,13,1165106067.42,252
2017-09,PG,14,1090087742.81,252
2017-09,XOM,15,1083347501.93,252
2017-09,GE,16,1080646514.96,252
2017-09,T,17,951004799.23,252
2017-09,JNJ,18,885824919.21,252
2017-09,INTC,19,881817292.67,252
2017-09,V,20,868799348.41,252
2017-09,GS,21,833159126.6,252
2017-09,DIS,22,826399579.36,252
2017-09,PFE,23,824889342.6,252
2017-09,BKNG,24,805517761.74,252
2017-09,AGN,25,802546692.85,252
2017-09,VZ,26,801796716.99,252
2017-09,AMD,27,760083726.93,252
2017-09,CVX,28,756559190.37,252
2017-09,GILD,29,749248677.23,252
2017-09,CMCSA,30,741188188.47,252
2017-09,CSCO,31,740547359.88,252
2017-09,HD,32,734258992.01,252
2017-09,MU,33,702381188.03,252
2017-09,IBM,34,702063537.47,252
2017-09,WMT,35,700954328.76,252
2017-09,MRK,36,681180695.22,252
2017-09,QCOM,37,676953122.89,252
2017-09,BRK.B,38,659764482.14,252
2017-09,BA,39,648472250.66,252
2017-09,CHTR,40,624618396.35,252
2017-09,AMGN,41,623531356.48,252
2017-09,UNH,42,619455294.27,252
2017-09,AVGO,43,612034546.26,252
2017-09,BMY,44,611983309.45,252
2017-09,KO,45,601763967.94,252
2017-09,ORCL,46,600561332.37,252
2017-09,CVS,47,584214063.53,252
2017-09,SBUX,48,569503411.73,252
2017-09,NKE,49,554501851.44,252
2017-09,MCD,50,553941509.3,252
2017-09,SLB,51,535140070.43,252
2017-09,CELG,52,530516505.07,252
2017-09,PM,53,514092649.55,252
2017-09,MO,54,505393067.98,252
2017-09,CAT,55,502620287.69,252
2017-09,GM,56,500994288.79,252
2017-09,COST,57,499895156.68,252
2017-09,BIDU,58,486552453.65,252
2017-09,BIIB,59,484972343.74,252
2017-09,CRM,60,482890937.96,252
2017-09,PEP,61,482075326.48,252
2017-09,LOW,62,478278319.42,252
2017-09,MS,63,475708672.58,252
2017-09,CMG,64,469548152.26,252
2017-09,F,65,467328699.11,252
2017-09,ABBV,66,455513941.52,252
2017-09,HAL,67,448413632.68,252
2017-09,TGT,68,446381133.27,252
2017-09,MDT,69,444352884.44,252
2017-09,DAL,70,427274808.88,252
2017-09,CSX,71,425197367.94,252
2017-09,UNP,72,422737938.46,252
2017-09,AIG,73,421132606.01,252
2017-09,HON,74,412688144.26,252
2017-09,AMAT,75,410276742.13,252
2017-09,TXN,76,407068550.31,252
2017-09,MA,77,407035657.41,252
2017-09,MMM,78,398147981.39,252
2017-09,DOW,79,397613759.95,252
2017-09,DD,80,397613759.95,252
2017-09,MDLZ,81,396104602.75,252
2017-09,REGN,82,391691069.02,252
2017-09,PYPL,83,385320264.45,252
2017-09,RTX,84,384196016.55,252
2017-09,COP,85,382383419.29,252
2017-09,LLY,86,375469966.12,252
2017-09,NXPI,87,371126646.74,252
2017-09,USB,88,367631433.49,252
2017-09,FCX,89,360158218.29,252
2017-09,ABT,90,354708719.08,252
2017-09,TEVA,91,349790058.55,252
2017-09,OXY,92,348636990.01,252
2017-09,WDC,93,347924637.22,252
2017-09,EOG,94,347458385.04,252
2017-09,JD,95,347023120.25,252
2017-09,LMT,96,342558297.77,252
2017-09,NTES,97,338859224.13,252
2017-09,MET,98,337750505.53,252
2017-09,SPG,99,336467690.26,252
2017-09,AXP,100,332671983.17,252
2017-09,FDX,101,329797469.25,252
2017-09,EBAY,102,329140374.49,252
2017-09,UPS,103,326752402.18,252
2017-09,KR,104,324835561.0,252
2017-09,CTSH,105,324391293.74,252
2017-09,VLO,106,324091569.76,252
2017-09,PNC,107,323089310.93,252
2017-09,SCHW,108,322370857.49,252
2017-09,MCK,109,321791779.1,252
2017-09,HUM,110,321023894.24,252
2017-09,ADBE,111,318978035.34,252
2017-09,ALXN,112,318286078.07,252
2017-09,TJX,113,316181910.27,252
2017-09,AAL,114,315865612.11,252
2017-09,LUV,115,314002544.28,252
2017-09,APC,116,310202192.8,252
2017-09,ORLY,117,310174756.2,252
2017-09,ACN,118,305339656.59,252
2017-09,DE,119,304677333.92,252
2017-09,UAL,120,303320404.74,252
2017-09,ADP,121,302194572.06,252
2017-09,LRCX,122,301173104.42,252
2017-09,ESRX,123,300146418.63,252
2017-09,BHC,124,299998651.83,252
2017-09,EA,125,296726990.63,252
2017-09,AZO,126,295647071.1,252
2017-09,ISRG,127,291467444.44,252
2017-09,WYNN,128,289843494.02,252
2017-09,NEE,129,289710190.49,252
2017-09,TMO,130,288061889.19,252
2017-09,KHC,131,287481868.09,252
2017-09,FOXA,132,286472942.55,252
2017-09,KMI,133,286338416.67,252
2017-09,CL,134,282829943.52,252
2017-09,STZ,135,279817921.16,252
2017-09,EXPE,136,275380246.58,252
2017-09,SO,137,272947130.53,252
2017-09,ELV,138,272585435.81,252
2017-09,AMT,139,271685197.9,252
2017-09,MAR,140,270926852.63,252
2017-09,RTN,141,266995968.6,252
2017-09,COF,142,266421114.14,252
2017-09,EXE,143,264609924.59,252
2017-09,JCI,144,264399006.6,252
2017-09,B,145,264271910.6,252
2017-09,MPC,146,263686807.25,252
2017-09,BNY,147,263275486.39,252
2017-09,CCI,148,262995926.43,252
2017-09,DHR,149,261147219.58,252
2017-09,LYB,150,258939559.54,252
2017-10,AAPL,1,4219430600.38,251
2017-10,AMZN,2,3444460993.12,251
2017-10,META,3,2740203801.07,251
2017-10,NVDA,4,2304835058.01,251
2017-10,BAC,5,2150610683.85,251
2017-10,BABA,6,1891606077.8,251
2017-10,MSFT,7,1781509165.03,251
2017-10,TSLA,8,1773647482.36,251
2017-10,GOOGL,9,1625176428.03,251
2017-10,GOOG,10,1469955474.61,251
2017-10,JPM,11,1413114746.07,251
2017-10,WFC,12,1197390890.3,251
2017-10,C,13,1182520729.38,251
2017-10,GE,14,1089561549.03,251
2017-10,XOM,15,1063634659.95,251
2017-10,T,16,964921124.72,251
2017-10,JNJ,17,890712853.21,251
2017-10,INTC,18,875023482.54,251
2017-10,V,19,868608578.4,251
2017-10,GS,20,851236271.99,251
2017-10,DIS,21,848338650.59,251
2017-10,PG,22,847812793.51,251
2017-10,PFE,23,829194844.34,251
2017-10,BKNG,24,813609448.77,251
2017-10,VZ,25,803406886.67,251
2017-10,AMD,26,799571003.14,251
2017-10,AGN,27,789522585.0,251
2017-10,CMCSA,28,782972485.79,251
2017-10,MU,29,774470975.3,251
2017-10,HD,30,754719213.4,251
2017-10,GILD,31,751616038.3,251
2017-10,CVX,32,749603739.51,251
2017-10,CSCO,33,743547215.16,251
2017-10,IBM,34,707769201.02,251
2017-10,WMT,35,706276506.04,251
2017-10,BA,36,694437108.06,251
2017-10,MRK,37,676604484.19,251
2017-10,BRK.B,38,667946938.05,251
2017-10,QCOM,39,654805318.6,251
2017-10,ORCL,40,636522279.17,251
2017-10,UNH,41,631253610.15,251
2017-10,AMGN,42,625678402.35,251
2017-10,AVGO,43,617583651.04,251
2017-10,KO,44,598390993.53,251
2017-10,BMY,45,587008036.33,251
2017-10,CHTR,46,585553950.04,251
2017-10,CVS,47,577615750.35,251
2017-10,SBUX,48,570322697.96,251
2017-10,MCD,49,566145925.19,251
2017-10,NKE,50,550408259.87,251
2017-10,CELG,51,539460668.61,251
2017-10,SLB,52,531075177.43,251
2017-10,MO,53,519870893.71,251
2017-10,PM,54,512865289.44,251
2017-10,GM,55,512336658.61,251
2017-10,CAT,56,504622299.0,251
2017-10,COST,57,497093262.8,251
2017-10,BIDU,58,492647471.0,251
2017-10,LOW,59,492022849.93,251
2017-10,ABBV,60,489748797.74,251
2017-10,PEP,61,483306276.29,251
2017-10,BIIB,62,483247200.68,251
2017-10,MS,63,476790118.21,251
2017-10,CRM,64,467533876.37,251
2017-10,F,65,464558989.8,251
2017-10,CMG,66,462977519.91,251
2017-10,HAL,67,454348065.34,251
2017-10,MDT,68,448603842.14,251
2017-10,TGT,69,440145962.35,251
2017-10,CSX,70,435264538.24,251
2017-10,DAL,71,432049741.87,251
2017-10,UNP,72,430638389.19,251
2017-10,DD,73,430054314.84,251
2017-10,AMAT,74,421145760.47,251
2017-10,MA,75,419261820.11,251
2017-10,AIG,76,416580096.86,251
2017-10,HON,77,416519328.96,251
2017-10,TXN,78,413282407.72,251
2017-10,MMM,79,404191611.97,251
2017-10,RTX,80,400610504.39,251
2017-10,MDLZ,81,397929517.55,251
2017-10,REGN,82,396761746.12,251
2017-10,PYPL,83,393143154.48,251
2017-10,COP,84,377991148.87,251
2017-10,LLY,85,375769474.43,251
2017-10,DOW,86,369582874.61,251
2017-10,JD,87,369059335.75,251
2017-10,USB,88,368028371.36,251
2017-10,TEVA,89,358925146.73,251
2017-10,ABT,90,355330743.68,251
2017-10,FCX,91,354965334.36,251
2017-10,WDC,92,354753602.49,251
2017-10,NXPI,93,345466402.54,251
2017-10,NTES,94,344455388.99,251
2017-10,LMT,95,342092186.69,251
2017-10,EOG,96,341558464.77,251
2017-10,OXY,97,338626076.59,251
2017-10,MET,98,337082447.46,251
2017-10,HUM,99,335211777.95,251
2017-10,AXP,100,332795734.95,251
2017-10,SPG,101,331196432.4,251
2017-10,EBAY,102,330784632.97,251
2017-10,FDX,103,330034902.5,251
2017-10,SCHW,104,329532359.32,251
2017-10,ADBE,105,326955483.31,251
2017-10,PNC,106,326276184.67,251
2017-10,UPS,107,325714640.93,251
2017-10,ALXN,108,323763113.7,251
2017-10,KR,109,322751860.23,251
2017-10,VLO,110,322041053.0,251
2017-10,LUV,111,321545262.95,251
2017-10,ADP,112,320808946.19,251
2017-10,AAL,113,318475777.44,251
2017-10,DE,114,315437329.84,251
2017-10,LRCX,115,315215977.85,251
2017-10,TJX,116,315094211.45,251
2017-10,MCK,117,314460023.93,251
2017-10,ORLY,118,311361613.07,251
2017-10,CTSH,119,309789138.06,251
2017-10,UAL,120,309455103.68,251
2017-10,ACN,121,307605911.44,251
2017-10,EA,122,304655373.58,251
2017-10,ESRX,123,299543492.9,251
2017-10,ISRG,124,297611914.2,251
2017-10,KHC,125,293765897.7,251
2017-10,AZO,126,292785120.16,251
2017-10,TMO,127,290476882.58,251
2017-10,APC,128,288815479.61,251
2017-10,NEE,129,287792655.84,251
2017-10,ELV,130,287283330.94,251
2017-10,STZ,131,285045016.73,251
2017-10,AMT,132,281185272.13,251
2017-10,CL,133,279945724.77,251
2017-10,FOXA,134,276676790.57,251
2017-10,BHC,135,276547099.95,251
2017-10,EXPE,136,275889123.24,251
2017-10,WYNN,137,273892887.62,251
2017-10,VALE,138,273539898.59,251
2017-10,RTN,139,270169505.86,251
2017-10,SO,140,268435794.64,251
2017-10,KMI,141,268428465.61,251
2017-10,COF,142,266563933.77,251
2017-10,MPC,143,265046978.86,251
2017-10,MGM,144,264271957.5,251
2017-10,TMUS,145,262872624.71,251
2017-10,BNY,146,260580877.11,251
2017-10,CCI,147,259907541.35,251
2017-10,MAR,148,259060402.09,251
2017-10,BDX,149,258307689.76,251
2017-10,HPE,150,257975128.44,251
2017-11,AAPL,1,4209393620.83,252
2017-11,AMZN,2,3520888876.58,252
2017-11,META,3,2790727580.95,252
2017-11,NVDA,4,2474539053.77,252
2017-11,BAC,5,2179465735.05,252
2017-11,BABA,6,2030100435.32,252
2017-11,TSLA,7,1862579636.78,252
2017-11,MSFT,8,1775272554.5,252
2017-11,GOOGL,9,1653795124.44,252
2017-11,GOOG,10,1482909454.81,252
2017-11,JPM,11,1429120605.18,252
2017-11,C,12,1217916886.56,252
2017-11,WFC,13,1169444951.67,252
2017-11,GE,14,1167764019.7,252
2017-11,XOM,15,1049655160.67,252
2017-11,T,16,984354660.3,252
2017-11,INTC,17,909736940.31,252
2017-11,JNJ,18,892435681.1,252
2017-11,MU,19,873474987.56,252
2017-11,GS,20,865813710.61,252
2017-11,V,21,861621365.89,252
2017-11,DIS,22,847919383.96,252
2017-11,AMD,23,842620999.24,252
2017-11,BKNG,24,826132381.41,252
2017-11,PFE,25,824217524.42,252
2017-11,CMCSA,26,813646955.09,252
2017-11,VZ,27,806218780.04,252
2017-11,AGN,28,791438310.71,252
2017-11,PG,29,785834014.08,252
2017-11,GILD,30,755371470.23,252
2017-11,HD,31,750958254.69,252
2017-11,CVX,32,745479266.51,252
2017-11,CSCO,33,742836209.95,252
2017-11,IBM,34,736438766.62,252
2017-11,WMT,35,725213284.78,252
2017-11,BA,36,721337435.62,252
2017-11,BRK.B,37,676520915.67,252
2017-11,MRK,38,674711896.12,252
2017-11,ORCL,39,663192206.69,252
2017-11,UNH,40,652485224.16,252
2017-11,AVGO,41,640531008.96,252
2017-11,QCOM,42,628380823.72,252
2017-11,AMGN,43,623209399.61,252
2017-11,CELG,44,616801212.67,252
2017-11,CHTR,45,614567858.93,252
2017-11,CVS,46,590768040.65,252
2017-11,KO,47,587589592.55,252
2017-11,SBUX,48,576414867.8,252
2017-11,MCD,49,565123769.96,252
2017-11,NKE,50,562451239.46,252
2017-11,BMY,51,552233146.78,252
2017-11,GM,52,544597707.97,252
2017-11,SLB,53,538503012.67,252
2017-11,BIDU,54,528035148.22,252
2017-11,COST,55,525399595.54,252
2017-11,MO,56,521507579.59,252
2017-11,PM,57,518936777.19,252
2017-11,CAT,58,516927311.86,252
2017-11,ABBV,59,509341467.93,252
2017-11,BIIB,60,493585911.1,252
2017-11,LOW,61,491764658.21,252
2017-11,MS,62,482515756.14,252
2017-11,PEP,63,482232192.02,252
2017-11,F,64,473906643.75,252
2017-11,CMG,65,460930079.72,252
2017-11,MDT,66,457539373.84,252
2017-11,HAL,67,451399762.86,252
2017-11,TGT,68,450544598.7,252
2017-11,DD,69,446226026.95,252
2017-11,CSX,70,440938699.07,252
2017-11,AMAT,71,440019761.77,252
2017-11,UNP,72,429270527.19,252
2017-11,CRM,73,429130117.93,252
2017-11,MA,74,428215057.44,252
2017-11,DAL,75,425726408.15,252
2017-11,PYPL,76,419689962.51,252
2017-11,MMM,77,417156557.54,252
2017-11,TXN,78,417128441.2,252
2017-11,AIG,79,414301799.72,252
2017-11,REGN,80,409524419.02,252
2017-11,HON,81,403420267.4,252
2017-11,JD,82,401270133.71,252
2017-11,MDLZ,83,398399342.47,252
2017-11,RTX,84,396377247.58,252
2017-11,LLY,85,376237610.62,252
2017-11,COP,86,371588734.26,252
2017-11,USB,87,369110719.11,252
2017-11,WDC,88,361058996.75,252
2017-11,ADBE,89,360272484.89,252
2017-11,TEVA,90,355557513.66,252
2017-11,FCX,91,351835167.12,252
2017-11,ABT,92,351455066.8,252
2017-11,NTES,93,349695609.09,252
2017-11,LMT,94,343113808.75,252
2017-11,EOG,95,340046472.85,252
2017-11,HUM,96,339704927.51,252
2017-11,DOW,97,339076821.59,252
2017-11,SCHW,98,333640561.33,252
2017-11,FDX,99,333044079.46,252
2017-11,UPS,100,331902230.83,252
2017-11,ALXN,101,331330817.76,252
2017-11,AXP,102,330620436.21,252
2017-11,OXY,103,329763031.87,252
2017-11,EBAY,104,327546340.98,252
2017-11,ADP,105,326759153.65,252
2017-11,MET,106,326462045.7,252
2017-11,SPG,107,326089378.04,252
2017-11,LRCX,108,323489207.81,252
2017-11,KR,109,322927026.35,252
2017-11,UAL,110,321174661.0,252
2017-11,PNC,111,320722819.89,252
2017-11,VLO,112,319343826.1,252
2017-11,DE,113,319334300.48,252
2017-11,TJX,114,317874608.26,252
2017-11,LUV,115,314172353.9,252
2017-11,AAL,116,313901652.93,252
2017-11,EA,117,311729460.04,252
2017-11,ISRG,118,308767801.27,252
2017-11,ORLY,119,308757812.6,252
2017-11,MCK,120,307789063.99,252
2017-11,ACN,121,305765583.75,252
2017-11,NXPI,122,305136165.77,252
2017-11,CTSH,123,303969246.03,252
2017-11,ESRX,124,303475643.23,252
2017-11,ELV,125,301137516.59,252
2017-11,KHC,126,299213595.67,252
2017-11,STZ,127,294075601.8,252
2017-11,TMO,128,292610265.59,252
2017-11,AZO,129,292311675.89,252
2017-11,APC,130,288728773.19,252
2017-11,EXPE,131,288428516.17,252
2017-11,CL,132,284835690.04,252
2017-11,NEE,133,284177627.49,252
2017-11,AMT,134,283500406.28,252
2017-11,VALE,135,282732379.68,252
2017-11,MGM,136,281455254.62,252
2017-11,WYNN,137,280425457.08,252
2017-11,RTN,138,274403829.5,252
2017-11,FOXA,139,269211753.72,252
2017-11,TMUS,140,267096415.05,252
2017-11,BDX,141,265902286.5,252
2017-11,MAR,142,264322140.12,252
2017-11,SO,143,264051781.19,252
2017-11,COF,144,263191545.26,252
2017-11,MPC,145,262682598.54,252
2017-11,BHC,146,262340268.31,252
2017-11,CCI,147,261683348.5,252
2017-11,LYB,148,259363172.3,252
2017-11,DHR,149,258712859.85,252
2017-11,GD,150,258631929.78,252
2017-12,AAPL,1,4311335563.28,252
2017-12,AMZN,2,3543663224.27,252
2017-12,META,3,2729929447.44,252
2017-12,NVDA,4,2616448480.25,252
2017-12,BABA,5,2217496524.98,252
2017-12,BAC,6,2087241549.91,252
2017-12,TSLA,7,1972401242.51,252
2017-12,MSFT,8,1772229369.67,252
2017-12,GOOGL,9,1623765614.71,252
2017-12,GOOG,10,1452161467.79,252
2017-12,JPM,11,1390335280.89,252
2017-12,GE,12,1218883818.92,252
2017-12,C,13,1185865803.45,252
2017-12,WFC,14,1114169026.07,252
2017-12,XOM,15,1031429533.35,252
2017-12,T,16,1027677289.1,252
2017-12,MU,17,963046216.65,252
2017-12,INTC,18,961566394.71,252
2017-12,JNJ,19,864136599.03,252
2017-12,AMD,20,859535721.95,252
2017-12,BKNG,21,854841522.04,252
2017-12,DIS,22,845925062.18,252
2017-12,V,23,845083938.68,252
2017-12,GS,24,845023187.77,252
2017-12,CMCSA,25,822617672.55,252
2017-12,VZ,26,812721502.7,252
2017-12,PFE,27,769318441.96,252
2017-12,PG,28,758437007.87,252
2017-12,HD,29,754227976.71,252
2017-12,WMT,30,751060032.9,252
2017-12,CSCO,31,742582850.05,252
2017-12,IBM,32,741548676.99,252
2017-12,GILD,33,735830189.48,252
2017-12,BA,34,735604429.24,252
2017-12,CVX,35,717368433.9,252
2017-12,AGN,36,716486285.07,252
2017-12,AVGO,37,687508561.96,252
2017-12,QCOM,38,686563048.59,252
2017-12,MRK,39,673908340.63,252
2017-12,BRK.B,40,672205121.53,252
2017-12,ORCL,41,671020899.43,252
2017-12,UNH,42,639398696.48,252
2017-12,CELG,43,617759149.62,252
2017-12,CHTR,44,615704961.78,252
2017-12,AMGN,45,601916466.91,252
2017-12,KO,46,574645864.59,252
2017-12,SBUX,47,573886313.46,252
2017-12,NKE,48,572957930.7,252
2017-12,CVS,49,566892284.35,252
2017-12,MCD,50,563290872.13,252
2017-12,GM,51,551404143.15,252
2017-12,SLB,52,546193590.21,252
2017-12,BIDU,53,546106982.09,252
2017-12,COST,54,535212065.42,252
2017-12,BMY,55,520715105.54,252
2017-12,MO,56,516729878.94,252
2017-12,CAT,57,506824767.85,252
2017-12,PM,58,505803516.45,252
2017-12,ABBV,59,501206957.68,252
2017-12,LOW,60,494505408.83,252
2017-12,BIIB,61,474868657.54,252
2017-12,F,62,473105050.13,252
2017-12,PEP,63,469306632.27,252
2017-12,MS,64,464296611.66,252
2017-12,AMAT,65,462057476.01,252
2017-12,DD,66,460532572.53,252
2017-12,TGT,67,454537882.72,252
2017-12,PYPL,68,449786929.36,252
2017-12,CMG,69,447730896.73,252
2017-12,MDT,70,444183646.71,252
2017-12,HAL,71,441219724.46,252
2017-12,CSX,72,437818110.45,252
2017-12,JD,73,436233864.22,252
2017-12,MA,74,434320578.1,252
2017-12,CRM,75,428972278.49,252
2017-12,UNP,76,423159888.96,252
2017-12,MMM,77,420260299.67,252
2017-12,TXN,78,414928663.52,252
2017-12,DAL,79,411743297.48,252
2017-12,HON,80,405429966.54,252
2017-12,REGN,81,404633542.56,252
2017-12,AIG,82,402086274.4,252
2017-12,RTX,83,393053939.58,252
2017-12,MDLZ,84,388905572.34,252
2017-12,NTES,85,374209292.66,252
2017-12,ADBE,86,369739713.42,252
2017-12,WDC,87,368639687.41,252
2017-12,COP,88,367908061.0,252
2017-12,USB,89,357985789.24,252
2017-12,ABT,90,348533642.37,252
2017-12,LRCX,91,347500735.2,252
2017-12,LLY,92,346753780.6,252
2017-12,TEVA,93,346170982.23,252
2017-12,HUM,94,340722446.01,252
2017-12,ADP,95,334185343.95,252
2017-12,EOG,96,334141199.91,252
2017-12,LMT,97,332399692.01,252
2017-12,FDX,98,331978813.25,252
2017-12,EBAY,99,331682756.12,252
2017-12,UPS,100,330381888.66,252
2017-12,SPG,101,329546424.08,252
2017-12,AXP,102,326985562.1,252
2017-12,TJX,103,326678684.97,252
2017-12,KR,104,325197125.83,252
2017-12,EA,105,322330686.27,252
2017-12,SCHW,106,320236844.22,252
2017-12,FCX,107,318853076.31,252
2017-12,OXY,108,317986578.73,252
2017-12,DE,109,316287266.49,252
2017-12,ALXN,110,316214586.53,252
2017-12,NXPI,111,313926009.08,252
2017-12,VLO,112,313426056.06,252
2017-12,UAL,113,311860285.61,252
2017-12,ISRG,114,309830343.56,252
2017-12,MET,115,308810626.66,252
2017-12,LUV,116,308296027.62,252
2017-12,ELV,117,308263276.68,252
2017-12,PNC,118,306841782.69,252
2017-12,ORLY,119,304453445.65,252
2017-12,MCK,120,303455101.03,252
2017-12,DOW,121,301833228.71,252
2017-12,AAL,122,301758756.59,252
2017-12,ACN,123,299528367.92,252
2017-12,KHC,124,297358638.57,252
2017-12,AZO,125,296119050.1,252
2017-12,EXPE,126,294808525.6,252
2017-12,ESRX,127,292816929.4,252
2017-12,TMO,128,290185807.2,252
2017-12,APC,129,285160365.36,252
2017-12,CTSH,130,283267478.83,252
2017-12,CL,131,282936132.09,252
2017-12,STZ,132,282625249.83,252
2017-12,MGM,133,279589141.48,252
2017-12,VALE,134,279413106.7,252
2017-12,TMUS,135,279114690.92,252
2017-12,AMT,136,278406164.62,252
2017-12,MAR,137,276119865.14,252
2017-12,FOXA,138,275277717.3,252
2017-12,WYNN,139,272690136.95,252
2017-12,NEE,140,269673393.6,252
2017-12,BDX,141,269485383.45,252
2017-12,RTN,142,267033891.06,252
2017-12,ADI,143,259640434.38,252
2017-12,ULTA,144,257360031.12,252
2017-12,M,145,255821859.16,252
2017-12,MPC,146,255399336.53,252
2017-12,INCY,147,255220268.5,252
2017-12,SO,148,255181655.87,252
2017-12,LYB,149,252935302.93,252
2017-12,BBY,150,252864682.29,252
2018-01,AAPL,1,4428134881.01,251
2018-01,AMZN,2,3609646574.17,251
2018-01,META,3,2779043923.01,251
2018-01,NVDA,4,2636225604.41,251
2018-01,BABA,5,2445979450.73,251
2018-01,TSLA,6,2055418752.53,251
2018-01,BAC,7,2050259981.11,251
2018-01,MSFT,8,1819775515.93,251
2018-01,GOOGL,9,1651250662.43,251
2018-01,GOOG,10,1480062656.12,251
2018-01,JPM,11,1400399831.28,251
2018-01,GE,12,1225642217.5,251
2018-01,C,13,1188482532.57,251
2018-01,WFC,14,1104505163.58,251
2018-01,MU,15,1071433707.86,251
2018-01,T,16,1052525764.76,251
2018-01,XOM,17,1028298165.78,251
2018-01,INTC,18,1014818301.37,251
2018-01,JNJ,19,872875878.35,251
2018-01,DIS,20,866642878.67,251
2018-01,BKNG,21,864295331.32,251
2018-01,CMCSA,22,855209110.61,251
2018-01,V,23,854066917.06,251
2018-01,AMD,24,847448788.36,251
2018-01,VZ,25,825441481.27,251
2018-01,GS,26,810920611.14,251
2018-01,BA,27,784412947.39,251
2018-01,HD,28,782486072.82,251
2018-01,WMT,29,775856944.29,251
2018-01,IBM,30,753462470.15,251
2018-01,PFE,31,752302366.79,251
2018-01,CSCO,32,752001135.4,251
2018-01,PG,33,748967003.58,251
2018-01,GILD,34,729790916.96,251
2018-01,AVGO,35,715749668.24,251
2018-01,CVX,36,708246088.62,251
2018-01,ORCL,37,698555736.09,251
2018-01,QCOM,38,693890989.83,251
2018-01,BRK.B,39,683454169.03,251
2018-01,AGN,40,680791287.65,251
2018-01,MRK,41,678746932.01,251
2018-01,UNH,42,644306132.24,251
2018-01,CHTR,43,637457294.23,251
2018-01,CELG,44,630600611.38,251
2018-01,AMGN,45,604540718.05,251
2018-01,CVS,46,584504795.45,251
2018-01,NKE,47,580652193.98,251
2018-01,SBUX,48,579932814.51,251
2018-01,KO,49,568928464.4,251
2018-01,BIDU,50,566679778.17,251
2018-01,MCD,51,566674003.77,251
2018-01,SLB,52,558155815.69,251
2018-01,COST,53,553891757.29,251
2018-01,GM,54,549289866.02,251
2018-01,MO,55,527849716.97,251
2018-01,CAT,56,521644454.64,251
2018-01,PM,57,515228414.82,251
2018-01,LOW,58,508845080.83,251
2018-01,BMY,59,507976951.74,251
2018-01,ABBV,60,501982402.01,251
2018-01,AMAT,61,488468982.23,251
2018-01,PYPL,62,486089995.85,251
2018-01,JD,63,472568567.74,251
2018-01,DD,64,472225995.26,251
2018-01,F,65,469898980.34,251
2018-01,PEP,66,468762202.91,251
2018-01,CSX,67,463649401.57,251
2018-01,MS,68,457840466.75,251
2018-01,BIIB,69,456746893.02,251
2018-01,TGT,70,454510976.15,251
2018-01,SNAP,71,451089300.29,211
2018-01,UNP,72,448704933.04,251
2018-01,MA,73,446047657.47,251
2018-01,CMG,74,438293789.26,251
2018-01,HAL,75,438238589.54,251
2018-01,MDT,76,438193678.05,251
2018-01,MMM,77,433074788.46,251
2018-01,CRM,78,433010778.0,251
2018-01,TXN,79,427528035.04,251
2018-01,DAL,80,412855715.42,251
2018-01,HON,81,409432011.58,251
2018-01,REGN,82,399754328.49,251
2018-01,NTES,83,398556241.29,251
2018-01,RTX,84,397367223.24,251
2018-01,AIG,85,394168638.44,251
2018-01,ADBE,86,392948202.24,251
2018-01,MDLZ,87,390222851.39,251
2018-01,LRCX,88,380027479.77,251
2018-01,WDC,89,372854788.3,251
2018-01,COP,90,365697183.33,251
2018-01,TEVA,91,362512447.61,251
2018-01,ABT,92,352712640.39,251
2018-01,USB,93,351613028.17,251
2018-01,HUM,94,342797744.83,251
2018-01,FDX,95,335785343.98,251
2018-01,ADP,96,335750928.26,251
2018-01,EA,97,335039048.8,251
2018-01,TJX,98,334573968.25,251
2018-01,UPS,99,334276427.69,251
2018-01,EBAY,100,333385974.59,251
2018-01,LLY,101,333098573.14,251
2018-01,AXP,102,332820093.21,251
2018-01,SPG,103,332380546.65,251
2018-01,ELV,104,324222293.11,251
2018-01,ISRG,105,323783257.84,251
2018-01,LMT,106,323523533.1,251
2018-01,KR,107,323342476.75,251
2018-01,EOG,108,320012747.1,251
2018-01,SCHW,109,318000787.26,251
2018-01,NXPI,110,316726338.5,251
2018-01,DE,111,315517559.86,251
2018-01,OXY,112,314684477.74,251
2018-01,UAL,113,313954554.62,251
2018-01,FCX,114,313463197.1,251
2018-01,ORLY,115,311884077.1,251
2018-01,VLO,116,311359330.06,251
2018-01,LUV,117,311076198.59,251
2018-01,AZO,118,306333285.26,251
2018-01,MET,119,303938731.01,251
2018-01,MCK,120,303040741.56,251
2018-01,PNC,121,302130731.21,251
2018-01,ACN,122,302067641.14,251
2018-01,ALXN,123,300115274.35,251
2018-01,KHC,124,298002120.82,251
2018-01,TMO,125,296029805.13,251
2018-01,FOXA,126,295607082.1,251
2018-01,AAL,127,295572950.46,251
2018-01,EXPE,128,292534426.51,251
2018-01,ESRX,129,290574925.1,251
2018-01,XYZ,130,289258661.28,251
2018-01,STZ,131,287610370.76,251
2018-01,TMUS,132,286243736.97,251
2018-01,CTSH,133,286101392.72,251
2018-01,CL,134,284118504.2,251
2018-01,APC,135,283599340.74,251
2018-01,AMT,136,280736290.3,251
2018-01,MGM,137,280690479.99,251
2018-01,BDX,138,280499867.01,251
2018-01,MAR,139,280496576.76,251
2018-01,VALE,140,279972986.28,251
2018-01,NEE,141,270461714.22,251
2018-01,DOW,142,267235414.44,251
2018-01,BHC,143,265911815.19,251
2018-01,ULTA,144,265850839.2,251
2018-01,ADI,145,265537328.67,251
2018-01,WYNN,146,264902266.38,251
2018-01,RTN,147,264526073.15,251
2018-01,M,148,263219121.07,251
2018-01,SO,149,261648728.55,251
2018-01,INCY,150,256512582.59,251
2018-02,AAPL,1,4612214678.2,252
2018-02,AMZN,2,3889876636.95,252
2018-02,META,3,2949385925.55,252
2018-02,NVDA,4,2750124667.5,252
2018-02,BABA,5,2687646072.94,252
2018-02,TSLA,6,2121885936.95,252
2018-02,BAC,7,2044165268.4,252
2018-02,MSFT,8,1907150415.74,252
2018-02,GOOGL,9,1678833572.36,252
2018-02,GOOG,10,1501194883.68,252
2018-02,JPM,11,1414487270.75,252
2018-02,GE,12,1300972612.74,252
2018-02,C,13,1190338926.27,252
2018-02,MU,14,1174848894.04,252
2018-02,INTC,15,1117264979.37,252
2018-02,WFC,16,1097169466.19,252
2018-02,T,17,1068768225.53,252
2018-02,XOM,18,1020455228.85,252
2018-02,JNJ,19,907516224.02,252
2018-02,BA,20,903662767.52,252
2018-02,BKNG,21,888672687.01,252
2018-02,AMD,22,873695832.64,252
2018-02,V,23,872586040.71,252
2018-02,DIS,24,871400991.11,252
2018-02,CMCSA,25,869479662.8,252
2018-02,VZ,26,828372853.05,252
2018-02,GS,27,811229523.77,252
2018-02,HD,28,810715639.69,252
2018-02,WMT,29,794966237.17,252
2018-02,CSCO,30,789510871.83,252
2018-02,IBM,31,786034890.02,252
2018-02,PFE,32,755128141.78,252
2018-02,PG,33,748376421.12,252
2018-02,AVGO,34,742452275.73,252
2018-02,GILD,35,731980899.23,252
2018-02,ORCL,36,728847516.49,252
2018-02,CVX,37,718224048.11,252
2018-02,BRK.B,38,711061521.46,252
2018-02,MRK,39,681762416.71,252
2018-02,UNH,40,675762061.12,252
2018-02,CELG,41,659457912.0,252
2018-02,AGN,42,653626225.46,252
2018-02,QCOM,43,653003636.74,252
2018-02,CHTR,44,628515988.92,252
2018-02,AMGN,45,607935497.38,252
2018-02,CVS,46,595917337.85,252
2018-02,SBUX,47,593822791.49,252
2018-02,BIDU,48,592579988.8,252
2018-02,MCD,49,585125755.04,252
2018-02,NKE,50,583323047.68,252
2018-02,SLB,51,580707023.35,252
2018-02,CAT,52,576528538.95,252
2018-02,KO,53,575975482.67,252
2018-02,COST,54,573632865.11,252
2018-02,GM,55,553740347.01,252
2018-02,LOW,56,533339585.41,252
2018-02,MO,57,530935554.41,252
2018-02,PM,58,525808718.65,252
2018-02,ABBV,59,525373209.82,252
2018-02,AMAT,60,521990196.18,252
2018-02,PYPL,61,521831611.33,252
2018-02,JD,62,511515182.24,252
2018-02,DD,63,491509480.01,252
2018-02,F,64,479175822.54,252
2018-02,UNP,65,476983328.89,252
2018-02,PEP,66,476807749.41,252
2018-02,BMY,67,472006183.74,252
2018-02,TGT,68,468023795.8,252
2018-02,MS,69,461723058.25,252
2018-02,MA,70,461712115.09,252
2018-02,TXN,71,458226831.63,252
2018-02,MMM,72,455893793.41,252
2018-02,BIIB,73,455049888.26,252
2018-02,HAL,74,440457985.2,252
2018-02,CRM,75,438812773.88,252
2018-02,CMG,76,434967264.09,252
2018-02,MDT,77,434788851.73,252
2018-02,SNAP,78,432018711.72,232
2018-02,DAL,79,429102022.55,252
2018-02,CSX,80,429068615.04,252
2018-02,HON,81,424397288.39,252
2018-02,LRCX,82,423964649.98,252
2018-02,RTX,83,421070716.72,252
2018-02,NTES,84,417556927.54,252
2018-02,ADBE,85,415005040.67,252
2018-02,AIG,86,394368985.39,252
2018-02,MDLZ,87,393531229.17,252
2018-02,REGN,88,392998644.96,252
2018-02,WDC,89,377539524.6,252
2018-02,COP,90,367698861.16,252
2018-02,EA,91,364157977.66,252
2018-02,TEVA,92,360149713.08,252
2018-02,USB,93,355033207.1,252
2018-02,ABT,94,354271806.52,252
2018-02,UPS,95,351721381.7,252
2018-02,FDX,96,351420826.02,252
2018-02,XYZ,97,341129336.67,252
2018-02,ADP,98,339689336.12,252
2018-02,ISRG,99,339078732.82,252
2018-02,ELV,100,338938537.31,252
2018-02,HUM,101,338024110.95,252
2018-02,TJX,102,337903046.68,252
2018-02,EBAY,103,335592865.24,252
2018-02,LLY,104,334374347.94,252
2018-02,LMT,105,332871449.07,252
2018-02,AXP,106,332755257.11,252
2018-02,WYNN,107,332204016.58,252
2018-02,KR,108,331037017.63,252
2018-02,UAL,109,329718500.46,252
2018-02,SCHW,110,327476105.05,252
2018-02,SPG,111,325816921.08,252
2018-02,DE,112,325425498.66,252
2018-02,EOG,113,322528675.93,252
2018-02,LUV,114,314614898.18,252
2018-02,NXPI,115,314340085.95,252
2018-02,ORLY,116,313549069.29,252
2018-02,OXY,117,311675801.66,252
2018-02,MET,118,310613023.5,252
2018-02,FOXA,119,310283442.23,252
2018-02,AZO,120,309565629.53,252
2018-02,FCX,121,308381444.74,252
2018-02,VLO,122,308331163.29,252
2018-02,KHC,123,305679962.06,252
2018-02,ACN,124,304553604.27,252
2018-02,PNC,125,304421034.34,252
2018-02,STZ,126,302971391.62,252
2018-02,MCK,127,301113183.91,252
2018-02,TMO,128,298643349.3,252
2018-02,BDX,129,296850735.47,252
2018-02,EXPE,130,295756346.82,252
2018-02,ESRX,131,295673835.17,252
2018-02,AMT,132,295151167.28,252
2018-02,AAL,133,293883068.48,252
2018-02,ALXN,134,293436408.59,252
2018-02,MAR,135,292673170.97,252
2018-02,MGM,136,288524868.77,252
2018-02,APC,137,288388456.53,252
2018-02,CL,138,286838900.3,252
2018-02,CTSH,139,284927703.17,252
2018-02,VALE,140,284692883.88,252
2018-02,NEE,141,282602627.5,252
2018-02,TMUS,142,278823769.19,252
2018-02,ULTA,143,277989446.61,252
2018-02,ADI,144,277076330.21,252
2018-02,SO,145,276166446.74,252
2018-02,BHC,146,274028382.64,252
2018-02,RTN,147,268748613.37,252
2018-02,M,148,264725951.0,252
2018-02,CI,149,263408853.34,252
2018-02,CCI,150,262903729.83,252
2018-03,AAPL,1,4933624853.79,252
2018-03,AMZN,2,4450636760.27,252
2018-03,META,3,3124583960.62,252
2018-03,BABA,4,2956438761.71,252
2018-03,NVDA,5,2947060940.8,252
2018-03,TSLA,6,2141276972.7,252
2018-03,BAC,7,2080435962.2,252
2018-03,MSFT,8,2070960296.99,252
2018-03,GOOGL,9,1821171884.4,252
2018-03,GOOG,10,1605533083.64,252
2018-03,JPM,11,1481733468.7,252
2018-03,GE,12,1337632073.43,252
2018-03,MU,13,1275621936.41,252
2018-03,C,14,1219421408.79,252
2018-03,WFC,15,1170168647.69,252
2018-03,INTC,16,1165000986.06,252
2018-03,T,17,1098960663.92,252
2018-03,XOM,18,1059951239.89,252
2018-03,BA,19,1022363491.11,252
2018-03,JNJ,20,940502361.09,252
2018-03,CMCSA,21,921306240.04,252
2018-03,BKNG,22,915749782.4,252
2018-03,V,23,904699163.84,252
2018-03,DIS,24,895787365.68,252
2018-03,HD,25,864237119.94,252
2018-03,WMT,26,858196603.65,252
2018-03,CSCO,27,849715220.37,252
2018-03,VZ,28,844849510.74,252
2018-03,AMD,29,841351834.91,252
2018-03,GS,30,824532659.6,252
2018-03,IBM,31,807069365.0,252
2018-03,AVGO,32,776190755.5,252
2018-03,PFE,33,766060586.19,252
2018-03,BRK.B,34,762830333.18,252
2018-03,PG,35,750564521.62,252
2018-03,ORCL,36,749198561.06,252
2018-03,CVX,37,743875683.5,252
2018-03,GILD,38,718880272.98,252
2018-03,UNH,39,703952749.88,252
2018-03,MRK,40,695288975.06,252
2018-03,QCOM,41,688492384.84,252
2018-03,CELG,42,681322059.97,252
2018-03,CHTR,43,638487485.74,252
2018-03,AMGN,44,634725082.06,252
2018-03,AGN,45,630065970.79,252
2018-03,MCD,46,624272906.04,252
2018-03,CAT,47,624212964.22,252
2018-03,BIDU,48,623253788.29,252
2018-03,SBUX,49,603825967.33,252
2018-03,CVS,50,601883105.36,252
2018-03,SLB,51,596049826.32,252
2018-03,NKE,52,587109660.28,252
2018-03,PYPL,53,579195916.99,252
2018-03,COST,54,573320824.16,252
2018-03,KO,55,573195895.41,252
2018-03,AMAT,56,566687083.97,252
2018-03,LOW,57,563619834.16,252
2018-03,ABBV,58,560486913.96,252
2018-03,GM,59,556367940.43,252
2018-03,JD,60,547717508.15,252
2018-03,MO,61,542483981.37,252
2018-03,PM,62,537835348.18,252
2018-03,DD,63,522172569.19,252
2018-03,UNP,64,508184190.63,252
2018-03,MA,65,503429689.33,252
2018-03,F,66,491156688.09,252
2018-03,TXN,67,487500980.47,252
2018-03,PEP,68,487343887.53,252
2018-03,MMM,69,485282742.18,252
2018-03,BMY,70,469984324.06,252
2018-03,TGT,71,468509785.01,252
2018-03,SNAP,72,467785424.0,251
2018-03,MS,73,466786979.78,252
2018-03,BIIB,74,465045999.08,252
2018-03,RTX,75,463774593.87,252
2018-03,LRCX,76,463695361.59,252
2018-03,CRM,77,460824701.02,252
2018-03,CMG,78,449594389.51,252
2018-03,HAL,79,448585572.39,252
2018-03,MDT,80,445140345.19,252
2018-03,HON,81,439742343.14,252
2018-03,ADBE,82,439711005.58,252
2018-03,DAL,83,436222130.68,252
2018-03,CSX,84,425004071.49,252
2018-03,NTES,85,416406678.62,252
2018-03,REGN,86,400788227.25,252
2018-03,MDLZ,87,398441559.8,252
2018-03,AIG,88,393871196.78,252
2018-03,WDC,89,380915413.91,252
2018-03,XYZ,90,380376650.12,252
2018-03,EA,91,380006747.07,252
2018-03,UPS,92,374975833.72,252
2018-03,FDX,93,369416725.34,252
2018-03,COP,94,369062952.35,252
2018-03,WYNN,95,368900749.58,252
2018-03,USB,96,361201115.14,252
2018-03,ABT,97,359234409.96,252
2018-03,EBAY,98,359155416.87,252
2018-03,LMT,99,357017834.66,252
2018-03,TEVA,100,352989708.48,252
2018-03,LLY,101,350170078.46,252
2018-03,NXPI,102,349986044.78,252
2018-03,AXP,103,346671164.82,252
2018-03,ISRG,104,346337523.97,252
2018-03,ELV,105,342944346.34,252
2018-03,ADP,106,341248782.98,252
2018-03,TJX,107,340617896.67,252
2018-03,DE,108,336253162.02,252
2018-03,HUM,109,335745006.58,252
2018-03,SCHW,110,333059452.53,252
2018-03,UAL,111,332486804.23,252
2018-03,KR,112,330919368.31,252
2018-03,SPG,113,330909770.05,252
2018-03,EOG,114,328278646.67,252
2018-03,AZO,115,319528225.29,252
2018-03,FOXA,116,317925810.87,252
2018-03,PNC,117,316016730.3,252
2018-03,ACN,118,315608064.3,252
2018-03,VLO,119,314933531.7,252
2018-03,BDX,120,313890861.56,252
2018-03,OXY,121,313744467.37,252
2018-03,LUV,122,313703346.59,252
2018-03,MET,123,313222014.4,252
2018-03,ORLY,124,312899758.03,252
2018-03,AMT,125,312259488.52,252
2018-03,STZ,126,310931468.26,252
2018-03,EXPE,127,308130868.98,252
2018-03,MAR,128,306022208.83,252
2018-03,TMO,129,305469226.27,252
2018-03,KHC,130,305396687.74,252
2018-03,FCX,131,303323114.3,252
2018-03,ESRX,132,301845720.58,252
2018-03,MCK,133,301548977.42,252
2018-03,APC,134,295730989.71,252
2018-03,AAL,135,292891938.47,252
2018-03,NEE,136,292792860.11,252
2018-03,ALXN,137,291943937.11,252
2018-03,VALE,138,291928481.5,252
2018-03,MGM,139,289368970.51,252
2018-03,ULTA,140,287654120.6,252
2018-03,SO,141,284316913.0,252
2018-03,ADI,142,283814480.72,252
2018-03,CTSH,143,282366285.81,252
2018-03,RTN,144,282183707.39,252
2018-03,CL,145,278398400.5,252
2018-03,CCI,146,274180231.94,252
2018-03,VRTX,147,271544344.27,252
2018-03,BHC,148,270898384.35,252
2018-03,GD,149,270391262.9,252
2018-03,CI,150,270271909.34,252
2018-04,AAPL,1,5163580776.17,250
2018-04,AMZN,2,5096271898.99,250
2018-04,META,3,3639710470.42,250
2018-04,BABA,4,3193179228.97,250
2018-04,NVDA,5,3166018842.68,250
2018-04,MSFT,6,2253351579.93,250
2018-04,TSLA,7,2240772202.57,250
2018-04,BAC,8,2057916859.74,250
2018-04,GOOGL,9,1950310613.05,250
2018-04,GOOG,10,1709522644.5,250
2018-04,MU,11,1562045038.05,250
2018-04,JPM,12,1509044218.89,250
2018-04,GE,13,1360153854.54,250
2018-04,INTC,14,1250544938.58,250
2018-04,C,15,1242017280.02,250
2018-04,WFC,16,1189756497.39,250
2018-04,BA,17,1172659929.29,250
2018-04,T,18,1117455315.1,250
2018-04,XOM,19,1069014162.43,250
2018-04,CMCSA,20,970582703.53,250
2018-04,BKNG,21,952107002.69,250
2018-04,JNJ,22,944851134.48,250
2018-04,V,23,943151194.85,250
2018-04,CSCO,24,915898038.45,250
2018-04,DIS,25,906693800.73,250
2018-04,WMT,26,905836829.96,250
2018-04,HD,27,895199342.9,250
2018-04,VZ,28,859559338.98,250
2018-04,AVGO,29,829234510.77,250
2018-04,IBM,30,815138336.33,250
2018-04,AMD,31,814946547.66,250
2018-04,GS,32,810318141.16,250
2018-04,BRK.B,33,789392106.17,250
2018-04,ORCL,34,776474180.26,250
2018-04,PFE,35,773923050.84,250
2018-04,CVX,36,745818973.73,250
2018-04,PG,37,744399533.77,250
2018-04,QCOM,38,729979191.72,250
2018-04,UNH,39,723390059.66,250
2018-04,GILD,40,721063169.78,250
2018-04,CELG,41,705137655.95,250
2018-04,MRK,42,697393134.19,250
2018-04,AMGN,43,687608845.39,250
2018-04,BIDU,44,662265592.51,250
2018-04,CHTR,45,657973796.1,250
2018-04,CAT,46,655034333.35,250
2018-04,MCD,47,654528862.85,250
2018-04,PYPL,48,622691956.97,250
2018-04,AMAT,49,619426307.05,250
2018-04,CVS,50,606653009.73,250
2018-04,AGN,51,606490809.94,250
2018-04,SBUX,52,601908677.29,250
2018-04,ABBV,53,599781108.64,250
2018-04,JD,54,592694144.77,250
2018-04,SLB,55,590396711.81,250
2018-04,LOW,56,586361498.68,250
2018-04,COST,57,582627797.45,250
2018-04,NKE,58,581520104.52,250
2018-04,KO,59,569811021.89,250
2018-04,DD,60,547240442.23,250
2018-04,MO,61,545052325.05,250
2018-04,GM,62,544478924.89,250
2018-04,PM,63,542319395.33,250
2018-04,MA,64,538131571.58,250
2018-04,UNP,65,526974645.71,250
2018-04,LRCX,66,524826124.52,250
2018-04,CRM,67,517839933.21,250
2018-04,MMM,68,507730379.42,250
2018-04,TXN,69,505616996.84,250
2018-04,PEP,70,494087712.41,250
2018-04,F,71,493509073.47,250
2018-04,RTX,72,488593819.87,250
2018-04,ADBE,73,486044633.95,250
2018-04,MS,74,467630154.82,250
2018-04,TGT,75,465481429.34,250
2018-04,BIIB,76,465003282.59,250
2018-04,MDT,77,453097613.25,250
2018-04,HON,78,451552002.67,250
2018-04,XYZ,79,448612859.22,250
2018-04,BMY,80,448584001.06,250
2018-04,HAL,81,444321468.9,250
2018-04,CMG,82,443240562.46,250
2018-04,DAL,83,428030480.95,250
2018-04,NTES,84,425735298.81,250
2018-04,CSX,85,416375035.17,250
2018-04,MDLZ,86,406044471.51,250
2018-04,SNAP,87,401743751.97,250
2018-04,WYNN,88,398268885.84,250
2018-04,AIG,89,395311994.97,250
2018-04,UPS,90,393318386.18,250
2018-04,REGN,91,393083116.17,250
2018-04,WDC,92,392964230.21,250
2018-04,EA,93,392130084.78,250
2018-04,LMT,94,390720934.99,250
2018-04,FDX,95,381161470.55,250
2018-04,EBAY,96,374720769.75,250
2018-04,ABT,97,370462089.37,250
2018-04,NXPI,98,368578363.69,250
2018-04,COP,99,367047464.63,250
2018-04,DE,100,358217103.74,250
2018-04,USB,101,357402401.38,250
2018-04,ADP,102,355771116.21,250
2018-04,LLY,103,353427861.11,250
2018-04,TEVA,104,352500341.41,250
2018-04,TJX,105,351725684.68,250
2018-04,ELV,106,351435224.15,250
2018-04,ISRG,107,351223227.17,250
2018-04,AXP,108,348427847.94,250
2018-04,SCHW,109,340685366.43,250
2018-04,EOG,110,333551216.97,250
2018-04,HUM,111,332981424.48,250
2018-04,KR,112,332226377.25,250
2018-04,ACN,113,328935234.14,250
2018-04,FOXA,114,327667750.0,250
2018-04,UAL,115,324918487.8,250
2018-04,BDX,116,324767974.75,250
2018-04,AMT,117,324235405.28,250
2018-04,STZ,118,323778606.17,250
2018-04,SPG,119,323469119.21,250
2018-04,AZO,120,321971583.74,250
2018-04,ESRX,121,321533328.88,250
2018-04,CI,122,319299047.85,250
2018-04,KHC,123,317249129.47,250
2018-04,VLO,124,315749576.96,250
2018-04,OXY,125,314601130.59,250
2018-04,PNC,126,314010444.33,250
2018-04,EXPE,127,312938067.37,250
2018-04,TMO,128,312912537.14,250
2018-04,MAR,129,312298780.83,250
2018-04,LUV,130,311867290.66,250
2018-04,MET,131,311245631.82,250
2018-04,ORLY,132,309303522.29,250
2018-04,NEE,133,307298553.05,250
2018-04,MCK,134,304290011.67,250
2018-04,FCX,135,301660057.02,250
2018-04,ALXN,136,300270014.4,250
2018-04,APC,137,298866710.26,250
2018-04,RTN,138,297549762.37,250
2018-04,ULTA,139,293723204.79,250
2018-04,VALE,140,292875987.82,250
2018-04,MGM,141,290439645.43,250
2018-04,CCI,142,287888131.08,250
2018-04,CTSH,143,286755922.77,250
2018-04,SO,144,285330907.53,250
2018-04,ADI,145,283149974.31,250
2018-04,AAL,146,282609609.93,250
2018-04,CL,147,280062966.08,250
2018-04,GD,148,278356115.57,250
2018-04,VRTX,149,277891939.03,250
2018-04,BLK,150,277530529.44,250
2018-05,AMZN,1,5569906529.88,252
2018-05,AAPL,2,5373264638.08,252
2018-05,META,3,3955549983.71,252
2018-05,BABA,4,3322572594.39,252
2018-05,NVDA,5,3300973906.36,252
2018-05,MSFT,6,2384712016.12,252
2018-05,TSLA,7,2302536564.33,252
2018-05,BAC,8,2051117195.46,252
2018-05,GOOGL,9,2047038968.49,252
2018-05,GOOG,10,1788341247.68,252
2018-05,MU,11,1717153352.97,252
2018-05,JPM,12,1539928403.15,252
2018-05,GE,13,1362489133.64,252
2018-05,INTC,14,1319645642.37,252
2018-05,BA,15,1268688631.76,252
2018-05,C,16,1263700807.7,252
2018-05,WFC,17,1182273183.99,252
2018-05,T,18,1133737041.32,252
2018-05,XOM,19,1088833562.44,252
2018-05,CMCSA,20,990632172.02,252
2018-05,V,21,963982606.82,252
2018-05,JNJ,22,963414989.6,252
2018-05,CSCO,23,954221152.05,252
2018-05,BKNG,24,953674184.61,252
2018-05,DIS,25,920955357.51,252
2018-05,WMT,26,920684718.72,252
2018-05,HD,27,915851920.99,252
2018-05,AVGO,28,865192490.61,252
2018-05,VZ,29,848420895.03,252
2018-05,IBM,30,817773965.89,252
2018-05,GS,31,808777781.99,252
2018-05,AMD,32,806033447.92,252
2018-05,BRK.B,33,800837748.3,252
2018-05,ORCL,34,785460374.39,252
2018-05,PFE,35,784021058.06,252
2018-05,CVX,36,768384853.45,252
2018-05,PG,37,755305288.49,252
2018-05,UNH,38,746024151.47,252
2018-05,MRK,39,718437874.76,252
2018-05,QCOM,40,717039870.3,252
2018-05,CELG,41,714725117.87,252
2018-05,GILD,42,714584834.16,252
2018-05,AMGN,43,696356984.63,252
2018-05,CHTR,44,678634129.83,252
2018-05,CAT,45,676945968.29,252
2018-05,BIDU,46,675769315.95,252
2018-05,MCD,47,665899066.04,252
2018-05,AMAT,48,651315609.6,252
2018-05,PYPL,49,645503554.31,252
2018-05,AABA,50,631342708.58,218
2018-05,ABBV,51,622330372.22,252
2018-05,CVS,52,613315334.08,252
2018-05,JD,53,607744746.17,252
2018-05,AGN,54,600772055.89,252
2018-05,LOW,55,600178259.38,252
2018-05,SBUX,56,597071693.23,252
2018-05,NKE,57,589455037.81,252
2018-05,SLB,58,588521379.87,252
2018-05,COST,59,587832594.57,252
2018-05,KO,60,572283355.57,252
2018-05,DD,61,571927334.9,252
2018-05,MA,62,570726023.9,252
2018-05,LRCX,63,567268635.11,252
2018-05,PM,64,563854607.49,252
2018-05,MO,65,560718359.32,252
2018-05,UNP,66,545070557.47,252
2018-05,GM,67,538451414.99,252
2018-05,CRM,68,537123023.79,252
2018-05,MMM,69,534662393.53,252
2018-05,TXN,70,523871756.51,252
2018-05,ADBE,71,515305699.54,252
2018-05,RTX,72,506738455.44,252
2018-05,PEP,73,502809596.03,252
2018-05,F,74,493793906.48,252
2018-05,XYZ,75,481886377.73,252
2018-05,MS,76,475194841.9,252
2018-05,BIIB,77,471758155.04,252
2018-05,BMY,78,465140195.35,252
2018-05,TGT,79,463459100.51,252
2018-05,MDT,80,457769156.75,252
2018-05,HON,81,453858651.04,252
2018-05,HAL,82,448996730.67,252
2018-05,CMG,83,440135730.99,252
2018-05,DAL,84,430241279.57,252
2018-05,NTES,85,421918626.43,252
2018-05,CSX,86,416282383.06,252
2018-05,MDLZ,87,411738148.36,252
2018-05,LMT,88,410294750.08,252
2018-05,WYNN,89,407564865.08,252
2018-05,NXPI,90,406049384.42,252
2018-05,SNAP,91,403760784.68,252
2018-05,EA,92,402961583.86,252
2018-05,UPS,93,401632056.18,252
2018-05,REGN,94,388712487.84,252
2018-05,COP,95,388288666.58,252
2018-05,AIG,96,386143785.28,252
2018-05,FDX,97,382999224.98,252
2018-05,EBAY,98,382333006.61,252
2018-05,WDC,99,382195019.91,252
2018-05,ABT,100,377564399.15,252
2018-05,DE,101,373309765.53,252
2018-05,ADP,102,367614755.3,252
2018-05,ELV,103,366805375.93,252
2018-05,ISRG,104,363039592.83,252
2018-05,USB,105,358423122.12,252
2018-05,TJX,106,356353175.75,252
2018-05,AXP,107,355304561.01,252
2018-05,LLY,108,351367028.52,252
2018-05,EOG,109,349219899.3,252
2018-05,TEVA,110,348366143.41,252
2018-05,SCHW,111,345143150.75,252
2018-05,FOXA,112,337994407.74,252
2018-05,CI,113,333108739.02,252
2018-05,ACN,114,332983852.31,252
2018-05,KR,115,330745967.39,252
2018-05,HUM,116,329934309.25,252
2018-05,AMT,117,329142303.74,252
2018-05,STZ,118,328800347.86,252
2018-05,KHC,119,328664768.93,252
2018-05,OXY,120,325835626.8,252
2018-05,VLO,121,323712039.6,252
2018-05,UAL,122,321747545.35,252
2018-05,BDX,123,321717923.76,252
2018-05,PNC,124,320594097.33,252
2018-05,SPG,125,319276888.0,252
2018-05,AZO,126,317656931.14,252
2018-05,MAR,127,316643999.41,252
2018-05,TMO,128,316279421.36,252
2018-05,LUV,129,315567805.45,252
2018-05,RTN,130,313238436.63,252
2018-05,NEE,131,312718527.14,252
2018-05,EXPE,132,311590868.92,252
2018-05,ESRX,133,310453886.3,252
2018-05,FCX,134,306348944.84,252
2018-05,APC,135,306319066.58,252
2018-05,MET,136,305734549.33,252
2018-05,MCK,137,304596758.46,252
2018-05,ORLY,138,303970989.88,252
2018-05,ULTA,139,302862818.88,252
2018-05,ALXN,140,300711486.99,252
2018-05,MGM,141,299065217.88,252
2018-05,CCI,142,297638339.77,252
2018-05,GD,143,294321791.02,252
2018-05,VALE,144,292562857.69,252
2018-05,BLK,145,290360669.75,252
2018-05,CTSH,146,288245679.22,252
2018-05,CL,147,285999529.51,252
2018-05,AAL,148,283166568.49,252
2018-05,SO,149,282049937.79,252
2018-05,ADI,150,281180572.67,252
2018-06,AMZN,1,5687324276.07,252
2018-06,AAPL,2,5367186706.6,252
2018-06,META,3,3974147985.81,252
2018-06,BABA,4,3513588734.58,252
2018-06,NVDA,5,3338494247.24,252
2018-06,MSFT,6,2427447199.92,252
2018-06,TSLA,7,2265133589.43,252
2018-06,BAC,8,2072561920.88,252
2018-06,GOOGL,9,2059731764.93,252
2018-06,MU,10,1910177026.65,252
2018-06,GOOG,11,1792945423.63,252
2018-06,JPM,12,1566290694.38,252
2018-06,INTC,13,1357245595.18,252
2018-06,GE,14,1347518516.05,252
2018-06,BA,15,1341840262.99,252
2018-06,C,16,1278921945.18,252
2018-06,WFC,17,1186323210.24,252
2018-06,T,18,1143994596.14,252
2018-06,XOM,19,1113951787.45,252
2018-06,V,20,984975535.49,252
2018-06,CMCSA,21,984298195.33,252
2018-06,JNJ,22,977376648.75,252
2018-06,CSCO,23,965272930.9,252
2018-06,WMT,24,949830771.03,252
2018-06,HD,25,936028521.8,252
2018-06,BKNG,26,929150866.98,252
2018-06,DIS,27,923965254.23,252
2018-06,AVGO,28,878634130.74,252
2018-06,VZ,29,852191731.65,252
2018-06,BRK.B,30,818698352.7,252
2018-06,IBM,31,805795373.74,252
2018-06,GS,32,805507639.89,252
2018-06,CVX,33,796904938.41,252
2018-06,ORCL,34,794096574.96,252
2018-06,PFE,35,785193716.21,252
2018-06,AMD,36,779024515.2,252
2018-06,PG,37,760988391.27,252
2018-06,UNH,38,760546754.8,252
2018-06,CELG,39,730938538.07,252
2018-06,BIDU,40,729647053.6,252
2018-06,MRK,41,716050542.38,252
2018-06,GILD,42,711840243.96,252
2018-06,QCOM,43,708513165.93,252
2018-06,AMGN,44,698305752.74,252
2018-06,ABBV,45,691335286.77,252
2018-06,CAT,46,690074808.66,252
2018-06,AMAT,47,675818347.22,252
2018-06,MCD,48,668752637.55,252
2018-06,PYPL,49,662502972.02,252
2018-06,CHTR,50,662083141.09,252
2018-06,CVS,51,619484431.79,252
2018-06,LOW,52,607046513.86,252
2018-06,AABA,53,604612435.38,240
2018-06,JD,54,603816406.35,252
2018-06,MA,55,599606320.64,252
2018-06,SBUX,56,588689127.92,252
2018-06,DD,57,588388310.08,252
2018-06,LRCX,58,584098789.46,252
2018-06,COST,59,582443463.18,252
2018-06,SLB,60,580742841.08,252
2018-06,NKE,61,578762955.99,252
2018-06,AGN,62,578523747.26,252
2018-06,PM,63,574235862.82,252
2018-06,KO,64,572076817.07,252
2018-06,MO,65,557984793.44,252
2018-06,MMM,66,556145866.12,252
2018-06,UNP,67,553827081.36,252
2018-06,CRM,68,553073301.65,252
2018-06,ADBE,69,535169747.0,252
2018-06,TXN,70,533438075.55,252
2018-06,GM,71,532196463.63,252
2018-06,XYZ,72,517861864.42,252
2018-06,PEP,73,517542633.28,252
2018-06,RTX,74,516258874.53,252
2018-06,MS,75,485312246.05,252
2018-06,F,76,484685139.12,252
2018-06,BIIB,77,476262922.13,252
2018-06,BMY,78,462410764.9,252
2018-06,TGT,79,461407085.72,252
2018-06,MDT,80,460924397.72,252
2018-06,HON,81,456727232.78,252
2018-06,NXPI,82,447010048.28,252
2018-06,HAL,83,440738246.23,252
2018-06,CMG,84,434554592.34,252
2018-06,LMT,85,433919070.04,252
2018-06,DAL,86,427767635.81,252
2018-06,WYNN,87,415698718.62,252
2018-06,NTES,88,413269034.93,252
2018-06,UPS,89,411153130.18,252
2018-06,MDLZ,90,407904161.67,252
2018-06,CSX,91,402981620.86,252
2018-06,COP,92,399866655.39,252
2018-06,EA,93,397022649.8,252
2018-06,FDX,94,391982792.26,252
2018-06,SNAP,95,386467261.91,252
2018-06,ABT,96,383973332.33,252
2018-06,EBAY,97,383709396.35,252
2018-06,DE,98,383502547.91,252
2018-06,WDC,99,381842932.93,252
2018-06,REGN,100,375544427.63,252
2018-06,AIG,101,372276886.38,252
2018-06,ISRG,102,371850008.41,252
2018-06,ELV,103,370677036.93,252
2018-06,ADP,104,367001865.38,252
2018-06,USB,105,362143704.18,252
2018-06,EOG,106,362015617.44,252
2018-06,AXP,107,361322695.59,252
2018-06,SCHW,108,354470064.04,252
2018-06,LLY,109,353592399.65,252
2018-06,TJX,110,352924448.25,252
2018-06,TEVA,111,349697721.39,252
2018-06,CI,112,344066134.64,252
2018-06,VLO,113,343271150.66,252
2018-06,ACN,114,337529233.77,252
2018-06,STZ,115,337423774.03,252
2018-06,AMT,116,336075896.34,252
2018-06,OXY,117,335708886.79,252
2018-06,KHC,118,335246985.65,252
2018-06,KR,119,333213221.84,252
2018-06,FOXA,120,331889105.68,252
2018-06,RTN,121,328172262.76,252
2018-06,PNC,122,326230942.64,252
2018-06,LUV,123,323805920.45,252
2018-06,TMO,124,320971102.59,252
2018-06,NEE,125,317382519.1,252
2018-06,UAL,126,316721483.96,252
2018-06,HUM,127,315906759.42,252
2018-06,MAR,128,312973976.3,252
2018-06,ESRX,129,311752565.95,252
2018-06,SPG,130,310008191.59,252
2018-06,FCX,131,309454457.33,252
2018-06,MGM,132,307920023.99,252
2018-06,AZO,133,306972034.02,252
2018-06,MPC,134,306153160.73,252
2018-06,APC,135,305515507.36,252
2018-06,GD,136,304666079.6,252
2018-06,MET,137,303792134.6,252
2018-06,BDX,138,303112686.36,252
2018-06,MCK,139,302668984.97,252
2018-06,CCI,140,301094966.22,252
2018-06,EXPE,141,300925110.74,252
2018-06,ULTA,142,298510636.3,252
2018-06,VALE,143,297157796.24,252
2018-06,NOC,144,292248465.75,252
2018-06,BLK,145,292033215.33,252
2018-06,CTSH,146,289515777.96,252
2018-06,M,147,288206292.89,252
2018-06,ORLY,148,285149607.22,252
2018-06,CL,149,284867274.98,252
2018-06,SO,150,282200751.28,252
2018-07,AMZN,1,5927410635.6,251
2018-07,AAPL,2,5399396676.5,251
2018-07,META,3,4045386149.84,251
2018-07,BABA,4,3554797366.62,251
2018-07,NVDA,5,3221993799.82,251
2018-07,MSFT,6,2520367045.07,251
2018-07,TSLA,7,2291455242.42,251
2018-07,GOOGL,8,2086267738.66,251
2018-07,BAC,9,2079560275.91,251
2018-07,MU,10,2062573343.44,251
2018-07,GOOG,11,1781915953.23,251
2018-07,JPM,12,1592834767.37,251
2018-07,INTC,13,1435409195.76,251
2018-07,BA,14,1419819810.84,251
2018-07,GE,15,1325558546.36,251
2018-07,C,16,1280184668.41,251
2018-07,T,17,1246669391.4,251
2018-07,WFC,18,1189718763.79,251
2018-07,XOM,19,1099592085.81,251
2018-07,CMCSA,20,1025471124.01,251
2018-07,V,21,996720660.82,251
2018-07,CSCO,22,995247112.84,251
2018-07,JNJ,23,972881389.05,251
2018-07,HD,24,952171373.52,251
2018-07,DIS,25,943277097.68,251
2018-07,WMT,26,940695694.7,251
2018-07,BKNG,27,918229684.13,251
2018-07,AVGO,28,885209312.16,251
2018-07,VZ,29,876579753.69,251
2018-07,BRK.B,30,847907580.03,251
2018-07,CVX,31,817952928.2,251
2018-07,ORCL,32,809955320.15,251
2018-07,IBM,33,807151305.65,251
2018-07,GS,34,798398801.55,251
2018-07,PFE,35,793041443.26,251
2018-07,BIDU,36,782984438.43,251
2018-07,UNH,37,772396509.29,251
2018-07,AMD,38,771391795.37,251
2018-07,PG,39,770597749.56,251
2018-07,ABBV,40,729623581.53,251
2018-07,CELG,41,723661744.4,251
2018-07,MRK,42,719087988.56,251
2018-07,QCOM,43,711805582.23,251
2018-07,CAT,44,700727892.85,251
2018-07,AMAT,45,696253976.5,251
2018-07,MCD,46,694137227.7,251
2018-07,GILD,47,692224713.63,251
2018-07,AMGN,48,689978556.71,251
2018-07,PYPL,49,680524925.29,251
2018-07,CHTR,50,661027556.97,251
2018-07,DWDP,51,660537222.83,208
2018-07,CVS,52,626866132.82,251
2018-07,MA,53,622796070.95,251
2018-07,SBUX,54,621560284.2,251
2018-07,JD,55,620940047.06,251
2018-07,LRCX,56,614130482.74,251
2018-07,DD,57,613781147.54,251
2018-07,LOW,58,604582052.16,251
2018-07,AABA,59,600750655.32,251
2018-07,PM,60,584947381.61,251
2018-07,SLB,61,580799026.32,251
2018-07,CRM,62,579242482.47,251
2018-07,KO,63,576861856.93,251
2018-07,ADBE,64,575251400.15,251
2018-07,AGN,65,572243214.9,251
2018-07,NKE,66,569347673.34,251
2018-07,UNP,67,568738186.35,251
2018-07,MMM,68,567705702.11,251
2018-07,MO,69,559771363.02,251
2018-07,XYZ,70,557526877.12,251
2018-07,COST,71,548879743.91,251
2018-07,TXN,72,548566498.3,251
2018-07,GM,73,548382770.87,251
2018-07,PEP,74,534905222.62,251
2018-07,RTX,75,533665419.38,251
2018-07,MS,76,492580595.8,251
2018-07,F,77,484426475.76,251
2018-07,NXPI,78,473851797.57,251
2018-07,BIIB,79,472375980.54,251
2018-07,MDT,80,466128569.47,251
2018-07,HON,81,460182383.45,251
2018-07,BMY,82,459533666.67,251
2018-07,TGT,83,453153730.56,251
2018-07,LMT,84,452385910.8,251
2018-07,WYNN,85,444761913.29,251
2018-07,HAL,86,438016059.42,251
2018-07,CMG,87,428469982.94,251
2018-07,DAL,88,421326364.92,251
2018-07,UPS,89,416427293.58,251
2018-07,COP,90,408764595.23,251
2018-07,MDLZ,91,405880504.97,251
2018-07,NTES,92,403790147.93,251
2018-07,FDX,93,402856629.81,251
2018-07,SNAP,94,400324396.96,251
2018-07,EA,95,400293261.09,251
2018-07,CSX,96,394959722.59,251
2018-07,EBAY,97,391487927.11,251
2018-07,DE,98,389139003.47,251
2018-07,FOXA,99,388833710.11,251
2018-07,ABT,100,382054166.39,251
2018-07,ISRG,101,377380612.54,251
2018-07,WDC,102,376210710.68,251
2018-07,AXP,103,373532733.45,251
2018-07,ELV,104,373417750.53,251
2018-07,ADP,105,370672676.68,251
2018-07,AIG,106,370244564.79,251
2018-07,USB,107,367417196.6,251
2018-07,EOG,108,366573072.52,251
2018-07,VLO,109,356018748.37,251
2018-07,LLY,110,354955871.95,251
2018-07,SCHW,111,353899102.17,251
2018-07,TJX,112,353505407.85,251
2018-07,ACN,113,352981658.76,251
2018-07,TEVA,114,352854721.31,251
2018-07,STZ,115,349064093.69,251
2018-07,CI,116,348940942.16,251
2018-07,REGN,117,348006850.35,251
2018-07,RTN,118,347000986.41,251
2018-07,AMT,119,345663587.36,251
2018-07,OXY,120,345333750.91,251
2018-07,KHC,121,337061533.79,251
2018-07,PNC,122,336677277.31,251
2018-07,TMO,123,328359591.85,251
2018-07,LUV,124,327721411.55,251
2018-07,MPC,125,323065249.33,251
2018-07,NEE,126,321312644.92,251
2018-07,KR,127,321084030.63,251
2018-07,MGM,128,316394856.42,251
2018-07,APC,129,314627087.47,251
2018-07,FCX,130,314481845.34,251
2018-07,GD,131,313941257.82,251
2018-07,UAL,132,312859298.68,251
2018-07,ESRX,133,309048690.26,251
2018-07,NOC,134,307768892.38,251
2018-07,SPG,135,307731926.69,251
2018-07,VALE,136,307281167.57,251
2018-07,MET,137,306610739.88,251
2018-07,MAR,138,305739419.39,251
2018-07,BDX,139,305658660.22,251
2018-07,CCI,140,305639986.72,251
2018-07,ULTA,141,304696249.08,251
2018-07,MCK,142,302911656.61,251
2018-07,AZO,143,299502973.94,251
2018-07,M,144,299470801.35,251
2018-07,HUM,145,297491100.88,251
2018-07,EXPE,146,296268457.3,251
2018-07,BLK,147,295620373.33,251
2018-07,CL,148,293800685.6,251
2018-07,CTSH,149,288693767.57,251
2018-07,DUK,150,288134496.7,251
2018-08,AMZN,1,6296686312.94,252
2018-08,AAPL,2,5436226381.4,252
2018-08,META,3,4263748259.79,252
2018-08,BABA,4,3615677612.76,252
2018-08,NVDA,5,3122321833.61,252
2018-08,MSFT,6,2624835620.92,252
2018-08,TSLA,7,2261587524.69,252
2018-08,MU,8,2145405694.99,252
2018-08,GOOGL,9,2122799986.95,252
2018-08,BAC,10,2094598081.37,252
2018-08,GOOG,11,1793303384.71,252
2018-08,JPM,12,1619293966.89,252
2018-08,INTC,13,1467167450.01,252
2018-08,BA,14,1431765956.3,252
2018-08,GE,15,1299228840.89,252
2018-08,T,16,1281594459.4,252
2018-08,C,17,1272499850.99,252
2018-08,WFC,18,1210758700.82,252
2018-08,XOM,19,1097944102.32,252
2018-08,V,20,1028972993.04,252
2018-08,CMCSA,21,1028801025.93,252
2018-08,CSCO,22,1026656914.71,252
2018-08,AVGO,23,993180899.19,252
2018-08,JNJ,24,987444182.64,252
2018-08,DIS,25,958622638.79,252
2018-08,HD,26,941225269.71,252
2018-08,WMT,27,933836529.82,252
2018-08,BKNG,28,912846067.17,252
2018-08,VZ,29,869969995.89,252
2018-08,BRK.B,30,869000476.43,252
2018-08,ORCL,31,844494573.08,252
2018-08,CVX,32,822467540.3,252
2018-08,PFE,33,811186507.07,252
2018-08,IBM,34,802451932.46,252
2018-08,GS,35,796324771.51,252
2018-08,BIDU,36,785517028.66,252
2018-08,UNH,37,777769487.34,252
2018-08,PG,38,777094898.76,252
2018-08,AMD,39,775747540.0,252
2018-08,ABBV,40,753368229.02,252
2018-08,CELG,41,726965167.38,252
2018-08,QCOM,42,722904055.66,252
2018-08,MRK,43,717110850.51,252
2018-08,CAT,44,714506906.85,252
2018-08,AMAT,45,699080723.35,252
2018-08,MCD,46,693168630.75,252
2018-08,PYPL,47,691048727.59,252
2018-08,AMGN,48,690046257.8,252
2018-08,GILD,49,687309424.82,252
2018-08,AABA,50,648590788.86,252
2018-08,MA,51,648166867.8,252
2018-08,CHTR,52,644383910.77,252
2018-08,DWDP,53,643172434.46,229
2018-08,CVS,54,631789773.44,252
2018-08,DD,55,626967854.7,252
2018-08,JD,56,625569623.63,252
2018-08,LRCX,57,623333818.31,252
2018-08,SBUX,58,618530412.69,252
2018-08,CRM,59,612068546.88,252
2018-08,ADBE,60,609132312.87,252
2018-08,LOW,61,596732796.54,252
2018-08,XYZ,62,586691435.99,252
2018-08,UNP,63,585932563.67,252
2018-08,PM,64,583421098.26,252
2018-08,MMM,65,577551082.7,252
2018-08,KO,66,576658086.06,252
2018-08,SLB,67,576413129.68,252
2018-08,PEP,68,576388636.19,252
2018-08,NKE,69,567137190.44,252
2018-08,AGN,70,562416724.08,252
2018-08,TXN,71,560628211.82,252
2018-08,RTX,72,554102799.97,252
2018-08,GM,73,553172082.83,252
2018-08,MO,74,545383115.24,252
2018-08,NXPI,75,537309768.24,252
2018-08,COST,76,521499575.25,252
2018-08,BIIB,77,521168617.35,252
2018-08,MS,78,495466912.82,252
2018-08,F,79,486267492.65,252
2018-08,HON,80,471518186.88,252
2018-08,MDT,81,466602080.37,252
2018-08,LMT,82,463326543.97,252
2018-08,BMY,83,455009488.27,252
2018-08,WYNN,84,449920785.24,252
2018-08,TGT,85,447962332.4,252
2018-08,HAL,86,439796369.84,252
2018-08,FOXA,87,436888183.82,252
2018-08,DAL,88,416598492.77,252
2018-08,COP,89,415696508.76,252
2018-08,UPS,90,415559538.3,252
2018-08,EA,91,412804151.85,252
2018-08,FDX,92,407482743.08,252
2018-08,MDLZ,93,407453993.0,252
2018-08,DE,94,401928608.61,252
2018-08,SNAP,95,395450592.2,252
2018-08,EBAY,96,395439246.77,252
2018-08,CMG,97,395315081.01,252
2018-08,CSX,98,393855257.96,252
2018-08,NTES,99,391842600.31,252
2018-08,ABT,100,386305349.23,252
2018-08,ISRG,101,384354721.17,252
2018-08,AXP,102,379309391.49,252
2018-08,ELV,103,376861004.43,252
2018-08,USB,104,374745312.58,252
2018-08,EOG,105,368657652.79,252
2018-08,WDC,106,365580783.43,252
2018-08,AIG,107,364861070.85,252
2018-08,VLO,108,364333898.31,252
2018-08,ACN,109,363990324.23,252
2018-08,CI,110,361490393.95,252
2018-08,RTN,111,360216346.02,252
2018-08,STZ,112,359600571.93,252
2018-08,LLY,113,359026194.72,252
2018-08,SCHW,114,356215777.24,252
2018-08,OXY,115,355438539.92,252
2018-08,AMT,116,352480301.64,252
2018-08,TEVA,117,349459451.66,252
2018-08,TJX,118,347960011.95,252
2018-08,ADP,119,345752021.15,252
2018-08,PNC,120,342671099.27,252
2018-08,REGN,121,341887484.39,252
2018-08,MPC,122,339066559.14,252
2018-08,KHC,123,337487980.57,252
2018-08,TMO,124,336376536.42,252
2018-08,NOC,125,328101135.62,252
2018-08,NEE,126,327209141.67,252
2018-08,LUV,127,324409955.5,252
2018-08,KR,128,321061157.69,252
2018-08,FCX,129,317420976.43,252
2018-08,GD,130,316124781.72,252
2018-08,APC,131,315049847.1,252
2018-08,UAL,132,311711718.81,252
2018-08,MAR,133,311699471.0,252
2018-08,ESRX,134,310796582.59,252
2018-08,SPG,135,306417116.34,252
2018-08,VALE,136,305922497.34,252
2018-08,MET,137,303883133.82,252
2018-08,BDX,138,303855414.73,252
2018-08,M,139,303609488.94,252
2018-08,BLK,140,301850834.14,252
2018-08,MCK,141,301240079.36,252
2018-08,DUK,142,294948956.72,252
2018-08,EXPE,143,294710559.41,252
2018-08,CL,144,293622665.44,252
2018-08,MGM,145,293510455.4,252
2018-08,ROKU,146,293358536.74,211
2018-08,ULTA,147,292055159.93,252
2018-08,HUM,148,291675840.36,252
2018-08,CTSH,149,290619906.66,252
2018-08,CCI,150,290161435.41,252
2018-09,AMZN,1,6745193083.85,252
2018-09,AAPL,2,5622661340.53,252
2018-09,META,3,4456358845.2,252
2018-09,BABA,4,3734852498.41,252
2018-09,NVDA,5,3164672077.85,252
2018-09,MSFT,6,2701786679.46,252
2018-09,TSLA,7,2445846497.86,252
2018-09,MU,8,2224315820.98,252
2018-09,GOOGL,9,2173487895.92,252
2018-09,BAC,10,2099107842.44,252
2018-09,GOOG,11,1836307082.32,252
2018-09,JPM,12,1636283609.84,252
2018-09,INTC,13,1498145691.94,252
2018-09,BA,14,1438107970.96,252
2018-09,T,15,1293893474.45,252
2018-09,GE,16,1282004236.41,252
2018-09,C,17,1257854542.74,252
2018-09,WFC,18,1217146714.03,252
2018-09,XOM,19,1096092960.25,252
2018-09,V,20,1053250991.8,252
2018-09,CSCO,21,1044895516.61,252
2018-09,CMCSA,22,1019498913.73,252
2018-09,JNJ,23,996254315.01,252
2018-09,AVGO,24,994702333.65,252
2018-09,WMT,25,945263650.03,252
2018-09,HD,26,942665366.52,252
2018-09,DIS,27,939308832.88,252
2018-09,BKNG,28,911737064.25,252
2018-09,AMD,29,911443325.43,252
2018-09,BRK.B,30,892750168.23,252
2018-09,VZ,31,870640251.04,252
2018-09,ORCL,32,862870029.3,252
2018-09,PFE,33,839426029.37,252
2018-09,CVX,34,831462855.9,252
2018-09,BIDU,35,811733332.22,252
2018-09,IBM,36,802129326.23,252
2018-09,GS,37,798366755.62,252
2018-09,UNH,38,789130792.27,252
2018-09,PG,39,777376871.72,252
2018-09,ABBV,40,769559363.41,252
2018-09,QCOM,41,759538416.17,252
2018-09,CAT,42,738283467.91,252
2018-09,AABA,43,730208310.76,252
2018-09,CELG,44,726673369.56,252
2018-09,MRK,45,723666913.49,252
2018-09,AMAT,46,710015904.9,252
2018-09,PYPL,47,707987915.61,252
2018-09,AMGN,48,695516301.04,252
2018-09,MCD,49,695048357.31,252
2018-09,MA,50,670231578.2,252
2018-09,GILD,51,656592475.27,252
2018-09,XYZ,52,648214272.49,252
2018-09,ADBE,53,647049003.06,252
2018-09,CRM,54,641882581.82,252
2018-09,CVS,55,640447429.15,252
2018-09,DWDP,56,635230456.98,252
2018-09,DD,57,635230456.98,252
2018-09,LRCX,58,631809988.82,252
2018-09,CHTR,59,625833463.51,252
2018-09,JD,60,619611413.55,252
2018-09,SBUX,61,608484969.5,252
2018-09,LOW,62,596131636.85,252
2018-09,UNP,63,595296423.26,252
2018-09,PEP,64,591401996.43,252
2018-09,PM,65,581604919.61,252
2018-09,MMM,66,580907830.3,252
2018-09,KO,67,580884933.02,252
2018-09,NXPI,68,579299160.27,252
2018-09,TXN,69,577440529.39,252
2018-09,SLB,70,573375594.27,252
2018-09,NKE,71,567766158.36,252
2018-09,RTX,72,559468411.79,252
2018-09,GM,73,558928141.97,252
2018-09,AGN,74,544220040.79,252
2018-09,MO,75,530630741.03,252
2018-09,BIIB,76,523642006.78,252
2018-09,COST,77,510601389.1,252
2018-09,MS,78,500231021.59,252
2018-09,F,79,487156840.09,252
2018-09,MDT,80,476208674.03,252
2018-09,HON,81,474381101.94,252
2018-09,LMT,82,466205945.55,252
2018-09,WYNN,83,462811195.91,252
2018-09,FOXA,84,454618881.88,252
2018-09,BMY,85,454199770.49,252
2018-09,EA,86,449372600.35,252
2018-09,TGT,87,447302725.16,252
2018-09,HAL,88,436052005.77,252
2018-09,COP,89,422806354.34,252
2018-09,UPS,90,416470160.08,252
2018-09,FDX,91,413922332.61,252
2018-09,DAL,92,406181329.59,252
2018-09,DE,93,402215181.59,252
2018-09,CMG,94,399629730.94,252
2018-09,EBAY,95,397799875.56,252
2018-09,CI,96,395135112.16,252
2018-09,STZ,97,393381734.83,252
2018-09,CSX,98,392710316.07,252
2018-09,MDLZ,99,392564786.99,252
2018-09,ABT,100,391414699.53,252
2018-09,ISRG,101,380152985.74,252
2018-09,USB,102,379453520.28,252
2018-09,AXP,103,378526546.06,252
2018-09,NTES,104,377902100.41,252
2018-09,ELV,105,375946737.82,252
2018-09,ACN,106,372002830.18,252
2018-09,EOG,107,371763798.97,252
2018-09,OXY,108,370655405.52,252
2018-09,VLO,109,368189353.59,252
2018-09,LLY,110,367996110.31,252
2018-09,SNAP,111,365283048.59,252
2018-09,SCHW,112,362257014.28,252
2018-09,AIG,113,361576430.06,252
2018-09,RTN,114,360273694.2,252
2018-09,WDC,115,357380658.4,252
2018-09,AMT,116,353779569.52,252
2018-09,MPC,117,351342006.94,252
2018-09,TJX,118,350455351.79,252
2018-09,KHC,119,346271110.36,252
2018-09,NOC,120,343000006.09,252
2018-09,REGN,121,340015755.68,252
2018-09,PNC,122,337806045.98,252
2018-09,ESRX,123,335425471.67,252
2018-09,TMO,124,333851383.48,252
2018-09,APC,125,331110821.87,252
2018-09,NEE,126,330480317.61,252
2018-09,TEVA,127,322708185.71,252
2018-09,ROKU,128,322061981.21,234
2018-09,KR,129,319235607.77,252
2018-09,LUV,130,317038970.89,252
2018-09,M,131,316830797.69,252
2018-09,GD,132,316304772.33,252
2018-09,MAR,133,314774227.7,252
2018-09,BLK,134,314756798.56,252
2018-09,FCX,135,312524665.04,252
2018-09,UAL,136,307991611.43,252
2018-09,ADP,137,307539145.88,252
2018-09,SPG,138,303785943.76,252
2018-09,BDX,139,303103338.86,252
2018-09,VALE,140,302777808.54,252
2018-09,MGM,141,301231103.17,252
2018-09,DUK,142,300035119.47,252
2018-09,MET,143,298120459.75,252
2018-09,PCG,144,297894630.9,252
2018-09,MCK,145,295831337.21,252
2018-09,CL,146,293342398.0,252
2018-09,CTSH,147,292691308.8,252
2018-09,TSM,148,291753495.99,252
2018-09,D,149,290986820.6,252
2018-09,SO,150,290812957.61,252
2018-10,AMZN,1,7314940963.74,251
2018-10,AAPL,2,5857832247.41,251
2018-10,META,3,4607349081.88,251
2018-10,BABA,4,3765637789.62,251
2018-10,NVDA,5,3099727279.39,251
2018-10,MSFT,6,2836943660.47,251
2018-10,TSLA,7,2517614234.81,251
2018-10,MU,8,2289161854.49,251
2018-10,GOOGL,9,2250102359.97,251
2018-10,BAC,10,2093076695.66,251
2018-10,GOOG,11,1881534180.39,251
2018-10,JPM,12,1661979864.63,251
2018-10,INTC,13,1530066054.05,251
2018-10,BA,14,1461184388.31,251
2018-10,T,15,1308397539.16,251
2018-10,C,16,1261970652.33,251
2018-10,GE,17,1251444695.11,251
2018-10,WFC,18,1235415972.93,251
2018-10,AMD,19,1231903185.18,251
2018-10,XOM,20,1107314258.48,251
2018-10,V,21,1099621362.14,251
2018-10,CSCO,22,1069243709.11,251
2018-10,AVGO,23,1045091150.74,251
2018-10,JNJ,24,1006466462.37,251
2018-10,CMCSA,25,1005263412.42,251
2018-10,HD,26,948597313.05,251
2018-10,WMT,27,944368126.97,251
2018-10,DIS,28,932621938.64,251
2018-10,BRK.B,29,920258005.44,251
2018-10,BKNG,30,918749048.72,251
2018-10,VZ,31,883786468.05,251
2018-10,ORCL,32,873999713.62,251
2018-10,PFE,33,849062817.8,251
2018-10,CVX,34,838647314.42,251
2018-10,IBM,35,821322908.23,251
2018-10,QCOM,36,820295909.46,251
2018-10,UNH,37,806834963.49,251
2018-10,BIDU,38,805054744.85,251
2018-10,GS,39,796012884.9,251
2018-10,PG,40,774154169.06,251
2018-10,CAT,41,757031592.48,251
2018-10,ABBV,42,743203953.78,251
2018-10,AABA,43,738561196.84,251
2018-10,PYPL,44,736403782.33,251
2018-10,XYZ,45,730274207.24,251
2018-10,MRK,46,725547689.92,251
2018-10,CELG,47,715034290.59,251
2018-10,AMAT,48,709855249.75,251
2018-10,AMGN,49,702638824.35,251
2018-10,MCD,50,692094066.81,251
2018-10,MA,51,686327223.93,251
2018-10,ADBE,52,684724003.96,251
2018-10,CRM,53,681987914.77,251
2018-10,CVS,54,656802269.28,251
2018-10,LRCX,55,641818781.48,251
2018-10,UNP,56,635434106.13,251
2018-10,JD,57,632600442.68,251
2018-10,DWDP,58,629436301.99,251
2018-10,DD,59,629436301.99,251
2018-10,NXPI,60,627272826.4,251
2018-10,GILD,61,626731009.51,251
2018-10,SBUX,62,611836918.91,251
2018-10,TXN,63,602661889.24,251
2018-10,CHTR,64,597774780.47,251
2018-10,LOW,65,596955664.03,251
2018-10,PEP,66,592350005.82,251
2018-10,MMM,67,590887825.31,251
2018-10,PM,68,584749552.63,251
2018-10,KO,69,582171253.94,251
2018-10,SLB,70,581976978.91,251
2018-10,NKE,71,580970733.81,251
2018-10,RTX,72,552592325.84,251
2018-10,GM,73,551370417.43,251
2018-10,BIIB,74,526775748.48,251
2018-10,AGN,75,525839936.79,251
2018-10,MO,76,524514282.57,251
2018-10,COST,77,521863640.75,251
2018-10,MS,78,507385034.08,251
2018-10,F,79,488552690.38,251
2018-10,FOXA,80,479603270.21,251
2018-10,MDT,81,479142133.43,251
2018-10,WYNN,82,476940195.95,251
2018-10,HON,83,475174282.56,251
2018-10,LMT,84,474535921.23,251
2018-10,EA,85,464168724.97,251
2018-10,TGT,86,448790756.47,251
2018-10,BMY,87,448363852.35,251
2018-10,HAL,88,434247978.49,251
2018-10,COP,89,434142674.47,251
2018-10,FDX,90,429071886.04,251
2018-10,CI,91,422433248.87,251
2018-10,UPS,92,422267103.92,251
2018-10,STZ,93,406980882.99,251
2018-10,EBAY,94,403501156.43,251
2018-10,CSX,95,402578220.85,251
2018-10,DAL,96,398788141.62,251
2018-10,ABT,97,398296148.18,251
2018-10,DE,98,397906479.31,251
2018-10,CMG,99,392591813.1,251
2018-10,ISRG,100,388203456.44,251
2018-10,MPC,101,383420926.54,251
2018-10,MDLZ,102,382845023.62,251
2018-10,AXP,103,382408150.39,251
2018-10,OXY,104,382166747.8,251
2018-10,USB,105,381078289.05,251
2018-10,ELV,106,377643739.42,251
2018-10,LLY,107,376782428.74,251
2018-10,EOG,108,376576567.63,251
2018-10,ACN,109,374996772.76,251
2018-10,VLO,110,372179273.86,251
2018-10,TJX,111,366050535.39,251
2018-10,RTN,112,365105536.07,251
2018-10,NTES,113,363999061.12,251
2018-10,SCHW,114,361570514.46,251
2018-10,SNAP,115,358433253.65,251
2018-10,NOC,116,357667498.98,251
2018-10,ESRX,117,356671318.58,251
2018-10,KHC,118,354513180.2,251
2018-10,WDC,119,352212936.25,251
2018-10,AIG,120,351782335.08,251
2018-10,AMT,121,344202568.45,251
2018-10,NEE,122,339623046.93,251
2018-10,PNC,123,339072546.99,251
2018-10,TMO,124,336046834.76,251
2018-10,APC,125,333168525.85,251
2018-10,REGN,126,329105665.48,251
2018-10,ROKU,127,325609572.68,251
2018-10,MAR,128,320230134.45,251
2018-10,BLK,129,319803087.74,251
2018-10,M,130,319183533.29,251
2018-10,GD,131,319129584.32,251
2018-10,KR,132,318472550.83,251
2018-10,FCX,133,315807600.08,251
2018-10,TEVA,134,315326657.9,251
2018-10,DUK,135,313890875.23,251
2018-10,LUV,136,310989218.61,251
2018-10,PCG,137,308271932.92,251
2018-10,SPG,138,306246746.63,251
2018-10,BDX,139,305580498.56,251
2018-10,NOW,140,304957011.53,251
2018-10,UAL,141,303948423.13,251
2018-10,TSM,142,302960448.66,251
2018-10,ADP,143,299695641.4,251
2018-10,MGM,144,298294100.05,251
2018-10,SO,145,298105339.17,251
2018-10,CTSH,146,297925113.83,251
2018-10,VALE,147,297195186.94,251
2018-10,MET,148,294901107.83,251
2018-10,ALGN,149,294539696.53,251
2018-10,DLTR,150,293992086.01,251
2018-11,AMZN,1,8248614201.63,252
2018-11,AAPL,2,6232027928.1,252
2018-11,META,3,4761262367.59,252
2018-11,BABA,4,3824342315.02,252
2018-11,NVDA,5,3173533683.77,252
2018-11,MSFT,6,3104612373.89,252
2018-11,TSLA,7,2672587715.09,252
2018-11,GOOGL,8,2353751522.52,252
2018-11,MU,9,2276718317.07,252
2018-11,BAC,10,2145748595.23,252
2018-11,GOOG,11,1970464925.25,252
2018-11,JPM,12,1747987591.13,252
2018-11,INTC,13,1566772112.2,252
2018-11,BA,14,1532573539.8,252
2018-11,AMD,15,1419179915.72,252
2018-11,T,16,1313357434.81,252
2018-11,C,17,1272024039.76,252
2018-11,WFC,18,1265980674.93,252
2018-11,GE,19,1219543964.9,252
2018-11,V,20,1189043530.78,252
2018-11,XOM,21,1149931746.31,252
2018-11,CSCO,22,1124660948.84,252
2018-11,AVGO,23,1060977334.57,252
2018-11,JNJ,24,1030404329.06,252
2018-11,CMCSA,25,1007257092.04,252
2018-11,HD,26,1000473832.56,252
2018-11,BRK.B,27,972473622.89,252
2018-11,DIS,28,960906033.52,252
2018-11,WMT,29,957671093.13,252
2018-11,BKNG,30,927905652.14,252
2018-11,VZ,31,919886350.68,252
2018-11,PFE,32,899531956.16,252
2018-11,ORCL,33,896275771.91,252
2018-11,QCOM,34,875744892.98,252
2018-11,CVX,35,856769215.25,252
2018-11,XYZ,36,850860032.67,252
2018-11,IBM,37,844904791.3,252
2018-11,UNH,38,829867982.03,252
2018-11,GS,39,807429790.58,252
2018-11,PG,40,801734934.82,252
2018-11,CAT,41,800462654.28,252
2018-11,BIDU,42,796724285.85,252
2018-11,PYPL,43,775881255.61,252
2018-11,AABA,44,752072397.8,252
2018-11,MA,45,746682248.73,252
2018-11,ADBE,46,744751108.71,252
2018-11,MRK,47,744687442.85,252
2018-11,CRM,48,741809044.95,252
2018-11,ABBV,49,736951064.3,252
2018-11,MCD,50,717165566.31,252
2018-11,AMGN,51,713578993.33,252
2018-11,AMAT,52,703916982.81,252
2018-11,UNP,53,674454569.38,252
2018-11,TXN,54,655610365.38,252
2018-11,DWDP,55,653519486.38,252
2018-11,DD,56,653519486.38,252
2018-11,LRCX,57,648373907.41,252
2018-11,NXPI,58,645051190.12,252
2018-11,CVS,59,643905355.13,252
2018-11,CELG,60,640987514.23,252
2018-11,SBUX,61,638744415.41,252
2018-11,GILD,62,613086637.26,252
2018-11,JD,63,610296149.39,252
2018-11,PEP,64,607894167.94,252
2018-11,LOW,65,607787702.52,252
2018-11,KO,66,605675262.4,252
2018-11,MMM,67,601165210.64,252
2018-11,PM,68,594384201.05,252
2018-11,NKE,69,588448078.6,252
2018-11,SLB,70,583797591.55,252
2018-11,RTX,71,578492734.78,252
2018-11,CHTR,72,575714588.94,252
2018-11,GM,73,536821630.12,252
2018-11,MO,74,529323743.69,252
2018-11,MS,75,527946271.92,252
2018-11,COST,76,524479214.24,252
2018-11,BIIB,77,522873024.64,252
2018-11,FOXA,78,502305080.87,252
2018-11,HON,79,496456717.73,252
2018-11,EA,80,490830120.17,252
2018-11,LMT,81,490761900.52,252
2018-11,F,82,490246182.3,252
2018-11,AGN,83,487396961.63,252
2018-11,MDT,84,483721168.0,252
2018-11,WYNN,85,479117675.48,252
2018-11,BMY,86,464166540.1,252
2018-11,COP,87,454663840.64,252
2018-11,TGT,88,452633222.55,252
2018-11,CI,89,443382451.24,252
2018-11,FDX,90,440923775.56,252
2018-11,HAL,91,440352633.5,252
2018-11,STZ,92,429714228.07,252
2018-11,UPS,93,427842747.76,252
2018-11,ABT,94,422333039.02,252
2018-11,MPC,95,422185761.63,252
2018-11,CSX,96,421187802.32,252
2018-11,DE,97,412543125.83,252
2018-11,EBAY,98,411279336.0,252
2018-11,ISRG,99,409349987.19,252
2018-11,DAL,100,404356095.46,252
2018-11,LLY,101,399310254.81,252
2018-11,OXY,102,396458057.82,252
2018-11,USB,103,395077215.89,252
2018-11,EOG,104,392852326.96,252
2018-11,AXP,105,391313364.91,252
2018-11,ACN,106,386884400.18,252
2018-11,VLO,107,386806848.85,252
2018-11,TJX,108,385395523.46,252
2018-11,MDLZ,109,383777464.96,252
2018-11,ELV,110,382180826.4,252
2018-11,CMG,111,379750372.89,252
2018-11,RTN,112,377041941.63,252
2018-11,SCHW,113,377000666.87,252
2018-11,NOC,114,376225153.45,252
2018-11,KHC,115,363989469.42,252
2018-11,ROKU,116,362875795.87,252
2018-11,ESRX,117,359096737.74,252
2018-11,AIG,118,357993827.44,252
2018-11,PNC,119,355286624.99,252
2018-11,TMO,120,354124924.89,252
2018-11,NTES,121,354000536.14,252
2018-11,AMT,122,352305420.32,252
2018-11,NEE,123,350226112.69,252
2018-11,WDC,124,349578871.73,252
2018-11,SNAP,125,348855988.88,252
2018-11,BLK,126,342024997.79,252
2018-11,APC,127,333397813.51,252
2018-11,NOW,128,333244252.09,252
2018-11,GD,129,329740154.05,252
2018-11,DUK,130,328689316.45,252
2018-11,MAR,131,324403196.38,252
2018-11,REGN,132,321939221.09,252
2018-11,M,133,319895200.57,252
2018-11,ALGN,134,319602709.5,252
2018-11,TSM,135,319389354.2,252
2018-11,FCX,136,318607999.38,252
2018-11,RHT,137,317224842.61,252
2018-11,SPG,138,314828766.25,252
2018-11,LUV,139,314228197.03,252
2018-11,KR,140,309765498.33,252
2018-11,ADP,141,309608851.81,252
2018-11,BDX,142,309592932.0,252
2018-11,VALE,143,307392963.11,252
2018-11,DLTR,144,307387706.06,252
2018-11,INTU,145,305968007.01,252
2018-11,SO,146,305476024.65,252
2018-11,CTSH,147,305091055.28,252
2018-11,MET,148,304960181.99,252
2018-11,TEVA,149,304523094.66,252
2018-11,ADSK,150,302064004.27,252
2018-12,AMZN,1,8814878569.35,252
2018-12,AAPL,2,6569394227.61,252
2018-12,META,3,4806548941.77,252
2018-12,BABA,4,3796251965.68,252
2018-12,MSFT,5,3285810755.88,252
2018-12,NVDA,6,3205222667.2,252
2018-12,TSLA,7,2671815044.7,252
2018-12,GOOGL,8,2408589205.7,252
2018-12,MU,9,2236894836.15,252
2018-12,BAC,10,2124199997.36,252
2018-12,GOOG,11,2032544283.07,252
2018-12,JPM,12,1775379294.73,252
2018-12,BA,13,1596629094.44,252
2018-12,INTC,14,1570778061.54,252
2018-12,AMD,15,1547308654.84,252
2018-12,T,16,1280312667.76,252
2018-12,C,17,1278136811.08,252
2018-12,WFC,18,1274744980.28,252
2018-12,V,19,1256228164.53,252
2018-12,GE,20,1189718007.74,252
2018-12,XOM,21,1180227724.98,252
2018-12,CSCO,22,1158419324.88,252
2018-12,JNJ,23,1069714815.97,252
2018-12,AVGO,24,1040650626.27,252
2018-12,HD,25,1027148089.35,252
2018-12,BRK.B,26,1006591947.24,252
2018-12,CMCSA,27,993506134.14,252
2018-12,DIS,28,978010515.46,252
2018-12,WMT,29,950681366.62,252
2018-12,PFE,30,948277748.27,252
2018-12,VZ,31,932035914.97,252
2018-12,ORCL,32,921916313.19,252
2018-12,BKNG,33,897993354.9,252
2018-12,CVX,34,882917420.37,252
2018-12,UNH,35,871519979.33,252
2018-12,QCOM,36,861492043.73,252
2018-12,IBM,37,861151995.04,252
2018-12,XYZ,38,860128040.91,252
2018-12,PG,39,840077559.51,252
2018-12,CAT,40,832397755.42,252
2018-12,GS,41,825354340.35,252
2018-12,BIDU,42,794854015.4,252
2018-12,ADBE,43,793565148.0,252
2018-12,CRM,44,784798309.62,252
2018-12,MA,45,779220250.5,252
2018-12,MRK,46,776701817.4,252
2018-12,PYPL,47,774235247.12,252
2018-12,ABBV,48,757258687.16,252
2018-12,MCD,49,736424752.38,252
2018-12,AABA,50,733412392.75,252
2018-12,AMGN,51,723839313.21,252
2018-12,UNP,52,698821259.42,252
2018-12,AMAT,53,688562562.15,252
2018-12,TXN,54,682469998.05,252
2018-12,SBUX,55,682325807.26,252
2018-12,DWDP,56,661343121.02,252
2018-12,DD,57,661343121.02,252
2018-12,CVS,58,656214232.83,252
2018-12,LRCX,59,641528833.8,252
2018-12,NXPI,60,639288662.9,252
2018-12,CELG,61,624927590.38,252
2018-12,RTX,62,622825833.59,252
2018-12,KO,63,622703894.82,252
2018-12,PEP,64,621116860.0,252
2018-12,MMM,65,610773986.9,252
2018-12,GILD,66,607472705.34,252
2018-12,LOW,67,605153961.03,252
2018-12,PM,68,597767977.24,252
2018-12,JD,69,587761590.31,252
2018-12,NKE,70,585585761.41,252
2018-12,SLB,71,585243485.96,252
2018-12,CHTR,72,552249606.42,252
2018-12,MO,73,546138433.49,252
2018-12,MS,74,540989239.22,252
2018-12,COST,75,529774207.33,252
2018-12,GM,76,528354920.11,252
2018-12,FOXA,77,526043063.87,252
2018-12,BIIB,78,525432778.16,252
2018-12,LMT,79,506098483.4,252
2018-12,HON,80,504324078.63,252
2018-12,WYNN,81,494204740.08,252
2018-12,F,82,489400711.56,252
2018-12,MDT,83,489002666.06,252
2018-12,EA,84,488046835.59,252
2018-12,BMY,85,480084826.79,252
2018-12,COP,86,467435641.86,252
2018-12,AGN,87,463206658.74,252
2018-12,CI,88,463130577.11,252
2018-12,TGT,89,454978488.28,252
2018-12,STZ,90,444721312.87,252
2018-12,HAL,91,444026316.29,252
2018-12,FDX,92,442431588.04,252
2018-12,MPC,93,437441488.74,252
2018-12,ABT,94,436435234.17,252
2018-12,LLY,95,428418726.89,252
2018-12,CSX,96,427097335.42,252
2018-12,UPS,97,425649915.16,252
2018-12,EBAY,98,419135148.25,252
2018-12,ISRG,99,419024030.14,252
2018-12,DE,100,412408220.66,252
2018-12,DAL,101,410806860.56,252
2018-12,EOG,102,405632761.51,252
2018-12,USB,103,405561224.82,252
2018-12,OXY,104,404449088.28,252
2018-12,ACN,105,399418143.69,252
2018-12,AXP,106,399126417.05,252
2018-12,NOC,107,394844542.27,252
2018-12,VLO,108,394061925.08,252
2018-12,TJX,109,392213074.31,252
2018-12,SCHW,110,387974712.79,252
2018-12,MDLZ,111,386782563.46,252
2018-12,ELV,112,384949010.79,252
2018-12,RTN,113,384884773.71,252
2018-12,ESRX,114,378394147.02,252
2018-12,CMG,115,378277424.0,252
2018-12,KHC,116,370262377.37,252
2018-12,PNC,117,366498126.68,252
2018-12,TMO,118,362778233.34,252
2018-12,NEE,119,359925264.96,252
2018-12,AIG,120,357043013.19,252
2018-12,AMT,121,355974838.67,252
2018-12,BLK,122,351334824.03,252
2018-12,NOW,123,351091954.99,252
2018-12,RHT,124,347826328.73,252
2018-12,WDC,125,344879184.55,252
2018-12,ROKU,126,342082068.24,252
2018-12,APC,127,337005410.78,252
2018-12,DUK,128,336665987.83,252
2018-12,GD,129,335843260.45,252
2018-12,TSM,130,334465939.85,252
2018-12,ALGN,131,326730295.91,252
2018-12,SNAP,132,325325091.45,252
2018-12,INTU,133,322709444.94,252
2018-12,FCX,134,319357950.62,252
2018-12,M,135,317439338.25,252
2018-12,NTES,136,317414423.92,252
2018-12,LUV,137,315986623.8,252
2018-12,ADP,138,314164523.25,252
2018-12,MAR,139,313918872.96,252
2018-12,MET,140,313397998.9,252
2018-12,CME,141,313020592.59,252
2018-12,NSC,142,312104742.55,252
2018-12,BDX,143,311924010.94,252
2018-12,SO,144,311271691.95,252
2018-12,VALE,145,310626452.2,252
2018-12,DLTR,146,309988792.83,252
2018-12,SPG,147,309532760.19,252
2018-12,SHW,148,308321654.1,252
2018-12,UAL,149,307864389.42,252
2018-12,REGN,150,307833235.96,252
2019-01,AMZN,1,9558779432.34,251
2019-01,AAPL,2,6834620831.2,251
2019-01,META,3,4910485905.24,251
2019-01,BABA,4,3716683477.23,251
2019-01,MSFT,5,3563486133.46,251
2019-01,NVDA,6,3203651486.19,251
2019-01,TSLA,7,2740636997.53,251
2019-01,GOOGL,8,2479706315.45,251
2019-01,MU,9,2190488963.06,251
2019-01,BAC,10,2139822543.4,251
2019-01,GOOG,11,2097471161.12,251
2019-01,JPM,12,1831118029.57,251
2019-01,AMD,13,1675114617.77,251
2019-01,BA,14,1640219119.14,251
2019-01,INTC,15,1583007440.32,251
2019-01,V,16,1321817163.73,251
2019-01,T,17,1308545689.5,251
2019-01,C,18,1297792165.79,251
2019-01,WFC,19,1296107257.84,251
2019-01,XOM,20,1225438820.37,251
2019-01,CSCO,21,1220559625.1,251
2019-01,GE,22,1181130760.99,251
2019-01,JNJ,23,1167413654.23,251
2019-01,AVGO,24,1076840028.29,251
2019-01,BRK.B,25,1051932950.98,251
2019-01,HD,26,1037006363.01,251
2019-01,PFE,27,1003578507.37,251
2019-01,CMCSA,28,983270791.02,251
2019-01,VZ,29,966572924.6,251
2019-01,DIS,30,964067186.33,251
2019-01,ORCL,31,959718343.26,251
2019-01,WMT,32,956781043.56,251
2019-01,UNH,33,922013677.94,251
2019-01,CVX,34,912801406.77,251
2019-01,BKNG,35,910650024.92,251
2019-01,XYZ,36,896041959.17,251
2019-01,QCOM,37,892197954.51,251
2019-01,PG,38,880197465.54,251
2019-01,IBM,39,863207264.51,251
2019-01,CAT,40,846535758.1,251
2019-01,ADBE,41,844267020.75,251
2019-01,GS,42,841103059.35,251
2019-01,CRM,43,830086098.61,251
2019-01,MA,44,823698889.16,251
2019-01,MRK,45,820174827.02,251
2019-01,BIDU,46,796690240.17,251
2019-01,PYPL,47,789630836.56,251
2019-01,ABBV,48,771538874.72,251
2019-01,MCD,49,755748140.84,251
2019-01,AMGN,50,737659842.87,251
2019-01,SBUX,51,713037135.23,251
2019-01,AABA,52,710491028.35,251
2019-01,TXN,53,700766218.86,251
2019-01,UNP,54,696610892.79,251
2019-01,DWDP,55,682115164.98,251
2019-01,DD,56,682115164.98,251
2019-01,AMAT,57,675846320.47,251
2019-01,CVS,58,656983468.05,251
2019-01,RTX,59,653533997.24,251
2019-01,KO,60,647951140.57,251
2019-01,PEP,61,647223265.58,251
2019-01,NXPI,62,646559994.28,251
2019-01,LRCX,63,629202219.36,251
2019-01,MMM,64,615204729.05,251
2019-01,CELG,65,615113915.1,251
2019-01,PM,66,612602438.86,251
2019-01,GILD,67,606202299.49,251
2019-01,LOW,68,598825560.75,251
2019-01,SLB,69,595519818.55,251
2019-01,NKE,70,591157104.3,251
2019-01,JD,71,574368032.13,251
2019-01,MS,72,560370040.3,251
2019-01,MO,73,557567349.03,251
2019-01,COST,74,542353459.95,251
2019-01,CHTR,75,536902256.7,251
2019-01,BIIB,76,535880128.04,251
2019-01,FOXA,77,530489785.37,251
2019-01,LMT,78,524442608.62,251
2019-01,GM,79,521141033.02,251
2019-01,HON,80,508093767.75,251
2019-01,MDT,81,506454600.85,251
2019-01,WYNN,82,505061954.42,251
2019-01,CI,83,500339700.73,251
2019-01,BMY,84,494112683.54,251
2019-01,F,85,493807587.31,251
2019-01,EA,86,489747721.52,251
2019-01,COP,87,481844913.19,251
2019-01,FDX,88,466523929.8,251
2019-01,AGN,89,460660372.49,251
2019-01,TGT,90,459463592.02,251
2019-01,MPC,91,457372647.88,251
2019-01,LLY,92,454497669.11,251
2019-01,STZ,93,452466627.37,251
2019-01,ABT,94,450867559.51,251
2019-01,HAL,95,444862256.06,251
2019-01,UPS,96,433623373.53,251
2019-01,EBAY,97,427276053.69,251
2019-01,USB,98,425868957.42,251
2019-01,ISRG,99,425548832.13,251
2019-01,DE,100,424332615.06,251
2019-01,EOG,101,419319373.02,251
2019-01,OXY,102,415927223.09,251
2019-01,CSX,103,415254796.74,251
2019-01,DAL,104,414360337.71,251
2019-01,AXP,105,414105934.01,251
2019-01,NOC,106,412895965.18,251
2019-01,ACN,107,412438652.78,251
2019-01,ESRX,108,409778608.41,245
2019-01,VLO,109,402240206.56,251
2019-01,RTN,110,400279782.18,251
2019-01,TJX,111,398580828.26,251
2019-01,ELV,112,396643643.99,251
2019-01,SCHW,113,394051493.29,251
2019-01,MDLZ,114,386213886.86,251
2019-01,NEE,115,380444413.58,251
2019-01,KHC,116,378896503.04,251
2019-01,PNC,117,377260545.23,251
2019-01,TMO,118,375638420.47,251
2019-01,CMG,119,374856619.64,251
2019-01,AIG,120,367070324.15,251
2019-01,AMT,121,365496933.17,251
2019-01,NOW,122,365441721.17,251
2019-01,RHT,123,365003120.94,251
2019-01,BLK,124,362147841.51,251
2019-01,DUK,125,352061883.66,251
2019-01,TSM,126,346006698.37,251
2019-01,GD,127,345760407.07,251
2019-01,INTU,128,340307740.39,251
2019-01,WDC,129,339130248.55,251
2019-01,APC,130,337248096.75,251
2019-01,ROKU,131,332493612.27,251
2019-01,D,132,331169121.34,251
2019-01,ADP,133,331011499.74,251
2019-01,CME,134,330475740.98,251
2019-01,NSC,135,326556753.69,251
2019-01,ALGN,136,324183714.38,251
2019-01,MET,137,320760925.16,251
2019-01,SHW,138,319347375.78,251
2019-01,UAL,139,318832253.61,251
2019-01,PBR,140,316562083.27,251
2019-01,CL,141,315054421.24,251
2019-01,DLTR,142,314448089.19,251
2019-01,BDX,143,314056989.96,251
2019-01,LUV,144,313760577.01,251
2019-01,BNY,145,313148075.22,251
2019-01,VALE,146,312965558.19,251
2019-01,SO,147,312827128.69,251
2019-01,SPG,148,312529749.54,251
2019-01,REGN,149,311985648.46,251
2019-01,EL,150,311328266.83,251
2019-02,AMZN,1,9935909454.92,251
2019-02,AAPL,2,6884743141.47,251
2019-02,META,3,4857707436.02,251
2019-02,MSFT,4,3658495504.15,251
2019-02,BABA,5,3596353103.58,251
2019-02,NVDA,6,3183814412.98,251
2019-02,TSLA,7,2790389679.39,251
2019-02,GOOGL,8,2483192692.2,251
2019-02,MU,9,2153179043.23,251
2019-02,BAC,10,2146362568.78,251
2019-02,GOOG,11,2103421825.8,251
2019-02,JPM,12,1826573841.89,251
2019-02,AMD,13,1799645501.63,251
2019-02,BA,14,1603308444.43,251
2019-02,INTC,15,1532294036.77,251
2019-02,V,16,1359839853.71,251
2019-02,T,17,1307800579.2,251
2019-02,C,18,1300238520.47,251
2019-02,WFC,19,1295399224.36,251
2019-02,XOM,20,1219271790.08,251
2019-02,CSCO,21,1216473814.23,251
2019-02,JNJ,22,1160798335.24,251
2019-02,GE,23,1105055193.57,251
2019-02,AVGO,24,1075397662.2,251
2019-02,BRK.B,25,1061319562.74,251
2019-02,PFE,26,1035337513.75,251
2019-02,HD,27,1033455300.84,251
2019-02,CMCSA,28,976972495.88,251
2019-02,VZ,29,974554749.26,251
2019-02,DIS,30,963555426.4,251
2019-02,ORCL,31,953383314.59,251
2019-02,WMT,32,949195550.97,251
2019-02,XYZ,33,946909566.19,251
2019-02,UNH,34,930859685.9,251
2019-02,QCOM,35,923994217.27,251
2019-02,CVX,36,907120998.74,251
2019-02,BKNG,37,905939056.75,251
2019-02,PG,38,897018193.97,251
2019-02,ADBE,39,869556458.64,251
2019-02,CRM,40,864701524.13,251
2019-02,MA,41,852622102.79,251
2019-02,MRK,42,841344607.76,251
2019-02,IBM,43,826469817.38,251
2019-02,GS,44,825962912.86,251
2019-02,CAT,45,818019325.53,251
2019-02,PYPL,46,804717139.6,251
2019-02,BIDU,47,783662091.56,251
2019-02,ABBV,48,770612012.83,251
2019-02,MCD,49,759410031.37,251
2019-02,AMGN,50,746019520.1,251
2019-02,SBUX,51,730660281.79,251
2019-02,UNP,52,702568041.07,251
2019-02,AABA,53,701644745.58,251
2019-02,TXN,54,696377847.09,251
2019-02,DWDP,55,689312794.93,251
2019-02,DD,56,689312794.93,251
2019-02,RTX,57,659235125.34,251
2019-02,KO,58,657203721.14,251
2019-02,PEP,59,656986341.81,251
2019-02,NXPI,60,656860363.03,251
2019-02,CVS,61,656818637.98,251
2019-02,AMAT,62,651816133.63,251
2019-02,CELG,63,649785212.89,251
2019-02,PM,64,614766311.2,251
2019-02,LRCX,65,611542189.92,251
2019-02,MMM,66,606245268.51,251
2019-02,NKE,67,598455696.01,251
2019-02,GILD,68,586952477.6,251
2019-02,SLB,69,582795727.84,251
2019-02,LOW,70,580537446.66,251
2019-02,MO,71,574921248.87,251
2019-02,MS,72,570466995.47,251
2019-02,JD,73,549252362.08,251
2019-02,BMY,74,545370686.16,251
2019-02,COST,75,537982676.36,251
2019-02,FOXA,76,537973447.51,251
2019-02,BIIB,77,534533186.82,251
2019-02,CHTR,78,529489469.84,251
2019-02,CI,79,524940070.9,251
2019-02,MDT,80,520343604.7,251
2019-02,LMT,81,518556994.15,251
2019-02,GM,82,508598969.26,251
2019-02,HON,83,496331937.82,251
2019-02,COP,84,491747539.04,251
2019-02,EA,85,477464548.88,251
2019-02,LLY,86,471868770.13,251
2019-02,F,87,471669980.71,251
2019-02,MPC,88,471155913.97,251
2019-02,FDX,89,458331732.25,251
2019-02,AGN,90,457823778.85,251
2019-02,ABT,91,457442100.15,251
2019-02,STZ,92,452107635.01,251
2019-02,WYNN,93,442509533.66,251
2019-02,TGT,94,439146471.75,251
2019-02,EBAY,95,438108566.05,251
2019-02,ISRG,96,428942769.27,251
2019-02,HAL,97,427324921.54,251
2019-02,DE,98,425688407.58,251
2019-02,USB,99,425059191.53,251
2019-02,UPS,100,424652119.05,251
2019-02,OXY,101,419485049.49,251
2019-02,EOG,102,418297846.05,251
2019-02,AXP,103,417767639.85,251
2019-02,NOC,104,415031191.93,251
2019-02,CSX,105,414649543.35,251
2019-02,ESRX,106,413247645.9,224
2019-02,ACN,107,410640102.22,251
2019-02,VLO,108,408936312.09,251
2019-02,IQ,109,407519881.36,212
2019-02,ELV,110,406002885.92,251
2019-02,DAL,111,402475860.91,251
2019-02,RTN,112,401310949.93,251
2019-02,TJX,113,400723228.42,251
2019-02,TMO,114,392255260.68,251
2019-02,NEE,115,389343133.02,251
2019-02,SCHW,116,388304627.36,251
2019-02,NOW,117,384855424.59,251
2019-02,MDLZ,118,384683331.7,251
2019-02,RHT,119,381149368.69,251
2019-02,CMG,120,379415428.67,251
2019-02,KHC,121,378235689.81,251
2019-02,PNC,122,375887754.21,251
2019-02,AMT,123,362213568.66,251
2019-02,ROKU,124,362182203.34,251
2019-02,TSM,125,357057391.25,251
2019-02,BLK,126,355455744.4,251
2019-02,INTU,127,352295366.39,251
2019-02,AIG,128,351628517.03,251
2019-02,DUK,129,349375578.97,251
2019-02,ADP,130,341878135.95,251
2019-02,CME,131,340580109.43,251
2019-02,WDC,132,335511890.68,251
2019-02,VALE,133,334511598.12,251
2019-02,GD,134,334450309.27,251
2019-02,SPOT,135,334259971.48,210
2019-02,NSC,136,332413953.49,251
2019-02,D,137,330694465.65,251
2019-02,APC,138,328799861.33,251
2019-02,ALGN,139,327185188.06,251
2019-02,SHW,140,326248641.53,251
2019-02,EL,141,324125986.74,251
2019-02,DLTR,142,320228379.99,251
2019-02,PCG,143,317461522.25,251
2019-02,BNY,144,314646355.97,251
2019-02,PBR,145,314326409.67,251
2019-02,REGN,146,314291043.99,251
2019-02,CL,147,314283816.91,251
2019-02,PSX,148,314243278.99,251
2019-02,UAL,149,313471703.0,251
2019-02,M,150,312525865.9,251
2019-03,AMZN,1,9671827138.75,251
2019-03,AAPL,2,6587238031.73,251
2019-03,META,3,4682863955.8,251
2019-03,MSFT,4,3597123660.47,251
2019-03,BABA,5,3418388270.63,251
2019-03,NVDA,6,3006686404.9,251
2019-03,TSLA,7,2802624824.84,251
2019-03,GOOGL,8,2405707055.77,251
2019-03,MU,9,2106633770.75,251
2019-03,GOOG,10,2049710637.79,251
2019-03,BAC,11,2043938547.95,251
2019-03,AMD,12,1869950365.41,251
2019-03,JPM,13,1757210999.9,251
2019-03,BA,14,1570841314.12,251
2019-03,INTC,15,1501274695.71,251
2019-03,V,16,1368874686.78,251
2019-03,T,17,1282887944.45,251
2019-03,C,18,1259302610.05,251
2019-03,WFC,19,1217873901.41,251
2019-03,CSCO,20,1181372260.22,251
2019-03,XOM,21,1176796917.27,251
2019-03,JNJ,22,1132388694.4,251
2019-03,GE,23,1081393916.71,251
2019-03,AVGO,24,1051999898.45,251
2019-03,BRK.B,25,1034895697.27,251
2019-03,PFE,26,1031467026.43,251
2019-03,HD,27,1006021740.2,251
2019-03,XYZ,28,967772603.1,251
2019-03,DIS,29,956990323.16,251
2019-03,ORCL,30,951117685.37,251
2019-03,VZ,31,950556738.63,251
2019-03,UNH,32,938673138.41,251
2019-03,CMCSA,33,936688936.54,251
2019-03,WMT,34,894804211.53,251
2019-03,PG,35,894566845.1,251
2019-03,QCOM,36,893072149.26,251
2019-03,ADBE,37,883609341.35,251
2019-03,BKNG,38,883157432.29,251
2019-03,CVX,39,881711517.25,251
2019-03,CRM,40,880056072.37,251
2019-03,MRK,41,842301229.84,251
2019-03,MA,42,840681182.94,251
2019-03,IBM,43,799030464.68,251
2019-03,GS,44,786675840.22,251
2019-03,CAT,45,780871908.23,251
2019-03,PYPL,46,778675554.76,251
2019-03,BIDU,47,762344778.98,251
2019-03,MCD,48,743589608.16,251
2019-03,SBUX,49,740390602.25,251
2019-03,ABBV,50,739368206.47,251
2019-03,AMGN,51,714149162.45,251
2019-03,UNP,52,690152015.96,251
2019-03,AABA,53,683414615.42,251
2019-03,DWDP,54,682381345.27,251
2019-03,DD,55,682381345.27,251
2019-03,TXN,56,680781354.74,251
2019-03,KO,57,678815320.17,251
2019-03,CVS,58,672532872.98,251
2019-03,CELG,59,662474264.37,251
2019-03,PEP,60,658041594.52,251
2019-03,NXPI,61,634274297.14,251
2019-03,RTX,62,632379523.43,251
2019-03,AMAT,63,614096906.74,251
2019-03,PM,64,602530809.12,251
2019-03,NKE,65,591713327.54,251
2019-03,LLY,66,585786390.49,251
2019-03,LRCX,67,584343655.45,251
2019-03,MMM,68,579811459.63,251
2019-03,MO,69,572854114.25,251
2019-03,BMY,70,572837995.34,251
2019-03,GILD,71,566308123.38,251
2019-03,MS,72,563348752.17,251
2019-03,SLB,73,561042441.35,251
2019-03,FOXA,74,557710384.32,251
2019-03,LOW,75,555914810.83,251
2019-03,CI,76,547186272.55,251
2019-03,EA,77,543383313.8,251
2019-03,COST,78,538579693.82,251
2019-03,JD,79,535641385.24,251
2019-03,MDT,80,519036046.75,251
2019-03,CHTR,81,518242985.78,251
2019-03,BIIB,82,517648632.94,251
2019-03,LMT,83,499198174.71,251
2019-03,GM,84,494285089.01,251
2019-03,COP,85,491779243.94,251
2019-03,HON,86,488461415.85,251
2019-03,MPC,87,477361759.39,251
2019-03,ABT,88,457229755.79,251
2019-03,F,89,455130349.56,251
2019-03,STZ,90,454559271.01,251
2019-03,FDX,91,444392882.48,251
2019-03,AGN,92,440288550.82,251
2019-03,TGT,93,431621318.91,251
2019-03,ISRG,94,429761127.06,251
2019-03,EBAY,95,424349001.71,251
2019-03,DE,96,420799678.86,251
2019-03,ESRX,97,417374742.62,205
2019-03,USB,98,416064792.21,251
2019-03,EOG,99,413187734.48,251
2019-03,OXY,100,412449080.87,251
2019-03,ELV,101,411906254.23,251
2019-03,WYNN,102,411357408.45,251
2019-03,AXP,103,409346074.61,251
2019-03,CSX,104,408897676.89,251
2019-03,HAL,105,406831372.94,251
2019-03,ACN,106,404297213.23,251
2019-03,ROKU,107,402349430.57,251
2019-03,VLO,108,402223028.29,251
2019-03,IQ,109,401818816.97,231
2019-03,NOC,110,401273536.08,251
2019-03,RTN,111,400288236.75,251
2019-03,KHC,112,397759728.2,251
2019-03,TJX,113,395249349.72,251
2019-03,DAL,114,395187928.35,251
2019-03,NOW,115,393861090.11,251
2019-03,TMO,116,393138070.85,251
2019-03,NEE,117,392846056.83,251
2019-03,UPS,118,392642174.84,251
2019-03,RHT,119,381594168.06,251
2019-03,MDLZ,120,378835033.42,251
2019-03,SCHW,121,377765588.36,251
2019-03,CMG,122,371437394.49,251
2019-03,PNC,123,365296421.83,251
2019-03,INTU,124,362118904.58,251
2019-03,AMT,125,352882622.72,251
2019-03,TSM,126,351097189.22,251
2019-03,ADP,127,348731307.01,251
2019-03,DUK,128,346051573.58,251
2019-03,BLK,129,343602264.92,251
2019-03,CME,130,342463956.38,251
2019-03,NSC,131,338417079.93,251
2019-03,AIG,132,336986473.08,251
2019-03,VALE,133,335341818.2,251
2019-03,D,134,334427927.2,251
2019-03,WDC,135,333727221.43,251
2019-03,SPOT,136,332619798.05,229
2019-03,EL,137,329065435.4,251
2019-03,ALGN,138,324319896.83,251
2019-03,SHW,139,322168578.28,251
2019-03,APC,140,322087955.06,251
2019-03,GD,141,321450182.79,251
2019-03,PSX,142,314078516.7,251
2019-03,ILMN,143,313740838.17,251
2019-03,DLTR,144,312774050.25,251
2019-03,PBR,145,312625474.34,251
2019-03,UAL,146,311452514.95,251
2019-03,CL,147,311282048.53,251
2019-03,CXO,148,310234663.18,251
2019-03,PCG,149,309971079.19,251
2019-03,BNY,150,309184397.29,251
2019-04,AMZN,1,9572055908.0,251
2019-04,AAPL,2,6576791278.64,251
2019-04,META,3,4269065663.39,251
2019-04,MSFT,4,3602806815.05,251
2019-04,BABA,5,3293995720.37,251
2019-04,NVDA,6,2868338511.14,251
2019-04,TSLA,7,2849357307.52,251
2019-04,GOOGL,8,2338188814.57,251
2019-04,GOOG,9,2002419277.56,251
2019-04,BAC,10,1996438709.13,251
2019-04,AMD,11,1952444503.68,251
2019-04,MU,12,1865626715.91,251
2019-04,BA,13,1775508121.16,251
2019-04,JPM,14,1738563278.24,251
2019-04,INTC,15,1448276867.69,251
2019-04,V,16,1422277725.28,251
2019-04,T,17,1284136201.93,251
2019-04,C,18,1232605084.33,251
2019-04,WFC,19,1211079977.39,251
2019-04,CSCO,20,1164176242.84,251
2019-04,XOM,21,1156913909.64,251
2019-04,JNJ,22,1127016812.27,251
2019-04,GE,23,1057873537.0,251
2019-04,DIS,24,1055425354.83,251
2019-04,PFE,25,1051724860.44,251
2019-04,AVGO,26,1034552711.28,251
2019-04,BRK.B,27,1026236688.29,251
2019-04,HD,28,997037790.7,251
2019-04,UNH,29,968385467.59,251
2019-04,VZ,30,960672891.78,251
2019-04,XYZ,31,958217438.78,251
2019-04,LLY,32,949340110.04,251
2019-04,ORCL,33,945873518.9,251
2019-04,CMCSA,34,921371796.82,251
2019-04,PG,35,907286587.57,251
2019-04,ADBE,36,890998031.74,251
2019-04,BKNG,37,888196692.55,251
2019-04,CRM,38,881472244.13,251
2019-04,CVX,39,877242560.14,251
2019-04,QCOM,40,871889539.84,251
2019-04,MRK,41,859620581.61,251
2019-04,WMT,42,858841356.28,251
2019-04,MA,43,845293630.67,251
2019-04,IBM,44,780281614.66,251
2019-04,PYPL,45,774589104.48,251
2019-04,GS,46,767611315.97,251
2019-04,SBUX,47,753673335.53,251
2019-04,CAT,48,745872105.54,251
2019-04,BIDU,49,734389387.6,251
2019-04,MCD,50,718093643.67,251
2019-04,ABBV,51,708825307.62,251
2019-04,CVS,52,701735120.85,251
2019-04,KO,53,698318082.98,251
2019-04,UNP,54,695929322.82,251
2019-04,CELG,55,682938010.5,251
2019-04,DWDP,56,681423572.96,251
2019-04,DD,57,681423572.96,251
2019-04,AABA,58,680439507.46,251
2019-04,PEP,59,678421692.75,251
2019-04,TXN,60,676170807.53,251
2019-04,BMY,61,637791254.71,251
2019-04,AMGN,62,636902600.85,251
2019-04,RTX,63,622645186.48,251
2019-04,NXPI,64,616801380.88,251
2019-04,NKE,65,600319290.63,251
2019-04,PM,66,597194846.61,251
2019-04,MO,67,582788372.76,251
2019-04,FOXA,68,580518572.2,251
2019-04,AMAT,69,569892492.17,251
2019-04,MMM,70,567254052.7,251
2019-04,MS,71,559643480.48,251
2019-04,EA,72,558207612.31,251
2019-04,GILD,73,556631234.66,251
2019-04,SLB,74,553582044.89,251
2019-04,BIIB,75,547931145.27,251
2019-04,LRCX,76,545992054.54,251
2019-04,COST,77,543011018.23,251
2019-04,LOW,78,537545346.43,251
2019-04,MDT,79,527228667.27,251
2019-04,JD,80,520623949.31,251
2019-04,CHTR,81,520501169.66,251
2019-04,CI,82,520326123.55,251
2019-04,COP,83,504000481.16,251
2019-04,HON,84,488903419.23,251
2019-04,MPC,85,487953300.09,251
2019-04,GM,86,479668852.07,251
2019-04,LMT,87,479273576.98,251
2019-04,ROKU,88,464328893.62,251
2019-04,ABT,89,462438721.16,251
2019-04,STZ,90,448973086.34,251
2019-04,F,91,443085024.3,251
2019-04,FDX,92,435431019.98,251
2019-04,ISRG,93,431140546.17,251
2019-04,EBAY,94,429563297.84,251
2019-04,TGT,95,425059530.0,251
2019-04,ELV,96,423939251.14,251
2019-04,AGN,97,422591883.47,251
2019-04,EOG,98,418436080.69,251
2019-04,USB,99,411025590.17,251
2019-04,AXP,100,410907087.46,251
2019-04,CSX,101,408485038.66,251
2019-04,DE,102,405317963.19,251
2019-04,NOW,103,403659583.86,251
2019-04,TMO,104,402778731.62,251
2019-04,OXY,105,402753451.26,251
2019-04,KHC,106,400662056.82,251
2019-04,VLO,107,399819122.33,251
2019-04,DAL,108,399042838.88,251
2019-04,HAL,109,398163191.09,251
2019-04,NOC,110,394985850.68,251
2019-04,RTN,111,391995128.38,251
2019-04,ACN,112,391840332.83,251
2019-04,TJX,113,391309635.65,251
2019-04,CGC,114,390705863.59,213
2019-04,NEE,115,389961971.45,251
2019-04,IQ,116,387613605.26,251
2019-04,CMG,117,384141412.42,251
2019-04,UPS,118,379122869.92,251
2019-04,RHT,119,374722173.97,251
2019-04,WYNN,120,374720068.21,251
2019-04,INTU,121,371563125.77,251
2019-04,MDLZ,122,370704242.96,251
2019-04,SCHW,123,368953190.77,251
2019-04,PNC,124,362494827.21,251
2019-04,ADP,125,351579026.02,251
2019-04,AMT,126,349869198.33,251
2019-04,TSM,127,347691784.67,251
2019-04,DUK,128,347343407.14,251
2019-04,VALE,129,343634747.56,251
2019-04,BLK,130,341178770.94,251
2019-04,NSC,131,340463063.3,251
2019-04,CME,132,338743856.0,251
2019-04,ALGN,133,338032591.55,251
2019-04,D,134,335355421.19,251
2019-04,WDC,135,327769414.75,251
2019-04,EL,136,327187724.08,251
2019-04,SHW,137,326211004.06,251
2019-04,SPOT,138,323269643.69,250
2019-04,ILMN,139,321440439.97,251
2019-04,PBR,140,320572148.88,251
2019-04,PSX,141,319336106.4,251
2019-04,GD,142,315137141.71,251
2019-04,AIG,143,314994179.54,251
2019-04,UAL,144,314832817.65,251
2019-04,WDAY,145,314568023.32,251
2019-04,APC,146,313152622.88,251
2019-04,TWLO,147,312914174.56,251
2019-04,DHR,148,312904376.11,251
2019-04,LULU,149,311395195.13,251
2019-04,LUV,150,311103714.07,251
2019-05,AMZN,1,9411967307.83,251
2019-05,AAPL,2,6532513082.91,251
2019-05,META,3,4053064897.16,251
2019-05,MSFT,4,3564195512.81,251
2019-05,BABA,5,3260969379.5,251
2019-05,TSLA,6,2869558407.41,251
2019-05,NVDA,7,2789510156.94,251
2019-05,GOOGL,8,2290035192.96,251
2019-05,AMD,9,2049398401.77,251
2019-05,GOOG,10,1963929517.04,251
2019-05,BAC,11,1963719476.41,251
2019-05,BA,12,1849130142.55,251
2019-05,MU,13,1730695495.02,251
2019-05,JPM,14,1698413376.41,251
2019-05,V,15,1437667070.26,251
2019-05,INTC,16,1412610508.79,251
2019-05,T,17,1276595267.6,251
2019-05,WFC,18,1228011357.93,251
2019-05,C,19,1203487150.26,251
2019-05,DIS,20,1174581734.25,251
2019-05,CSCO,21,1157362076.07,251
2019-05,XOM,22,1136940753.17,251
2019-05,JNJ,23,1118574920.12,251
2019-05,PFE,24,1066743459.71,251
2019-05,UNH,25,1061568411.07,251
2019-05,GE,26,1027985279.59,251
2019-05,QCOM,27,1016811619.34,251
2019-05,BRK.B,28,1015710480.58,251
2019-05,AVGO,29,1014639636.54,251
2019-05,HD,30,981618459.21,251
2019-05,LLY,31,981147246.14,251
2019-05,XYZ,32,963286472.94,251
2019-05,VZ,33,961634044.1,251
2019-05,ORCL,34,934055145.98,251
2019-05,CVX,35,915393902.09,251
2019-05,PG,36,904622883.26,251
2019-05,CMCSA,37,895771303.68,251
2019-05,ADBE,38,892503346.58,251
2019-05,BKNG,39,892228194.1,251
2019-05,CRM,40,887174257.13,251
2019-05,MRK,41,879863119.01,251
2019-05,MA,42,852502266.06,251
2019-05,WMT,43,845180843.56,251
2019-05,PYPL,44,790975291.02,251
2019-05,SBUX,45,756673772.16,251
2019-05,IBM,46,749027819.53,251
2019-05,GS,47,741672443.09,251
2019-05,BIDU,48,729777235.51,251
2019-05,CAT,49,722809906.55,251
2019-05,CVS,50,708349856.55,251
2019-05,CELG,51,705860042.63,251
2019-05,MCD,52,700146079.7,251
2019-05,KO,53,698270131.21,251
2019-05,ABBV,54,696853779.11,251
2019-05,UNP,55,694029027.21,251
2019-05,AABA,56,681978832.24,251
2019-05,PEP,57,680825368.78,251
2019-05,DWDP,58,675911607.63,251
2019-05,DD,59,675911607.63,251
2019-05,TXN,60,675184199.36,251
2019-05,BMY,61,654466324.48,251
2019-05,AMGN,62,631236432.56,251
2019-05,RTX,63,607502525.36,251
2019-05,NKE,64,598814721.55,251
2019-05,NXPI,65,582688187.84,251
2019-05,MO,66,574613353.16,251
2019-05,FOXA,67,570075131.38,251
2019-05,PM,68,565701812.87,251
2019-05,EA,69,562331550.19,251
2019-05,GILD,70,558366245.07,251
2019-05,BIIB,71,556652676.51,251
2019-05,MS,72,556109637.97,251
2019-05,MMM,73,554113884.66,251
2019-05,SLB,74,543693120.12,251
2019-05,MDT,75,541783338.15,251
2019-05,COST,76,541412360.62,251
2019-05,AMAT,77,539487401.24,251
2019-05,CI,78,535758809.04,251
2019-05,LOW,79,531710094.59,251
2019-05,JD,80,522465315.41,251
2019-05,ROKU,81,518681160.45,251
2019-05,LRCX,82,512397439.23,251
2019-05,COP,83,497237599.88,251
2019-05,HON,84,494460692.71,251
2019-05,CHTR,85,492496785.02,251
2019-05,MPC,86,491931396.13,251
2019-05,GM,87,471158787.61,251
2019-05,LMT,88,468444314.48,251
2019-05,ABT,89,467245979.45,251
2019-05,STZ,90,459824264.25,251
2019-05,ELV,91,452526019.46,251
2019-05,ISRG,92,441367954.0,251
2019-05,F,93,438995389.19,251
2019-05,FDX,94,432015522.15,251
2019-05,TGT,95,429932771.98,251
2019-05,EBAY,96,424828720.71,251
2019-05,EOG,97,417236581.04,251
2019-05,TMO,98,417014501.3,251
2019-05,NOW,99,415436324.0,251
2019-05,OXY,100,414578564.22,251
2019-05,AXP,101,410411228.01,251
2019-05,AGN,102,407956006.11,251
2019-05,USB,103,406668158.05,251
2019-05,CSX,104,403639819.27,251
2019-05,DAL,105,396828666.69,251
2019-05,NEE,106,395606543.25,251
2019-05,IQ,107,393441749.25,251
2019-05,VLO,108,392737882.53,251
2019-05,ACN,109,391815560.32,251
2019-05,KHC,110,391564171.14,251
2019-05,DE,111,390636820.52,251
2019-05,INTU,112,388127272.87,251
2019-05,TJX,113,387341801.46,251
2019-05,CMG,114,386171023.53,251
2019-05,NOC,115,385242701.55,251
2019-05,RTN,116,384883235.27,251
2019-05,HAL,117,384602109.44,251
2019-05,CGC,118,382565653.21,234
2019-05,APC,119,378214205.37,251
2019-05,UPS,120,374864342.65,251
2019-05,RHT,121,374278130.43,251
2019-05,WYNN,122,367444293.09,251
2019-05,MDLZ,123,364087156.11,251
2019-05,SCHW,124,359489199.99,251
2019-05,PNC,125,352443251.42,251
2019-05,DUK,126,351347807.4,251
2019-05,TSM,127,349082107.73,251
2019-05,AMT,128,349066979.3,251
2019-05,ADP,129,346073294.24,251
2019-05,ALGN,130,345674204.56,251
2019-05,TWLO,131,343027326.98,251
2019-05,VALE,132,342901587.87,251
2019-05,CME,133,341013842.81,251
2019-05,NSC,134,338203379.2,251
2019-05,BLK,135,333521319.01,251
2019-05,ILMN,136,332096694.94,251
2019-05,PBR,137,331945995.2,251
2019-05,WDC,138,329732371.4,251
2019-05,D,139,327235277.37,251
2019-05,LULU,140,324999782.29,251
2019-05,DHR,141,323790627.93,251
2019-05,WDAY,142,323765126.11,251
2019-05,SHW,143,320482499.12,251
2019-05,EL,144,320376094.83,251
2019-05,PSX,145,317654205.27,251
2019-05,XLNX,146,314885418.06,251
2019-05,UAL,147,310334229.91,251
2019-05,BDX,148,306760781.64,251
2019-05,AIG,149,306740485.19,251
2019-05,ADSK,150,306346784.95,251
2019-06,AMZN,1,9748642638.63,251
2019-06,AAPL,2,6724447917.03,251
2019-06,META,3,4010926946.29,251
2019-06,MSFT,4,3671099136.26,251
2019-06,BABA,5,3289303851.06,251
2019-06,TSLA,6,2966205118.95,251
2019-06,NVDA,7,2681630613.86,251
2019-06,GOOGL,8,2318400117.24,251
2019-06,AMD,9,2186065879.7,251
2019-06,GOOG,10,1994398777.72,251
2019-06,BAC,11,1912779642.66,251
2019-06,BA,12,1874551865.06,251
2019-06,JPM,13,1680536227.8,251
2019-06,MU,14,1563118600.84,251
2019-06,V,15,1462020679.12,251
2019-06,INTC,16,1434189546.98,251
2019-06,T,17,1271025302.72,251
2019-06,WFC,18,1217486675.99,251
2019-06,DIS,19,1210312409.86,251
2019-06,CSCO,20,1189652636.05,251
2019-06,C,21,1184730658.25,251
2019-06,JNJ,22,1141541505.58,251
2019-06,QCOM,23,1122763140.73,251
2019-06,XOM,24,1116145172.11,251
2019-06,UNH,25,1105489370.27,251
2019-06,PFE,26,1086748626.51,251
2019-06,AVGO,27,1031406223.87,251
2019-06,BRK.B,28,1021954100.95,251
2019-06,GE,29,1003936389.7,251
2019-06,LLY,30,996780639.96,251
2019-06,HD,31,977697006.85,251
2019-06,XYZ,32,972842913.19,251
2019-06,VZ,33,971835840.96,251
2019-06,ORCL,34,939668210.85,251
2019-06,CVX,35,923802108.49,251
2019-06,PG,36,910574767.87,251
2019-06,ADBE,37,904362198.53,251
2019-06,CMCSA,38,901546079.93,251
2019-06,MRK,39,898623116.64,251
2019-06,CRM,40,895601586.98,251
2019-06,BKNG,41,892879271.42,251
2019-06,MA,42,879050206.75,251
2019-06,WMT,43,824273558.57,251
2019-06,PYPL,44,792692130.87,251
2019-06,SBUX,45,780093202.83,251
2019-06,IBM,46,736286527.73,251
2019-06,CAT,47,722553623.5,251
2019-06,GS,48,722255475.66,251
2019-06,KO,49,706892703.89,251
2019-06,CVS,50,706121202.78,251
2019-06,BIDU,51,702275934.73,251
2019-06,UNP,52,701344685.47,251
2019-06,MCD,53,701083663.27,251
2019-06,AABA,54,698629680.76,251
2019-06,CELG,55,692112960.68,251
2019-06,TXN,56,683686019.48,251
2019-06,PEP,57,682871422.94,251
2019-06,BMY,58,676319972.65,251
2019-06,DWDP,59,675483064.91,251
2019-06,DD,60,675483064.91,251
2019-06,AMGN,61,630209890.0,251
2019-06,ABBV,62,626372110.29,251
2019-06,NKE,63,616891121.91,251
2019-06,ROKU,64,604589895.62,251
2019-06,RTX,65,603829353.2,251
2019-06,MO,66,569722982.6,251
2019-06,EA,67,568578736.16,251
2019-06,MMM,68,566792443.71,251
2019-06,FOXA,69,560173136.85,251
2019-06,BIIB,70,557744453.36,251
2019-06,GILD,71,554452840.57,251
2019-06,MDT,72,552431968.22,251
2019-06,MS,73,551125770.89,251
2019-06,COST,74,549458293.91,251
2019-06,PM,75,549116292.59,251
2019-06,NXPI,76,546638454.26,251
2019-06,CI,77,544729408.26,251
2019-06,JD,78,535464389.36,251
2019-06,SLB,79,533501919.54,251
2019-06,LOW,80,533475437.12,251
2019-06,AMAT,81,512941470.21,251
2019-06,HON,82,505628388.31,251
2019-06,LRCX,83,501047046.49,251
2019-06,COP,84,491124253.08,251
2019-06,CHTR,85,490289308.42,251
2019-06,MPC,86,483575414.0,251
2019-06,ABT,87,471433818.45,251
2019-06,GM,88,465902246.76,251
2019-06,ELV,89,465405061.72,251
2019-06,LMT,90,464783072.03,251
2019-06,STZ,91,458369872.83,251
2019-06,OXY,92,453122124.6,251
2019-06,ISRG,93,443683465.17,251
2019-06,APC,94,439607551.75,251
2019-06,F,95,439196134.52,251
2019-06,TGT,96,433624510.74,251
2019-06,FDX,97,431341282.39,251
2019-06,NOW,98,431059148.45,251
2019-06,EBAY,99,427057664.47,251
2019-06,TMO,100,425843012.72,251
2019-06,AXP,101,418744948.21,251
2019-06,CSX,102,412929238.95,251
2019-06,EOG,103,406161594.83,251
2019-06,AGN,104,405548705.96,251
2019-06,NEE,105,402019735.03,251
2019-06,USB,106,399958142.71,251
2019-06,INTU,107,397622912.81,251
2019-06,ACN,108,396742971.33,251
2019-06,TWLO,109,394987826.81,251
2019-06,TLRY,110,394596622.23,218
2019-06,IQ,111,394423166.59,251
2019-06,CMG,112,394134020.49,251
2019-06,KHC,113,390609408.27,251
2019-06,TJX,114,388256103.79,251
2019-06,DAL,115,386655781.81,251
2019-06,DE,116,383453839.77,251
2019-06,VLO,117,380457432.88,251
2019-06,RTN,118,378437493.73,251
2019-06,HAL,119,376223629.24,251
2019-06,RHT,120,375162907.97,251
2019-06,NOC,121,372469640.9,251
2019-06,CGC,122,371866841.41,251
2019-06,MDLZ,123,370859405.69,251
2019-06,UPS,124,368863055.07,251
2019-06,WYNN,125,364758945.57,251
2019-06,TSM,126,362166997.25,251
2019-06,SCHW,127,351725610.98,251
2019-06,XLNX,128,351700936.96,251
2019-06,DUK,129,350134543.39,251
2019-06,AMT,130,348721024.71,251
2019-06,CME,131,348255755.78,251
2019-06,ALGN,132,347833863.08,251
2019-06,ADP,133,347538366.86,251
2019-06,PNC,134,342672533.36,251
2019-06,WDAY,135,342331039.15,251
2019-06,ILMN,136,341732657.35,251
2019-06,VALE,137,339891559.68,251
2019-06,NSC,138,339024719.82,251
2019-06,LULU,139,333965242.84,251
2019-06,DHR,140,331872487.7,251
2019-06,BLK,141,328964454.73,251
2019-06,D,142,326985323.79,251
2019-06,WDC,143,320773070.47,251
2019-06,EL,144,317156863.92,251
2019-06,CTSH,145,315250565.03,251
2019-06,ADI,146,314929660.67,251
2019-06,PANW,147,314872103.14,251
2019-06,HUM,148,314729439.94,251
2019-06,BDX,149,312031782.13,251
2019-06,PBR,150,311323592.43,251
2019-07,AMZN,1,9751366314.67,250
2019-07,AAPL,2,6740020010.73,250
2019-07,META,3,4029339959.05,250
2019-07,MSFT,4,3708620409.74,250
2019-07,BABA,5,3253165661.1,250
2019-07,TSLA,6,2869058340.64,250
2019-07,NVDA,7,2584369291.1,250
2019-07,GOOGL,8,2293858450.97,250
2019-07,AMD,9,2286139313.36,250
2019-07,GOOG,10,2000564648.23,250
2019-07,BA,11,1877588415.6,250
2019-07,BAC,12,1868781941.7,250
2019-07,JPM,13,1666383542.18,250
2019-07,V,14,1507190442.9,250
2019-07,MU,15,1414281035.95,250
2019-07,INTC,16,1375635426.28,250
2019-07,DIS,17,1244344182.05,250
2019-07,CSCO,18,1239191873.17,250
2019-07,WFC,19,1206775855.74,250
2019-07,T,20,1175922472.59,250
2019-07,JNJ,21,1162786923.5,250
2019-07,C,22,1159651976.89,250
2019-07,QCOM,23,1158425920.01,250
2019-07,UNH,24,1128064715.52,250
2019-07,PFE,25,1104556901.32,250
2019-07,XOM,26,1100305134.77,250
2019-07,AVGO,27,1035300224.99,250
2019-07,LLY,28,1016800228.12,250
2019-07,BRK.B,29,1011063695.21,250
2019-07,HD,30,983462932.83,250
2019-07,XYZ,31,965985144.19,250
2019-07,VZ,32,959978119.88,250
2019-07,GE,33,956095609.26,250
2019-07,ORCL,34,953854160.36,250
2019-07,CRM,35,948350544.83,250
2019-07,MRK,36,926639530.82,250
2019-07,PG,37,923537748.97,250
2019-07,CVX,38,912654379.89,250
2019-07,MA,39,910795078.51,250
2019-07,ADBE,40,908466083.88,250
2019-07,BKNG,41,894816917.89,250
2019-07,CMCSA,42,878861705.23,250
2019-07,WMT,43,816168328.0,250
2019-07,PYPL,44,795958806.94,250
2019-07,SBUX,45,767635914.42,250
2019-07,IBM,46,719780231.79,250
2019-07,KO,47,715013647.93,250
2019-07,CAT,48,714792145.23,250
2019-07,GS,49,703094480.94,250
2019-07,UNP,50,700927465.57,250
2019-07,BMY,51,692747442.79,250
2019-07,CVS,52,691309323.51,250
2019-07,MCD,53,691179692.16,250
2019-07,PEP,54,687146767.65,250
2019-07,CELG,55,686874970.27,250
2019-07,TXN,56,683549991.68,250
2019-07,AABA,57,675199932.57,250
2019-07,DWDP,58,671267692.24,230
2019-07,DD,59,652381580.22,250
2019-07,ROKU,60,650945940.76,250
2019-07,BIDU,61,650206419.71,250
2019-07,ABBV,62,632500425.89,250
2019-07,AMGN,63,623598874.73,250
2019-07,NKE,64,617633814.3,250
2019-07,RTX,65,610250984.7,250
2019-07,MO,66,569309654.13,250
2019-07,MMM,67,563902840.36,250
2019-07,MDT,68,560381660.19,250
2019-07,BIIB,69,557889610.11,250
2019-07,EA,70,556362314.18,250
2019-07,COST,71,550891157.24,250
2019-07,GILD,72,549388397.95,250
2019-07,PM,73,542451930.44,250
2019-07,MS,74,541503665.72,250
2019-07,CI,75,537941732.56,250
2019-07,LOW,76,536694307.13,250
2019-07,SLB,77,520115666.09,250
2019-07,NXPI,78,517545799.74,250
2019-07,HON,79,510250600.46,250
2019-07,JD,80,500641297.2,250
2019-07,FOXA,81,498739016.67,250
2019-07,AMAT,82,487596867.12,250
2019-07,ABT,83,486860380.6,250
2019-07,CHTR,84,481789683.97,250
2019-07,COP,85,481041986.96,250
2019-07,MPC,86,479541455.69,250
2019-07,ELV,87,473989495.57,250
2019-07,LRCX,88,464923887.23,250
2019-07,LMT,89,464851129.14,250
2019-07,APC,90,462828585.69,250
2019-07,STZ,91,456243747.97,250
2019-07,OXY,92,453575264.68,250
2019-07,NOW,93,444432766.05,250
2019-07,ISRG,94,443372420.78,250
2019-07,GM,95,443350017.61,250
2019-07,AGN,96,442086172.77,250
2019-07,TMO,97,440746211.26,250
2019-07,TGT,98,437280885.73,250
2019-07,EBAY,99,429733250.34,250
2019-07,F,100,428925766.01,250
2019-07,TWLO,101,428583241.55,250
2019-07,FDX,102,424514038.65,250
2019-07,AXP,103,414218282.42,250
2019-07,CSX,104,409220004.58,250
2019-07,NEE,105,406750301.67,250
2019-07,INTU,106,402876783.06,250
2019-07,EOG,107,399294692.09,250
2019-07,KHC,108,394574636.24,250
2019-07,CMG,109,393562518.93,250
2019-07,TJX,110,390313474.82,250
2019-07,USB,111,388677489.12,250
2019-07,ACN,112,386950656.55,250
2019-07,DAL,113,381841777.61,250
2019-07,RTN,114,381204283.15,250
2019-07,DE,115,378595928.41,250
2019-07,CGC,116,375821572.67,250
2019-07,MDLZ,117,373531729.82,250
2019-07,RHT,118,373444446.56,250
2019-07,XLNX,119,371763494.69,250
2019-07,TLRY,120,369603564.32,238
2019-07,HAL,121,367891611.03,250
2019-07,UPS,122,367548467.84,250
2019-07,NOC,123,366358641.42,250
2019-07,VLO,124,364700618.67,250
2019-07,TSM,125,360989452.9,250
2019-07,SCHW,126,360286832.03,250
2019-07,AMT,127,356746528.28,250
2019-07,WDAY,128,350048109.58,250
2019-07,CME,129,350012169.49,250
2019-07,NSC,130,349788763.12,250
2019-07,DUK,131,348545383.12,250
2019-07,LULU,132,348523305.44,250
2019-07,ILMN,133,348355985.79,250
2019-07,ALGN,134,343882872.21,250
2019-07,ADP,135,341099502.19,250
2019-07,DHR,136,337947775.74,250
2019-07,D,137,334611846.67,250
2019-07,WYNN,138,334299633.96,250
2019-07,VALE,139,333594744.71,250
2019-07,HUM,140,330339647.24,250
2019-07,PNC,141,329955573.44,250
2019-07,BLK,142,323493690.06,250
2019-07,NEM,143,322939184.21,250
2019-07,CTSH,144,320562280.8,250
2019-07,ADI,145,318496319.97,250
2019-07,ADSK,146,317960609.02,250
2019-07,EL,147,316297323.82,250
2019-07,WDC,148,316114942.15,250
2019-07,SHW,149,313520291.3,250
2019-07,BDX,150,313279001.71,250
2019-08,AMZN,1,9585848700.68,251
2019-08,AAPL,2,6801875595.74,251
2019-08,META,3,3789725546.36,251
2019-08,MSFT,4,3726629454.73,251
2019-08,BABA,5,3248354726.52,251
2019-08,TSLA,6,2833760038.29,251
2019-08,NVDA,7,2555673036.23,251
2019-08,AMD,8,2328975553.62,251
2019-08,GOOGL,9,2249983879.06,251
2019-08,GOOG,10,1993100979.27,251
2019-08,BA,11,1935371887.58,251
2019-08,BAC,12,1818598305.83,251
2019-08,JPM,13,1633403124.06,251
2019-08,V,14,1502667529.28,251
2019-08,MU,15,1367354379.71,251
2019-08,INTC,16,1358304033.39,251
2019-08,DIS,17,1267796905.06,251
2019-08,CSCO,18,1232964984.52,251
2019-08,WFC,19,1182271450.63,251
2019-08,QCOM,20,1178011837.2,251
2019-08,JNJ,21,1169724918.06,251
2019-08,UNH,22,1158405890.26,251
2019-08,C,23,1137809317.26,251
2019-08,T,24,1137082298.82,251
2019-08,PFE,25,1134351320.58,251
2019-08,XOM,26,1085129159.7,251
2019-08,LLY,27,1022632419.93,251
2019-08,BRK.B,28,1004145533.47,251
2019-08,HD,29,980708590.08,251
2019-08,XYZ,30,964911221.03,251
2019-08,VZ,31,962628104.61,251
2019-08,CRM,32,959605431.76,251
2019-08,MRK,33,955049952.64,251
2019-08,PG,34,947783729.88,251
2019-08,AVGO,35,939549322.62,251
2019-08,ORCL,36,927640475.18,251
2019-08,GE,37,924176413.46,251
2019-08,MA,38,918426060.75,251
2019-08,CVX,39,906833285.12,251
2019-08,ADBE,40,902711337.31,251
2019-08,BKNG,41,879486843.41,251
2019-08,CMCSA,42,876393383.46,251
2019-08,WMT,43,813916192.04,251
2019-08,PYPL,44,803807235.75,251
2019-08,SBUX,45,777143281.85,251
2019-08,KO,46,730944858.03,251
2019-08,BMY,47,717627829.56,251
2019-08,IBM,48,708318642.58,251
2019-08,CAT,49,706959749.02,251
2019-08,ROKU,50,705524856.56,251
2019-08,UNP,51,699784753.17,251
2019-08,MCD,52,695526011.52,251
2019-08,TXN,53,693223355.46,251
2019-08,DWDP,54,691372363.97,209
2019-08,CVS,55,687463307.95,251
2019-08,GS,56,687252455.68,251
2019-08,CELG,57,671190941.08,251
2019-08,PEP,58,661606663.72,251
2019-08,ABBV,59,646344256.41,251
2019-08,DD,60,633188098.76,251
2019-08,AMGN,61,621914938.48,251
2019-08,NKE,62,619752520.52,251
2019-08,BIDU,63,616231996.38,251
2019-08,AABA,64,609734976.23,251
2019-08,RTX,65,600076219.2,251
2019-08,MMM,66,563948335.19,251
2019-08,MDT,67,563681477.2,251
2019-08,MO,68,558275780.62,251
2019-08,COST,69,553956468.78,251
2019-08,EA,70,551119137.17,251
2019-08,LOW,71,543028817.76,251
2019-08,GILD,72,537823869.67,251
2019-08,CI,73,537795424.06,251
2019-08,MS,74,534597828.54,251
2019-08,PM,75,532034340.48,251
2019-08,SLB,76,513238828.41,251
2019-08,HON,77,504059833.68,251
2019-08,BIIB,78,502205743.19,251
2019-08,ABT,79,493953363.16,251
2019-08,AGN,80,491590986.09,251
2019-08,APC,81,487946220.01,251
2019-08,JD,82,486213614.33,251
2019-08,AMAT,83,484297189.57,251
2019-08,CHTR,84,484272714.24,251
2019-08,ELV,85,483877559.5,251
2019-08,COP,86,476016232.25,251
2019-08,MPC,87,469686700.51,251
2019-08,LMT,88,464557595.08,251
2019-08,NXPI,89,463255773.25,251
2019-08,TWLO,90,461132666.63,251
2019-08,OXY,91,456706472.1,251
2019-08,NOW,92,455888577.49,251
2019-08,LRCX,93,451403793.52,251
2019-08,TMO,94,445183220.6,251
2019-08,TGT,95,441952283.17,251
2019-08,STZ,96,441589239.08,251
2019-08,FOXA,97,438911222.13,251
2019-08,ISRG,98,432028746.67,251
2019-08,GM,99,428418311.87,251
2019-08,F,100,428000451.51,251
2019-08,EBAY,101,422611428.32,251
2019-08,FDX,102,422098443.53,251
2019-08,AXP,103,419424704.76,251
2019-08,CSX,104,412304029.54,251
2019-08,NEE,105,409889641.42,251
2019-08,INTU,106,407382932.96,251
2019-08,EOG,107,398807618.36,251
2019-08,CMG,108,397110212.6,251
2019-08,XLNX,109,391171212.88,251
2019-08,TJX,110,390082610.21,251
2019-08,KHC,111,387932024.01,251
2019-08,DAL,112,385097377.2,251
2019-08,ACN,113,384285804.69,251
2019-08,RTN,114,382346419.04,251
2019-08,CGC,115,382256916.28,251
2019-08,USB,116,380106222.72,251
2019-08,UPS,117,378706127.29,251
2019-08,RHT,118,377743515.72,234
2019-08,MDLZ,119,372605533.41,251
2019-08,ILMN,120,369267435.68,251
2019-08,SCHW,121,368329171.1,251
2019-08,DE,122,367208714.15,251
2019-08,AMT,123,363063359.87,251
2019-08,TSM,124,357983077.32,251
2019-08,WDAY,125,357116611.65,251
2019-08,NSC,126,356387120.78,251
2019-08,LULU,127,356334787.87,251
2019-08,VLO,128,355447502.64,251
2019-08,HAL,129,355406290.63,251
2019-08,NOC,130,354863954.62,251
2019-08,FISV,131,354496102.86,251
2019-08,ADP,132,353606782.62,251
2019-08,ALGN,133,351416376.14,251
2019-08,CME,134,351395499.25,251
2019-08,FIS,135,349403656.32,251
2019-08,TLRY,136,348659810.25,251
2019-08,DHR,137,343228540.78,251
2019-08,DUK,138,343078654.01,251
2019-08,HUM,139,340545188.62,251
2019-08,SHOP,140,339494545.51,251
2019-08,D,141,335705954.49,251
2019-08,VALE,142,335315625.37,251
2019-08,NEM,143,333425245.62,251
2019-08,WP,144,332751392.34,250
2019-08,WDC,145,322998450.89,251
2019-08,PNC,146,321278635.6,251
2019-08,ADI,147,321001535.76,251
2019-08,TMUS,148,319912556.39,251
2019-08,WYNN,149,319766498.42,251
2019-08,CNC,150,319569288.13,251
2019-09,AMZN,1,9463687966.19,250
2019-09,AAPL,2,6796011157.8,250
2019-09,MSFT,3,3877736345.54,250
2019-09,META,4,3629424087.81,250
2019-09,BABA,5,3097792782.39,250
2019-09,TSLA,6,2587943107.15,250
2019-09,NVDA,7,2432801548.16,250
2019-09,AMD,8,2350007638.29,250
2019-09,GOOGL,9,2229567293.36,250
2019-09,GOOG,10,1997213777.55,250
2019-09,BA,11,1988262816.93,250
2019-09,BAC,12,1842194455.75,250
2019-09,JPM,13,1644968304.05,250
2019-09,V,14,1535272725.4,250
2019-09,INTC,15,1362450770.4,250
2019-09,DIS,16,1330359761.15,250
2019-09,MU,17,1316312888.01,250
2019-09,CSCO,18,1263311855.55,250
2019-09,JNJ,19,1202547313.47,250
2019-09,UNH,20,1188089901.41,250
2019-09,QCOM,21,1180934029.21,250
2019-09,WFC,22,1174514592.43,250
2019-09,T,23,1155810673.78,250
2019-09,C,24,1150822085.16,250
2019-09,PFE,25,1148666052.16,250
2019-09,XOM,26,1100460827.64,250
2019-09,LLY,27,1030271740.82,250
2019-09,CRM,28,1023316306.38,250
2019-09,BRK.B,29,1015146518.64,250
2019-09,HD,30,1001206440.32,250
2019-09,PG,31,985822039.6,250
2019-09,MRK,32,975361042.03,250
2019-09,VZ,33,973966403.71,250
2019-09,MA,34,957004114.18,250
2019-09,XYZ,35,951494966.58,250
2019-09,GE,36,946557026.02,250
2019-09,AVGO,37,933442485.66,250
2019-09,CVX,38,920096904.4,250
2019-09,ORCL,39,919872287.47,250
2019-09,ADBE,40,910720925.8,250
2019-09,CMCSA,41,898363474.54,250
2019-09,BKNG,42,843579457.84,250
2019-09,PYPL,43,824897467.54,250
2019-09,WMT,44,812096457.12,250
2019-09,SBUX,45,795673182.53,250
2019-09,ROKU,46,790293370.93,250
2019-09,KO,47,753444995.34,250
2019-09,BMY,48,743224239.72,250
2019-09,IBM,49,717646621.85,250
2019-09,MCD,50,711695388.55,250
2019-09,UNP,51,708432921.08,250
2019-09,TXN,52,705741273.07,250
2019-09,CAT,53,698101729.02,250
2019-09,CVS,54,696310706.74,250
2019-09,PEP,55,672500649.13,250
2019-09,GS,56,669200270.23,250
2019-09,CELG,57,663319565.93,250
2019-09,AMGN,58,656508889.75,250
2019-09,ABBV,59,655372316.79,250
2019-09,NKE,60,628620476.66,250
2019-09,DD,61,611220339.62,250
2019-09,RTX,62,594266737.39,250
2019-09,BIDU,63,578524708.68,250
2019-09,MO,64,577759706.11,250
2019-09,COST,65,577666531.09,250
2019-09,MMM,66,574980785.78,250
2019-09,MDT,67,566752479.0,250
2019-09,PM,68,553808779.17,250
2019-09,LOW,69,552976546.39,250
2019-09,MS,70,539116043.3,250
2019-09,GILD,71,530082227.31,250
2019-09,AABA,72,530041244.89,250
2019-09,EA,73,522710524.95,250
2019-09,APC,74,522496893.23,234
2019-09,AGN,75,519601046.13,250
2019-09,CI,76,515290292.13,250
2019-09,SLB,77,512728969.52,250
2019-09,HON,78,510316185.5,250
2019-09,ABT,79,508717064.78,250
2019-09,ELV,80,496326601.64,250
2019-09,BIIB,81,496236726.65,250
2019-09,CHTR,82,492197921.26,250
2019-09,TWLO,83,486463421.24,250
2019-09,JD,84,479970966.0,250
2019-09,COP,85,475399049.9,250
2019-09,TGT,86,474251740.84,250
2019-09,NOW,87,471961838.34,250
2019-09,OXY,88,471929043.71,250
2019-09,LMT,89,469702095.42,250
2019-09,AMAT,90,469063395.47,250
2019-09,MPC,91,468315076.19,250
2019-09,TMO,92,462349838.99,250
2019-09,LRCX,93,442003275.55,250
2019-09,ISRG,94,437801112.28,250
2019-09,AXP,95,435608491.6,250
2019-09,NXPI,96,432827902.24,250
2019-09,NEE,97,430359450.44,250
2019-09,EBAY,98,424336884.71,250
2019-09,FDX,99,423522727.74,250
2019-09,F,100,423374717.29,250
2019-09,GM,101,419851014.5,250
2019-09,LIN,102,419655037.05,209
2019-09,FOXA,103,418693766.29,250
2019-09,INTU,104,416381797.38,250
2019-09,CSX,105,413474106.6,250
2019-09,XLNX,106,410270101.79,250
2019-09,STZ,107,408607301.21,250
2019-09,EOG,108,400398059.23,250
2019-09,SHOP,109,396485886.92,250
2019-09,FIS,110,395868483.24,250
2019-09,RHT,111,395639419.75,211
2019-09,TJX,112,395264131.36,250
2019-09,ACN,113,393549086.79,250
2019-09,FISV,114,393071955.08,250
2019-09,DAL,115,391441562.27,250
2019-09,UPS,116,390113436.32,250
2019-09,CMG,117,386732001.69,250
2019-09,RTN,118,384407454.77,250
2019-09,KHC,119,381997359.32,250
2019-09,MDLZ,120,381652463.47,250
2019-09,USB,121,381362541.64,250
2019-09,SCHW,122,378157998.09,250
2019-09,AMT,123,377572219.52,250
2019-09,WDAY,124,370856147.35,250
2019-09,DE,125,367143978.24,250
2019-09,NSC,126,361918779.52,250
2019-09,ILMN,127,361787298.27,250
2019-09,ADP,128,358245245.92,250
2019-09,CME,129,357804979.1,250
2019-09,TSM,130,356594823.3,250
2019-09,HUM,131,356197148.7,250
2019-09,HAL,132,356153317.98,250
2019-09,CGC,133,354444839.98,250
2019-09,VLO,134,352566066.95,250
2019-09,DHR,135,350978866.5,250
2019-09,NOC,136,350498547.76,250
2019-09,ALGN,137,349731276.74,250
2019-09,LULU,138,349528000.68,250
2019-09,D,139,347541639.56,250
2019-09,NEM,140,345705209.37,250
2019-09,DUK,141,345334794.84,250
2019-09,WP,142,340080414.99,227
2019-09,ADSK,143,334981666.42,250
2019-09,TLRY,144,334065494.49,250
2019-09,VALE,145,333998517.27,250
2019-09,PNC,146,326265564.46,250
2019-09,CNC,147,325514269.44,250
2019-09,ADI,148,324904075.81,250
2019-09,WDC,149,323099412.53,250
2019-09,TMUS,150,321184873.9,250
2019-10,AMZN,1,9112936379.93,251
2019-10,AAPL,2,6620395529.93,251
2019-10,MSFT,3,3908510454.82,251
2019-10,META,4,3476925624.59,251
2019-10,BABA,5,2980301191.67,251
2019-10,TSLA,6,2483597112.76,251
2019-10,NVDA,7,2358820488.52,251
2019-10,GOOGL,8,2174179102.25,251
2019-10,AMD,9,2090009441.75,251
2019-10,BA,10,2005321963.64,251
2019-10,GOOG,11,1983085889.62,251
2019-10,BAC,12,1852050148.82,251
2019-10,JPM,13,1636498269.07,251
2019-10,V,14,1563321871.77,251
2019-10,DIS,15,1350859735.59,251
2019-10,INTC,16,1350846690.47,251
2019-10,CSCO,17,1262391613.61,251
2019-10,MU,18,1247926831.82,251
2019-10,UNH,19,1205211303.87,251
2019-10,JNJ,20,1193696241.29,251
2019-10,T,21,1178361368.99,251
2019-10,WFC,22,1169963899.81,251
2019-10,PFE,23,1147013840.1,251
2019-10,C,24,1136698677.69,251
2019-10,QCOM,25,1126193308.16,251
2019-10,XOM,26,1080685426.88,251
2019-10,LLY,27,1029909764.66,251
2019-10,CRM,28,1008988532.02,251
2019-10,PG,29,1008087499.1,251
2019-10,BRK.B,30,1003304564.45,251
2019-10,ROKU,31,1000410221.45,251
2019-10,HD,32,997844625.34,251
2019-10,MRK,33,994422383.41,251
2019-10,MA,34,987723512.63,251
2019-10,VZ,35,954539105.88,251
2019-10,CVX,36,922395416.22,251
2019-10,ADBE,37,917330309.02,251
2019-10,GE,38,914912847.15,251
2019-10,ORCL,39,906983665.55,251
2019-10,XYZ,40,902732633.48,251
2019-10,CMCSA,41,892692656.34,251
2019-10,AVGO,42,892014387.11,251
2019-10,BKNG,43,837638401.23,251
2019-10,PYPL,44,821192353.13,251
2019-10,WMT,45,812850674.08,251
2019-10,SBUX,46,804235830.04,251
2019-10,KO,47,766227814.73,251
2019-10,BMY,48,753384947.02,251
2019-10,MCD,49,718373865.7,251
2019-10,TXN,50,693729015.39,251
2019-10,CAT,51,689704325.83,251
2019-10,IBM,52,686381699.02,251
2019-10,PEP,53,680551110.17,251
2019-10,UNP,54,680141852.33,251
2019-10,CVS,55,680141841.3,251
2019-10,ABBV,56,663442689.1,251
2019-10,GS,57,661112095.26,251
2019-10,CELG,58,660852730.55,251
2019-10,AMGN,59,653314764.22,251
2019-10,NKE,60,619508943.47,251
2019-10,COST,61,593066633.46,251
2019-10,MO,62,587806328.03,251
2019-10,RTX,63,582124355.91,251
2019-10,DD,64,578016762.76,251
2019-10,MDT,65,574328302.64,251
2019-10,MMM,66,567700300.1,251
2019-10,PM,67,566816280.81,251
2019-10,BIDU,68,565272075.55,251
2019-10,AABA,69,548695349.1,251
2019-10,APC,70,544500069.69,215
2019-10,LOW,71,540315431.75,251
2019-10,MS,72,535480184.92,251
2019-10,AGN,73,533277171.54,251
2019-10,GILD,74,525651594.52,251
2019-10,HON,75,519338516.94,251
2019-10,TWLO,76,514159228.84,251
2019-10,EA,77,504691999.53,251
2019-10,ABT,78,503640941.97,251
2019-10,SLB,79,502766799.03,251
2019-10,ELV,80,501036004.66,251
2019-10,CI,81,497837878.2,251
2019-10,CHTR,82,497055852.81,251
2019-10,BIIB,83,491044827.15,251
2019-10,TGT,84,481268445.91,251
2019-10,COP,85,479013279.97,251
2019-10,NOW,86,475629824.32,251
2019-10,OXY,87,474790372.0,251
2019-10,TMO,88,473746658.16,251
2019-10,LMT,89,469370809.16,251
2019-10,SHOP,90,461414411.65,251
2019-10,AMAT,91,456863237.01,251
2019-10,MPC,92,449256288.01,251
2019-10,JD,93,447976196.99,251
2019-10,AXP,94,446483899.26,251
2019-10,NEE,95,445322761.18,251
2019-10,LRCX,96,440086036.27,251
2019-10,ISRG,97,438607794.85,251
2019-10,FDX,98,428139180.9,251
2019-10,FIS,99,421711227.22,251
2019-10,XLNX,100,421439710.7,251
2019-10,FISV,101,420611546.66,251
2019-10,EBAY,102,419856586.48,251
2019-10,F,103,414389347.39,251
2019-10,LIN,104,412115301.52,229
2019-10,INTU,105,410441764.14,251
2019-10,GM,106,409286227.69,251
2019-10,CSX,107,408977532.71,251
2019-10,EOG,108,402365389.39,251
2019-10,AMT,109,400208578.34,251
2019-10,ACN,110,398496798.41,251
2019-10,CMG,111,397516351.16,251
2019-10,NXPI,112,394324324.25,251
2019-10,STZ,113,392782895.27,251
2019-10,UPS,114,392598158.58,251
2019-10,DAL,115,392139342.71,251
2019-10,FOXA,116,389338886.85,251
2019-10,RTN,117,387788262.94,251
2019-10,TJX,118,385569839.69,251
2019-10,MDLZ,119,385034362.16,251
2019-10,USB,120,381667168.13,251
2019-10,SCHW,121,379056314.56,251
2019-10,WDAY,122,377967069.94,251
2019-10,ILMN,123,370275010.68,251
2019-10,KHC,124,368748462.35,251
2019-10,DE,125,368679213.37,251
2019-10,LULU,126,367062004.89,251
2019-10,ADP,127,364659301.62,251
2019-10,HUM,128,363966503.14,251
2019-10,CME,129,363872696.29,251
2019-10,DHR,130,360572927.39,251
2019-10,NSC,131,356285992.98,251
2019-10,NOC,132,355865694.94,251
2019-10,NEM,133,354889142.75,251
2019-10,D,134,354181128.0,251
2019-10,WP,135,353316439.17,208
2019-10,TSM,136,350919804.57,251
2019-10,ALGN,137,349843038.03,251
2019-10,HAL,138,348250228.32,251
2019-10,VLO,139,347506072.18,251
2019-10,ADSK,140,340481547.66,251
2019-10,DUK,141,336168901.99,251
2019-10,VALE,142,329648811.45,251
2019-10,CNC,143,328174970.18,251
2019-10,PNC,144,327609223.44,251
2019-10,EL,145,323391610.06,251
2019-10,TMUS,146,322129770.31,251
2019-10,ULTA,147,321143530.25,251
2019-10,BDX,148,320890679.42,251
2019-10,WDC,149,319964630.69,251
2019-10,SPGI,150,318076753.86,251
2019-11,AMZN,1,8322634257.79,251
2019-11,AAPL,2,6494590307.16,251
2019-11,MSFT,3,3815345100.19,251
2019-11,META,4,3329388513.43,251
2019-11,BABA,5,2841829781.44,251
2019-11,TSLA,6,2411589936.86,251
2019-11,NVDA,7,2200687752.11,251
2019-11,GOOGL,8,2071609654.29,251
2019-11,BA,9,2015222999.34,251
2019-11,AMD,10,1962247273.71,251
2019-11,GOOG,11,1908710226.33,251
2019-11,BAC,12,1788935346.11,251
2019-11,JPM,13,1570315329.21,251
2019-11,V,14,1538397608.93,251
2019-11,DIS,15,1356452979.48,251
2019-11,INTC,16,1299942864.39,251
2019-11,CSCO,17,1236167562.18,251
2019-11,UNH,18,1216954961.2,251
2019-11,JNJ,19,1207485646.68,251
2019-11,MU,20,1189579965.63,251
2019-11,ROKU,21,1171248833.3,251
2019-11,T,22,1153022387.76,251
2019-11,WFC,23,1147086184.65,251
2019-11,PFE,24,1100088786.2,251
2019-11,C,25,1094785122.21,251
2019-11,QCOM,26,1074053530.82,251
2019-11,XOM,27,1045611353.63,251
2019-11,LLY,28,1011469487.39,251
2019-11,PG,29,991783987.13,251
2019-11,CRM,30,979199858.52,251
2019-11,MRK,31,976618877.09,251
2019-11,BRK.B,32,972482266.66,251
2019-11,MA,33,972227641.72,251
2019-11,HD,34,956570304.52,251
2019-11,VZ,35,915306037.91,251
2019-11,CVX,36,900509500.23,251
2019-11,ADBE,37,876148412.22,251
2019-11,ORCL,38,875658493.61,251
2019-11,AVGO,39,869468351.87,251
2019-11,CMCSA,40,863466676.52,251
2019-11,GE,41,819969687.96,251
2019-11,BKNG,42,805475484.85,251
2019-11,XYZ,43,791376064.49,251
2019-11,PYPL,44,790538864.0,251
2019-11,SBUX,45,784447544.07,251
2019-11,WMT,46,776324120.77,251
2019-11,BMY,47,762632078.68,251
2019-11,KO,48,760942352.85,251
2019-11,MCD,49,729077427.1,251
2019-11,PEP,50,672948630.05,251
2019-11,ABBV,51,666468182.7,251
2019-11,CVS,52,665223593.95,251
2019-11,TXN,53,664535419.86,251
2019-11,UNP,54,660101497.73,251
2019-11,CELG,55,653863858.21,251
2019-11,CAT,56,646237132.04,251
2019-11,GS,57,640729760.88,251
2019-11,AMGN,58,632658722.62,251
2019-11,IBM,59,631762195.2,251
2019-11,NKE,60,616075815.12,251
2019-11,COST,61,590055483.77,251
2019-11,MO,62,582554556.63,251
2019-11,MDT,63,564291813.73,251
2019-11,RTX,64,562936335.85,251
2019-11,MMM,65,556483262.66,251
2019-11,PM,66,549705827.54,251
2019-11,AABA,67,549421043.22,230
2019-11,DD,68,530558249.42,251
2019-11,AGN,69,529005572.09,251
2019-11,BIDU,70,526192123.65,251
2019-11,LOW,71,524534165.13,251
2019-11,TWLO,72,524480364.38,251
2019-11,BIIB,73,522362735.77,251
2019-11,MS,74,517730726.25,251
2019-11,GILD,75,509518923.71,251
2019-11,SHOP,76,506616725.34,251
2019-11,HON,77,506288174.89,251
2019-11,ELV,78,504445328.41,251
2019-11,NOW,79,503594941.63,251
2019-11,CHTR,80,493408606.29,251
2019-11,SLB,81,492813663.59,251
2019-11,ABT,82,489372905.04,251
2019-11,TGT,83,487911135.19,251
2019-11,CI,84,482893721.71,251
2019-11,EA,85,476593269.92,251
2019-11,TMO,86,471585876.92,251
2019-11,OXY,87,466315123.85,251
2019-11,COP,88,463400599.69,251
2019-11,LMT,89,462315334.27,251
2019-11,NEE,90,458293571.06,251
2019-11,AMAT,91,446423894.12,251
2019-11,AXP,92,441829376.72,251
2019-11,FIS,93,440560928.98,251
2019-11,JD,94,439023935.73,251
2019-11,FISV,95,434470987.53,251
2019-11,LRCX,96,433550320.96,251
2019-11,XLNX,97,429414489.39,251
2019-11,MPC,98,428886574.78,251
2019-11,FDX,99,426770889.05,251
2019-11,ISRG,100,417067798.9,251
2019-11,INTU,101,406830358.59,251
2019-11,CMG,102,405605818.25,251
2019-11,EBAY,103,403899484.76,251
2019-11,AMT,104,400788233.33,251
2019-11,F,105,399186260.52,251
2019-11,CSX,106,398421773.02,251
2019-11,ACN,107,396185524.16,251
2019-11,EOG,108,395143335.35,251
2019-11,UPS,109,392977169.47,251
2019-11,DAL,110,391764003.24,251
2019-11,WDAY,111,387267094.33,251
2019-11,NXPI,112,387146876.44,251
2019-11,GM,113,386763077.02,251
2019-11,RTN,114,385295944.65,251
2019-11,LIN,115,384947153.37,251
2019-11,MDLZ,116,384882164.09,251
2019-11,SCHW,117,377488924.45,251
2019-11,TJX,118,371861581.42,251
2019-11,HUM,119,370299778.56,251
2019-11,LULU,120,370266510.04,251
2019-11,ADP,121,366189421.28,251
2019-11,USB,122,364454676.02,251
2019-11,DE,123,363238636.17,251
2019-11,FOXA,124,363108330.43,251
2019-11,STZ,125,361114635.48,251
2019-11,ILMN,126,359682154.4,251
2019-11,DHR,127,358631295.68,251
2019-11,CME,128,358039576.9,251
2019-11,TSM,129,356423286.56,251
2019-11,D,130,355596043.87,251
2019-11,NOC,131,354545009.18,251
2019-11,NEM,132,353938504.83,251
2019-11,KHC,133,351311102.36,251
2019-11,NSC,134,343770515.73,251
2019-11,ULTA,135,334762393.85,251
2019-11,VLO,136,333397527.43,251
2019-11,SNAP,137,333233999.68,251
2019-11,HAL,138,330806479.96,251
2019-11,CNC,139,330728929.18,251
2019-11,ALGN,140,326374984.79,251
2019-11,EL,141,326105623.6,251
2019-11,DUK,142,324951298.85,251
2019-11,ADSK,143,324613222.45,251
2019-11,BDX,144,318835009.35,251
2019-11,TMUS,145,314543196.04,251
2019-11,VALE,146,313374114.39,251
2019-11,SPGI,147,313238035.77,251
2019-11,PNC,148,312625176.73,251
2019-11,WDC,149,312173686.29,251
2019-11,BSX,150,310104885.23,251
2019-12,AMZN,1,7808233306.51,250
2019-12,AAPL,2,6254275021.51,250
2019-12,MSFT,3,3757305626.48,250
2019-12,META,4,3250617378.98,250
2019-12,BABA,5,2895174952.94,250
2019-12,TSLA,6,2453322115.58,250
2019-12,NVDA,7,2083116896.34,250
2019-12,GOOGL,8,2045890125.25,250
2019-12,BA,9,2029648462.37,250
2019-12,AMD,10,1980994484.73,250
2019-12,GOOG,11,1886825379.47,250
2019-12,BAC,12,1782148600.09,250
2019-12,JPM,13,1551933647.83,250
2019-12,V,14,1528348455.28,250
2019-12,DIS,15,1446249750.67,250
2019-12,ROKU,16,1398729369.46,250
2019-12,INTC,17,1270016699.01,250
2019-12,CSCO,18,1222816272.04,250
2019-12,UNH,19,1217280532.67,250
2019-12,JNJ,20,1190958792.33,250
2019-12,T,21,1167796349.53,250
2019-12,MU,22,1167284148.8,250
2019-12,WFC,23,1133189364.33,250
2019-12,PFE,24,1081722011.88,250
2019-12,C,25,1070505042.9,250
2019-12,QCOM,26,1066864637.93,250
2019-12,XOM,27,1027528892.02,250
2019-12,LLY,28,996800724.77,250
2019-12,PG,29,977929056.73,250
2019-12,MA,30,974462754.74,250
2019-12,HD,31,958972675.1,250
2019-12,BRK.B,32,958692260.31,250
2019-12,CRM,33,954720135.41,250
2019-12,MRK,34,949730349.61,250
2019-12,CVX,35,890633368.0,250
2019-12,VZ,36,886129461.19,250
2019-12,BMY,37,868363530.59,250
2019-12,CMCSA,38,867779466.84,250
2019-12,AVGO,39,864854031.48,250
2019-12,ADBE,40,853110826.43,250
2019-12,ORCL,41,840827386.01,250
2019-12,CELG,42,806207228.13,244
2019-12,BKNG,43,803300537.37,250
2019-12,PYPL,44,797769443.69,250
2019-12,GE,45,759207030.04,250
2019-12,WMT,46,757367449.96,250
2019-12,KO,47,756820619.49,250
2019-12,MCD,48,745874480.77,250
2019-12,SBUX,49,742470438.72,250
2019-12,XYZ,50,739084607.32,250
2019-12,ABBV,51,667754778.69,250
2019-12,PEP,52,667522894.81,250
2019-12,CVS,53,654864588.29,250
2019-12,TXN,54,654765153.22,250
2019-12,UNP,55,645014103.55,250
2019-12,AMGN,56,635602189.45,250
2019-12,CAT,57,620872585.23,250
2019-12,NKE,58,619962310.07,250
2019-12,GS,59,606930618.95,250
2019-12,IBM,60,599006816.31,250
2019-12,NOW,61,592444368.17,250
2019-12,COST,62,589810869.76,250
2019-12,MDT,63,566773176.13,250
2019-12,MO,64,564660189.17,250
2019-12,AABA,65,557160115.12,209
2019-12,MMM,66,550134186.69,250
2019-12,PM,67,541986158.24,250
2019-12,AGN,68,540388573.66,250
2019-12,SHOP,69,537651873.21,250
2019-12,BIIB,70,535108345.12,250
2019-12,BIDU,71,526790823.3,250
2019-12,RTX,72,525290950.11,250
2019-12,LOW,73,524325694.42,250
2019-12,MS,74,512310234.42,250
2019-12,TWLO,75,509656643.71,250
2019-12,HON,76,509342797.05,250
2019-12,ELV,77,508712890.53,250
2019-12,TGT,78,507499189.07,250
2019-12,GILD,79,501072041.06,250
2019-12,CHTR,80,501063388.37,250
2019-12,DD,81,499621224.0,250
2019-12,ABT,82,487778764.35,250
2019-12,SLB,83,477588136.23,250
2019-12,CI,84,473082276.85,250
2019-12,TMO,85,472722809.83,250
2019-12,OXY,86,471053227.34,250
2019-12,FIS,87,469972380.91,250
2019-12,NEE,88,468156412.39,250
2019-12,EA,89,466197165.34,250
2019-12,LMT,90,457393429.14,250
2019-12,COP,91,454084032.67,250
2019-12,FISV,92,453614884.34,250
2019-12,AMAT,93,450724504.78,250
2019-12,JD,94,436946015.43,250
2019-12,AXP,95,434491708.85,250
2019-12,LRCX,96,432573032.19,250
2019-12,FDX,97,429409126.97,250
2019-12,XLNX,98,427477955.04,250
2019-12,MPC,99,424204085.52,250
2019-12,ISRG,100,411691463.13,250
2019-12,CMG,101,410168661.1,250
2019-12,INTU,102,408288404.6,250
2019-12,AMT,103,402522362.24,250
2019-12,DHR,104,396583294.71,250
2019-12,EBAY,105,393819341.4,250
2019-12,UPS,106,393803042.14,250
2019-12,F,107,391427462.56,250
2019-12,SCHW,108,390744805.81,250
2019-12,ACN,109,390370872.33,250
2019-12,DAL,110,387460370.36,250
2019-12,CSX,111,386744944.48,250
2019-12,WDAY,112,382778537.43,250
2019-12,NXPI,113,381404396.47,250
2019-12,RTN,114,380563014.71,250
2019-12,EOG,115,379495251.43,250
2019-12,LULU,116,379362669.61,250
2019-12,MDLZ,117,378973678.01,250
2019-12,GM,118,376513692.54,250
2019-12,HUM,119,370584273.52,250
2019-12,ADP,120,362477359.18,250
2019-12,DE,121,361962410.73,250
2019-12,NEM,122,360264090.31,250
2019-12,TJX,123,360130696.47,250
2019-12,LIN,124,357070965.35,250
2019-12,USB,125,355228939.34,250
2019-12,D,126,354661645.59,250
2019-12,ILMN,127,350297841.95,250
2019-12,TSM,128,349912489.25,250
2019-12,SNAP,129,349271566.18,250
2019-12,NOC,130,348088431.75,250
2019-12,STZ,131,346963628.3,250
2019-12,KHC,132,339052077.57,250
2019-12,NSC,133,338651300.14,250
2019-12,CNC,134,337389531.35,250
2019-12,DUK,135,336419950.36,250
2019-12,CME,136,335625082.2,250
2019-12,ULTA,137,331412745.34,250
2019-12,VLO,138,327810114.77,250
2019-12,BDX,139,321584633.27,250
2019-12,EL,140,321355359.42,250
2019-12,FOXA,141,321354000.72,250
2019-12,ADSK,142,317029456.83,250
2019-12,TTD,143,317009087.04,250
2019-12,HAL,144,316429225.14,250
2019-12,TMUS,145,315728406.03,250
2019-12,PANW,146,313514009.74,250
2019-12,ALGN,147,312567487.33,250
2019-12,SPGI,148,312284660.87,250
2019-12,WDC,149,311741348.56,250
2019-12,EXC,150,309935615.68,250
2020-01,AMZN,1,7282980647.58,252
2020-01,AAPL,2,6297966770.66,252
2020-01,MSFT,3,3611351697.99,252
2020-01,META,4,3146721143.72,252
2020-01,BABA,5,2933957975.98,252
2020-01,TSLA,6,2554920753.89,252
2020-01,BA,7,2067045899.95,252
2020-01,NVDA,8,2037224783.64,252
2020-01,GOOGL,9,2000461871.45,252
2020-01,AMD,10,1985835529.48,252
2020-01,GOOG,11,1853080328.53,252
2020-01,BAC,12,1722994673.44,252
2020-01,ROKU,13,1566822218.18,252
2020-01,V,14,1510424186.95,252
2020-01,JPM,15,1491206611.49,252
2020-01,DIS,16,1467639491.0,252
2020-01,INTC,17,1252252186.79,252
2020-01,UNH,18,1184282946.41,252
2020-01,CSCO,19,1178946876.78,252
2020-01,MU,20,1166106792.2,252
2020-01,T,21,1128579272.36,252
2020-01,JNJ,22,1097700840.13,252
2020-01,WFC,23,1097402635.95,252
2020-01,QCOM,24,1048460726.02,252
2020-01,PFE,25,1035323130.8,252
2020-01,C,26,1026471046.17,252
2020-01,XOM,27,984809463.83,252
2020-01,LLY,28,979325524.67,252
2020-01,HD,29,967799382.86,252
2020-01,PG,30,961407224.23,252
2020-01,MA,31,960034048.83,252
2020-01,CRM,32,944278083.95,252
2020-01,BRK.B,33,924474571.96,252
2020-01,BMY,34,913156486.37,252
2020-01,MRK,35,908580489.56,252
2020-01,CMCSA,36,880724500.77,252
2020-01,CVX,37,864606395.77,252
2020-01,VZ,38,846730790.02,252
2020-01,CELG,39,827722036.8,225
2020-01,AVGO,40,825240549.15,252
2020-01,ADBE,41,823536067.81,252
2020-01,ORCL,42,787882654.5,252
2020-01,PYPL,43,787727751.95,252
2020-01,BKNG,44,787292380.68,252
2020-01,DHR,45,743625716.53,252
2020-01,KO,46,742990561.2,252
2020-01,MCD,47,733077760.7,252
2020-01,WMT,48,730527536.05,252
2020-01,GE,49,724721086.73,252
2020-01,SBUX,50,715944145.04,252
2020-01,XYZ,51,679231674.48,252
2020-01,ABBV,52,670527568.95,252
2020-01,PEP,53,656379976.11,252
2020-01,TXN,54,639671430.6,252
2020-01,UNP,55,632106162.87,252
2020-01,AMGN,56,621962460.13,252
2020-01,CVS,57,621159914.62,252
2020-01,NKE,58,616155595.59,252
2020-01,NOW,59,597892858.89,252
2020-01,CAT,60,592674203.55,252
2020-01,SHOP,61,589420839.84,252
2020-01,COST,62,585473081.48,252
2020-01,IBM,63,579447590.33,252
2020-01,GS,64,576949489.45,252
2020-01,MDT,65,555028806.95,252
2020-01,MMM,66,544979768.68,252
2020-01,MO,67,542299849.23,252
2020-01,BIIB,68,541371718.67,252
2020-01,AGN,69,533111022.97,252
2020-01,PM,70,518798666.84,252
2020-01,LOW,71,513679475.71,252
2020-01,TGT,72,511400224.23,252
2020-01,BIDU,73,510240814.59,252
2020-01,CHTR,74,508189120.09,252
2020-01,HON,75,503747983.92,252
2020-01,ELV,76,497123173.39,252
2020-01,RTX,77,496424152.49,252
2020-01,MS,78,494870509.73,252
2020-01,GILD,79,494220753.38,252
2020-01,TWLO,80,492265150.4,252
2020-01,FIS,81,491673150.53,252
2020-01,ABT,82,472607318.63,252
2020-01,OXY,83,469408139.44,252
2020-01,NEE,84,465450171.38,252
2020-01,TMO,85,464565694.4,252
2020-01,FISV,86,461165204.9,252
2020-01,DD,87,461088951.68,252
2020-01,EA,88,451724178.5,252
2020-01,SLB,89,448303504.33,252
2020-01,COP,90,446318583.54,252
2020-01,CI,91,445380959.85,252
2020-01,AMAT,92,444916636.76,252
2020-01,LMT,93,444810566.86,252
2020-01,LRCX,94,431060680.48,252
2020-01,XLNX,95,428625650.6,252
2020-01,JD,96,426684959.4,252
2020-01,AXP,97,424252155.09,252
2020-01,FDX,98,418923709.97,252
2020-01,CMG,99,408132931.31,252
2020-01,MPC,100,407433050.17,252
2020-01,INTU,101,404260060.02,252
2020-01,ISRG,102,400349941.26,252
2020-01,AMT,103,398627906.0,252
2020-01,SCHW,104,398573668.91,252
2020-01,LULU,105,392892838.73,252
2020-01,UPS,106,387275496.69,252
2020-01,ACN,107,385985301.05,252
2020-01,EBAY,108,383430771.21,252
2020-01,F,109,383210991.97,252
2020-01,CSX,110,380276995.68,252
2020-01,DAL,111,376338382.82,252
2020-01,WDAY,112,375847797.02,252
2020-01,NXPI,113,375836306.04,252
2020-01,MDLZ,114,374443839.92,252
2020-01,EOG,115,373258951.2,252
2020-01,RTN,116,369197851.8,252
2020-01,GM,117,366376673.85,252
2020-01,NEM,118,364125009.03,252
2020-01,SNAP,119,363328246.85,252
2020-01,HUM,120,361722213.05,252
2020-01,ADP,121,353501492.65,252
2020-01,TJX,122,351590392.02,252
2020-01,TSM,123,350294709.19,252
2020-01,DE,124,348983676.68,252
2020-01,USB,125,345205209.6,252
2020-01,LIN,126,342485771.37,252
2020-01,ILMN,127,340977304.11,252
2020-01,D,128,338315358.28,252
2020-01,NOC,129,337883394.31,252
2020-01,TTD,130,336564368.59,252
2020-01,ULTA,131,335790064.94,252
2020-01,DUK,132,334653350.08,252
2020-01,CNC,133,333670933.2,252
2020-01,NSC,134,331569120.83,252
2020-01,STZ,135,329378701.44,252
2020-01,KHC,136,322847339.45,252
2020-01,CME,137,321887838.44,252
2020-01,BDX,138,321577987.94,252
2020-01,EL,139,319681710.28,252
2020-01,VLO,140,319100788.5,252
2020-01,WDC,141,313293638.18,252
2020-01,ADSK,142,311941564.69,252
2020-01,TMUS,143,311885525.27,252
2020-01,SPGI,144,310877763.11,252
2020-01,HAL,145,310034848.04,252
2020-01,EXC,146,307947808.65,252
2020-01,BSX,147,307530715.28,252
2020-01,VALE,148,306169614.9,252
2020-01,PANW,149,306113733.31,252
2020-01,ALGN,150,305636587.91,252
2020-02,AMZN,1,7059896558.51,252
2020-02,AAPL,2,6726900212.58,252
2020-02,MSFT,3,3702058074.67,252
2020-02,TSLA,4,3210486375.57,252
2020-02,META,5,3142327429.02,252
2020-02,BABA,6,2981884421.17,252
2020-02,BA,7,2170499426.1,252
2020-02,GOOGL,8,2049319393.34,252
2020-02,AMD,9,2041359036.01,252
2020-02,NVDA,10,1947076676.81,252
2020-02,GOOG,11,1915491101.52,252
2020-02,BAC,12,1679562067.84,252
2020-02,ROKU,13,1636922709.41,252
2020-02,V,14,1563766348.48,252
2020-02,DIS,15,1514268192.83,252
2020-02,JPM,16,1499035490.95,252
2020-02,INTC,17,1269402270.9,252
2020-02,UNH,18,1199661781.45,252
2020-02,MU,19,1175052194.75,252
2020-02,CSCO,20,1173737351.68,252
2020-02,T,21,1153013935.34,252
2020-02,WFC,22,1101441792.81,252
2020-02,JNJ,23,1097313795.09,252
2020-02,QCOM,24,1042733686.19,252
2020-02,PFE,25,1011000486.29,252
2020-02,C,26,1006603165.6,252
2020-02,XOM,27,1004846960.41,252
2020-02,MA,28,995274846.11,252
2020-02,HD,29,988278167.37,252
2020-02,LLY,30,975574969.5,252
2020-02,PG,31,958572916.72,252
2020-02,CRM,32,953519796.35,252
2020-02,BRK.B,33,918808360.28,252
2020-02,BMY,34,912848520.62,252
2020-02,CMCSA,35,894291605.28,252
2020-02,MRK,36,890114908.16,252
2020-02,CVX,37,873815889.28,252
2020-02,VZ,38,827679531.85,252
2020-02,AVGO,39,825486023.54,252
2020-02,ADBE,40,821577455.08,252
2020-02,BKNG,41,792971958.26,252
2020-02,PYPL,42,790714497.22,252
2020-02,CELG,43,771942173.97,204
2020-02,ORCL,44,768498188.83,252
2020-02,KO,45,755524012.44,252
2020-02,DHR,46,754862709.82,252
2020-02,MCD,47,741030721.88,252
2020-02,WMT,48,729546852.41,252
2020-02,GE,49,708056100.72,252
2020-02,SBUX,50,704287288.79,252
2020-02,ABBV,51,678387633.17,252
2020-02,PEP,52,658668768.75,252
2020-02,SHOP,53,641630145.98,252
2020-02,TXN,54,637783316.82,252
2020-02,NKE,55,620997200.33,252
2020-02,XYZ,56,620672683.61,252
2020-02,UNP,57,612088505.28,252
2020-02,AMGN,58,612068557.09,252
2020-02,NOW,59,610778496.68,252
2020-02,CVS,60,604661834.99,252
2020-02,COST,61,601002951.69,252
2020-02,IBM,62,582507704.63,252
2020-02,GS,63,577766922.89,252
2020-02,CAT,64,566612324.24,252
2020-02,MMM,65,553788201.66,252
2020-02,AGN,66,548184305.85,252
2020-02,MDT,67,547369266.37,252
2020-02,TGT,68,545897098.61,252
2020-02,BIIB,69,541878034.38,252
2020-02,CHTR,70,525963141.48,252
2020-02,BIDU,71,521036799.7,252
2020-02,MO,72,518846968.94,252
2020-02,FIS,73,517589095.67,252
2020-02,LOW,74,515298973.12,252
2020-02,PM,75,509798245.01,252
2020-02,HON,76,509713425.75,252
2020-02,GILD,77,499692898.16,252
2020-02,ELV,78,493566833.06,252
2020-02,MS,79,491036168.41,252
2020-02,RTX,80,489705920.92,252
2020-02,TWLO,81,489588356.57,252
2020-02,OXY,82,485647603.96,252
2020-02,ABT,83,472601826.58,252
2020-02,NEE,84,471383917.84,252
2020-02,LMT,85,460775542.89,252
2020-02,TMO,86,457795296.78,252
2020-02,AMAT,87,445265541.5,252
2020-02,COP,88,442948411.27,252
2020-02,EA,89,441386351.98,252
2020-02,DD,90,441091797.49,252
2020-02,JD,91,440695179.28,252
2020-02,FISV,92,437761727.52,252
2020-02,SLB,93,435949508.06,252
2020-02,LRCX,94,431721311.09,252
2020-02,CI,95,427367235.09,252
2020-02,XLNX,96,427333703.93,252
2020-02,AXP,97,426515053.83,252
2020-02,FDX,98,421915682.29,252
2020-02,INTU,99,408575316.2,252
2020-02,SCHW,100,407783898.45,252
2020-02,MPC,101,404263056.95,252
2020-02,AMT,102,403393554.34,252
2020-02,ISRG,103,401677571.98,252
2020-02,ACN,104,401345805.62,252
2020-02,CMG,105,399368397.12,252
2020-02,SNAP,106,394473959.12,252
2020-02,LULU,107,391656368.21,252
2020-02,F,108,390267113.02,252
2020-02,UPS,109,384975402.85,252
2020-02,MDLZ,110,381669774.74,252
2020-02,DAL,111,379896366.26,252
2020-02,RTN,112,378430142.12,252
2020-02,LYFT,113,376385391.52,213
2020-02,EOG,114,376217146.08,252
2020-02,CSX,115,374862976.06,252
2020-02,WDAY,116,373428162.96,252
2020-02,NXPI,117,370408411.44,252
2020-02,TTD,118,369111274.62,252
2020-02,HUM,119,368420211.96,252
2020-02,EBAY,120,368363752.84,252
2020-02,NEM,121,367209929.38,252
2020-02,GM,122,358831138.35,252
2020-02,TSM,123,356081040.22,252
2020-02,ADP,124,353647082.48,252
2020-02,LIN,125,349982446.58,252
2020-02,CNC,126,349972017.2,252
2020-02,TJX,127,348867999.3,252
2020-02,NOC,128,348126333.42,252
2020-02,ILMN,129,346158705.55,252
2020-02,USB,130,345810001.77,252
2020-02,ULTA,131,342333418.3,252
2020-02,DE,132,340908107.71,252
2020-02,DUK,133,338702335.89,252
2020-02,NSC,134,331167795.85,252
2020-02,BDX,135,329588575.23,252
2020-02,EL,136,324273656.27,252
2020-02,D,137,322819521.25,252
2020-02,CME,138,319527288.34,252
2020-02,BSX,139,317792864.3,252
2020-02,ADSK,140,317154638.64,252
2020-02,WDC,141,315227566.25,252
2020-02,VLO,142,313941702.26,252
2020-02,SPGI,143,313273954.24,252
2020-02,KHC,144,312007396.35,252
2020-02,EXC,145,311706245.26,252
2020-02,MELI,146,310795978.84,252
2020-02,TMUS,147,307545010.57,252
2020-02,HAL,148,306655274.81,252
2020-02,STZ,149,305463869.5,252
2020-02,PANW,150,304097095.14,252
2020-03,AAPL,1,7348376529.59,252
2020-03,AMZN,2,7305685944.88,252
2020-03,TSLA,3,4566574173.33,252
2020-03,MSFT,4,4154522899.54,252
2020-03,META,5,3210564041.49,252
2020-03,BABA,6,3118234565.95,252
2020-03,BA,7,2191323141.5,252
2020-03,AMD,8,2184931185.89,252
2020-03,GOOGL,9,2152417079.73,252
2020-03,NVDA,10,2106147991.73,252
2020-03,GOOG,11,2005412065.67,252
2020-03,ROKU,12,1733244422.48,252
2020-03,BAC,13,1708238466.65,252
2020-03,V,14,1632499159.8,252
2020-03,DIS,15,1601493773.02,252
2020-03,JPM,16,1533854414.03,252
2020-03,INTC,17,1303304150.85,252
2020-03,UNH,18,1227397051.61,252
2020-03,T,19,1193185649.75,252
2020-03,MU,20,1192495499.78,252
2020-03,CSCO,21,1191423080.34,252
2020-03,JNJ,22,1121533641.87,252
2020-03,WFC,23,1116124133.21,252
2020-03,MA,24,1079595390.61,252
2020-03,QCOM,25,1070702720.33,252
2020-03,XOM,26,1040508699.41,252
2020-03,C,27,1030880364.0,252
2020-03,PFE,28,1015421646.34,252
2020-03,HD,29,1003775255.27,252
2020-03,CRM,30,979115876.08,252
2020-03,PG,31,965424854.14,252
2020-03,BRK.B,32,938759664.81,252
2020-03,MRK,33,919720262.79,252
2020-03,CMCSA,34,919127429.43,252
2020-03,BMY,35,902729393.93,252
2020-03,BYND,36,897923672.95,209
2020-03,CVX,37,886669721.82,252
2020-03,LLY,38,868432796.94,252
2020-03,ADBE,39,854329682.75,252
2020-03,VZ,40,849394308.23,252
2020-03,AVGO,41,836622929.85,252
2020-03,BKNG,42,814229197.73,252
2020-03,PYPL,43,813609040.99,252
2020-03,UBER,44,787768239.27,203
2020-03,DHR,45,755562555.77,252
2020-03,ORCL,46,754708832.83,252
2020-03,MCD,47,746340916.58,252
2020-03,KO,48,742037610.0,252
2020-03,SHOP,49,729660711.0,252
2020-03,WMT,50,725918211.4,252
2020-03,ABBV,51,721770182.73,252
2020-03,SBUX,52,700889176.63,252
2020-03,GE,53,685166126.81,252
2020-03,PEP,54,671783270.13,252
2020-03,TXN,55,646283093.21,252
2020-03,NKE,56,642367157.95,252
2020-03,NOW,57,629047228.81,252
2020-03,COST,58,624960062.6,252
2020-03,IBM,59,616819652.69,252
2020-03,AMGN,60,616447586.07,252
2020-03,XYZ,61,615035437.7,252
2020-03,UNP,62,613792396.49,252
2020-03,GS,63,596390184.54,252
2020-03,GILD,64,590992473.25,252
2020-03,CVS,65,589448852.31,252
2020-03,MMM,66,571330194.78,252
2020-03,AGN,67,568126205.83,252
2020-03,BIIB,68,567846283.32,252
2020-03,MDT,69,563608169.35,252
2020-03,CAT,70,563353994.29,252
2020-03,TGT,71,555366015.54,252
2020-03,CHTR,72,551774906.72,252
2020-03,FIS,73,543292626.5,252
2020-03,LOW,74,521589616.74,252
2020-03,MS,75,520657987.34,252
2020-03,BIDU,76,520560544.99,252
2020-03,HON,77,518332470.78,252
2020-03,MO,78,516136939.23,252
2020-03,RTX,79,511506053.2,252
2020-03,PM,80,510763851.45,252
2020-03,NEE,81,500978103.53,252
2020-03,ELV,82,500390008.23,252
2020-03,OXY,83,496747182.22,252
2020-03,TMO,84,483914518.5,252
2020-03,LMT,85,478236672.91,252
2020-03,TWLO,86,477710721.65,252
2020-03,ABT,87,476109108.83,252
2020-03,AMAT,88,460231245.94,252
2020-03,LRCX,89,456493332.95,252
2020-03,COP,90,448898654.52,252
2020-03,FISV,91,447854811.31,252
2020-03,JD,92,447055413.71,252
2020-03,AXP,93,439090587.44,252
2020-03,SLB,94,435322360.01,252
2020-03,FDX,95,429733378.76,252
2020-03,SCHW,96,427263713.65,252
2020-03,CI,97,420952799.06,252
2020-03,DD,98,420344529.64,252
2020-03,AMT,99,420278034.33,252
2020-03,F,100,417215458.66,252
2020-03,XLNX,101,416098661.13,252
2020-03,ACN,102,415749326.25,252
2020-03,ISRG,103,410047500.26,252
2020-03,MPC,104,409658631.04,252
2020-03,INTU,105,408983629.69,252
2020-03,SNAP,106,406488595.41,252
2020-03,CMG,107,403274427.02,252
2020-03,LULU,108,400170251.97,252
2020-03,UPS,109,397654443.28,252
2020-03,LYFT,110,393538025.9,232
2020-03,RTN,111,389992184.2,252
2020-03,DAL,112,389639917.29,252
2020-03,TTD,113,388166823.83,252
2020-03,EBAY,114,386701450.93,252
2020-03,MDLZ,115,383106795.44,252
2020-03,WDAY,116,377510382.17,252
2020-03,CSX,117,375035296.58,252
2020-03,NEM,118,375007013.5,252
2020-03,HUM,119,372650350.46,252
2020-03,TSM,120,371151139.7,252
2020-03,EOG,121,370769086.52,252
2020-03,NXPI,122,369400590.77,252
2020-03,LIN,123,366726706.16,252
2020-03,CNC,124,366337578.5,252
2020-03,EA,125,363604496.85,252
2020-03,ADP,126,363226018.87,252
2020-03,GM,127,361883592.35,252
2020-03,ILMN,128,361457415.49,252
2020-03,BDX,129,361173516.32,252
2020-03,NOC,130,358901151.8,252
2020-03,TJX,131,353215054.46,252
2020-03,USB,132,351365880.87,252
2020-03,DUK,133,347638801.53,252
2020-03,ULTA,134,345269458.09,252
2020-03,MELI,135,337908504.89,252
2020-03,EL,136,337021219.47,252
2020-03,TMUS,137,336082531.73,252
2020-03,DE,138,335416249.12,252
2020-03,NSC,139,333429391.8,252
2020-03,SPGI,140,330304799.19,252
2020-03,CME,141,328641471.69,252
2020-03,ADSK,142,324705012.28,252
2020-03,BSX,143,323553028.9,252
2020-03,D,144,319876993.53,252
2020-03,WDC,145,315257961.28,252
2020-03,VLO,146,313957426.21,252
2020-03,EXC,147,313762368.64,252
2020-03,REGN,148,310685714.65,252
2020-03,SO,149,305765893.34,252
2020-03,HAL,150,305538286.63,252
2020-04,AAPL,1,8541313778.16,253
2020-04,AMZN,2,7849214653.07,253
2020-04,TSLA,3,5230464605.89,253
2020-04,MSFT,4,4905165598.02,253
2020-04,META,5,3381129532.73,253
2020-04,BABA,6,3282571786.4,253
2020-04,AMD,7,2403939458.27,253
2020-04,GOOGL,8,2374845185.53,253
2020-04,NVDA,9,2291045054.14,253
2020-04,BA,10,2235908746.84,253
2020-04,GOOG,11,2197789926.54,253
2020-04,BAC,12,1822462199.72,253
2020-04,V,13,1771807909.4,253
2020-04,ROKU,14,1754304260.82,253
2020-04,JPM,15,1692898590.98,253
2020-04,DIS,16,1687702238.94,253
2020-04,INTC,17,1418475636.68,253
2020-04,UNH,18,1321003021.18,253
2020-04,T,19,1304775454.73,253
2020-04,CSCO,20,1251239574.28,253
2020-04,MA,21,1240477204.43,253
2020-04,JNJ,22,1237940318.41,253
2020-04,MU,23,1224041938.87,253
2020-04,WFC,24,1160744841.55,253
2020-04,XOM,25,1136945340.36,253
2020-04,HD,26,1104470920.75,253
2020-04,QCOM,27,1102846098.57,253
2020-04,C,28,1081855952.94,253
2020-04,BRK.B,29,1081343670.6,253
2020-04,PG,30,1051495971.97,253
2020-04,PFE,31,1046497515.23,253
2020-04,CRM,32,1028654047.55,253
2020-04,CMCSA,33,986179594.77,253
2020-04,MRK,34,972785638.52,253
2020-04,CVX,35,967865529.43,253
2020-04,ADBE,36,945576131.17,253
2020-04,VZ,37,929706587.13,253
2020-04,BMY,38,906204278.99,253
2020-04,PYPL,39,876307837.98,253
2020-04,AVGO,40,859197949.5,253
2020-04,BYND,41,853132962.85,231
2020-04,UBER,42,835726609.35,225
2020-04,BKNG,43,830663112.52,253
2020-04,MCD,44,820831291.36,253
2020-04,SHOP,45,819379954.15,253
2020-04,WMT,46,818291632.03,253
2020-04,KO,47,803711546.86,253
2020-04,ABBV,48,797220304.22,253
2020-04,DHR,49,783154286.14,253
2020-04,ORCL,50,769000135.07,253
2020-04,SBUX,51,764083583.02,253
2020-04,COST,52,735161704.82,253
2020-04,GILD,53,728875870.32,253
2020-04,PEP,54,722946963.17,253
2020-04,TXN,55,699351127.5,253
2020-04,NKE,56,698972804.34,253
2020-04,GE,57,688945403.38,253
2020-04,NOW,58,671300861.69,253
2020-04,IBM,59,659992037.5,253
2020-04,AMGN,60,654262106.08,253
2020-04,XYZ,61,644444472.8,253
2020-04,GS,62,637323604.49,253
2020-04,UNP,63,637091576.94,253
2020-04,AGN,64,622596579.14,253
2020-04,CHTR,65,620467205.45,253
2020-04,MMM,66,614425160.52,253
2020-04,MDT,67,601883234.04,253
2020-04,CVS,68,591563669.02,253
2020-04,TGT,69,590365935.86,253
2020-04,CAT,70,585550113.49,253
2020-04,FIS,71,578317270.56,253
2020-04,RTX,72,576603361.76,253
2020-04,NEE,73,569698579.79,253
2020-04,BIIB,74,563196432.8,253
2020-04,MS,75,562553476.58,253
2020-04,LLY,76,561661607.43,253
2020-04,HON,77,554757886.94,253
2020-04,LOW,78,549640767.38,253
2020-04,TMO,79,535003219.15,253
2020-04,ABT,80,534893943.53,253
2020-04,BIDU,81,531160048.45,253
2020-04,OXY,82,529425130.32,253
2020-04,PM,83,528154538.74,253
2020-04,ELV,84,527299633.06,253
2020-04,LMT,85,527101746.6,253
2020-04,MO,86,516135436.98,253
2020-04,AXP,87,493189956.84,253
2020-04,FISV,88,487480714.72,253
2020-04,JD,89,486567788.42,253
2020-04,LRCX,90,484693040.52,253
2020-04,AMAT,91,481498054.74,253
2020-04,TWLO,92,466304620.19,253
2020-04,SCHW,93,465976671.92,253
2020-04,AMT,94,461851933.7,253
2020-04,DAL,95,460930324.31,253
2020-04,ACN,96,456275505.96,253
2020-04,CI,97,448100842.76,253
2020-04,COP,98,446920886.71,253
2020-04,SLB,99,445327996.91,253
2020-04,ISRG,100,442485836.47,253
2020-04,F,101,439349704.87,253
2020-04,FDX,102,433159704.55,253
2020-04,INTU,103,433135820.54,253
2020-04,UPS,104,432475139.32,253
2020-04,CMG,105,429601762.23,253
2020-04,RTN,106,424330905.98,253
2020-04,SNAP,107,420628721.73,253
2020-04,ZM,108,417827989.17,240
2020-04,MDLZ,109,415094218.34,253
2020-04,LULU,110,412879556.57,253
2020-04,HUM,111,409164378.91,253
2020-04,LIN,112,408954980.58,253
2020-04,MPC,113,408518247.73,253
2020-04,XLNX,114,407746609.48,253
2020-04,TSM,115,405721817.98,253
2020-04,TTD,116,403798088.02,253
2020-04,BDX,117,397963171.09,253
2020-04,EBAY,118,395379420.18,253
2020-04,DD,119,391210399.26,253
2020-04,NXPI,120,387343816.49,253
2020-04,CSX,121,386682572.86,253
2020-04,TJX,122,385024153.64,253
2020-04,WDAY,123,384980612.72,253
2020-04,ADP,124,383237666.16,253
2020-04,CNC,125,380869895.17,253
2020-04,NOC,126,380703909.44,253
2020-04,NEM,127,380491075.18,253
2020-04,ILMN,128,377588408.33,253
2020-04,MCK,129,377287074.95,253
2020-04,GM,130,376879701.29,253
2020-04,SPGI,131,376456309.71,253
2020-04,USB,132,375561215.5,253
2020-04,TMUS,133,368689623.96,253
2020-04,LYFT,134,367429821.51,253
2020-04,EA,135,364499243.31,253
2020-04,EOG,136,363163156.61,253
2020-04,EL,137,361983287.69,253
2020-04,DUK,138,361001139.34,253
2020-04,REGN,139,359326249.32,253
2020-04,CME,140,356097140.85,253
2020-04,ULTA,141,345549989.7,253
2020-04,DE,142,344898065.36,253
2020-04,BSX,143,344819899.24,253
2020-04,NSC,144,343875462.25,253
2020-04,GPN,145,341984700.89,253
2020-04,ADSK,146,341881184.91,253
2020-04,MELI,147,336812697.69,253
2020-04,SO,148,330741245.66,253
2020-04,D,149,326180834.99,253
2020-04,VLO,150,324254389.59,253
2020-05,AAPL,1,9045264365.64,253
2020-05,AMZN,2,8399477100.05,253
2020-05,TSLA,3,6008196625.38,253
2020-05,MSFT,4,5392595194.42,253
2020-05,META,5,3497687761.67,253
2020-05,BABA,6,3358943269.45,253
2020-05,AMD,7,2618738034.49,253
2020-05,GOOGL,8,2506584321.38,253
2020-05,BA,9,2473608625.91,253
2020-05,NVDA,10,2432205168.69,253
2020-05,GOOG,11,2300181026.61,253
2020-05,V,12,1862766416.78,253
2020-05,BAC,13,1825364988.92,253
2020-05,ROKU,14,1810140821.14,253
2020-05,JPM,15,1783650933.32,253
2020-05,DIS,16,1660818835.71,253
2020-05,INTC,17,1468133097.73,253
2020-05,MA,18,1325464711.85,253
2020-05,T,19,1325324358.08,253
2020-05,JNJ,20,1314547682.12,253
2020-05,UNH,21,1281884214.38,253
2020-05,CSCO,22,1257235271.48,253
2020-05,MU,23,1250725972.24,253
2020-05,XOM,24,1198171553.69,253
2020-05,WFC,25,1152780969.23,253
2020-05,HD,26,1147363168.25,253
2020-05,BRK.B,27,1145662165.73,253
2020-05,C,28,1122377394.56,253
2020-05,PG,29,1111630871.92,253
2020-05,CRM,30,1068986090.97,253
2020-05,PFE,31,1043760177.57,253
2020-05,CMCSA,32,1006813382.78,253
2020-05,ADBE,33,995018962.32,253
2020-05,QCOM,34,980617653.32,253
2020-05,SHOP,35,971789261.13,253
2020-05,MRK,36,971736819.1,253
2020-05,CVX,37,962258431.66,253
2020-05,VZ,38,950721721.71,253
2020-05,BMY,39,913112405.83,253
2020-05,PYPL,40,900759956.19,253
2020-05,WMT,41,881189117.59,253
2020-05,GILD,42,879446076.51,253
2020-05,AVGO,43,873721510.36,253
2020-05,MCD,44,858887158.82,253
2020-05,UBER,45,835292607.17,246
2020-05,KO,46,834136836.11,253
2020-05,BKNG,47,833970546.96,253
2020-05,BYND,48,830914849.91,252
2020-05,ABBV,49,826023728.86,253
2020-05,SBUX,50,803188474.65,253
2020-05,DHR,51,802482252.08,253
2020-05,COST,52,800382146.1,253
2020-05,ORCL,53,783799572.67,253
2020-05,PEP,54,744463743.31,253
2020-05,NKE,55,716312578.38,253
2020-05,TXN,56,713982749.77,253
2020-05,GE,57,703223931.65,253
2020-05,NOW,58,695136652.56,253
2020-05,IBM,59,678448116.96,253
2020-05,AGN,60,677700579.73,253
2020-05,XYZ,61,674627187.39,253
2020-05,AMGN,62,670975499.84,253
2020-05,GS,63,646356076.07,253
2020-05,UNP,64,645661167.46,253
2020-05,CHTR,65,644823580.04,253
2020-05,RTX,66,629183977.33,253
2020-05,MMM,67,620454219.5,253
2020-05,TGT,68,616591689.48,253
2020-05,MDT,69,612654745.21,253
2020-05,NEE,70,601072369.18,253
2020-05,CAT,71,593683226.13,253
2020-05,ZM,72,591225118.05,253
2020-05,FIS,73,590820000.1,253
2020-05,ABT,74,584851671.6,253
2020-05,CVS,75,582007644.21,253
2020-05,BIIB,76,574368490.21,253
2020-05,MS,77,570877016.35,253
2020-05,LOW,78,561040069.35,253
2020-05,HON,79,554677601.74,253
2020-05,LLY,80,553207239.44,253
2020-05,DAL,81,552849923.19,253
2020-05,TMO,82,551576071.28,253
2020-05,LMT,83,548398485.52,253
2020-05,OXY,84,547442920.16,253
2020-05,PM,85,533484922.41,253
2020-05,BIDU,86,519729117.98,253
2020-05,AXP,87,516992605.37,253
2020-05,MO,88,509928066.01,253
2020-05,JD,89,507541152.58,253
2020-05,ELV,90,505688668.6,253
2020-05,LRCX,91,503678622.13,253
2020-05,AMAT,92,494810820.35,253
2020-05,FISV,93,492099328.47,253
2020-05,AMT,94,488626742.9,253
2020-05,SCHW,95,474149740.71,253
2020-05,ACN,96,473594769.98,253
2020-05,TWLO,97,452661884.8,253
2020-05,UPS,98,446798966.01,253
2020-05,CMG,99,442178606.79,253
2020-05,F,100,441248345.23,253
2020-05,SLB,101,441054122.38,253
2020-05,COP,102,439407084.14,253
2020-05,SNAP,103,439186838.12,253
2020-05,CI,104,438873985.93,253
2020-05,ISRG,105,436301171.77,253
2020-05,FDX,106,433829095.35,253
2020-05,RTN,107,432732338.62,234
2020-05,MDLZ,108,430213503.27,253
2020-05,INTU,109,427487631.31,253
2020-05,TTD,110,425304515.66,253
2020-05,LIN,111,420827446.44,253
2020-05,LULU,112,416898787.71,253
2020-05,TSM,113,412961344.59,253
2020-05,HUM,114,412183986.49,253
2020-05,TJX,115,409144439.81,253
2020-05,BDX,116,408342581.92,253
2020-05,SPGI,117,407886479.54,253
2020-05,EBAY,118,405658086.8,253
2020-05,MPC,119,399181360.93,253
2020-05,TMUS,120,396200021.67,253
2020-05,ADP,121,394650703.21,253
2020-05,WDAY,122,391057969.47,253
2020-05,NXPI,123,388190885.77,253
2020-05,MCK,124,388119246.78,253
2020-05,CSX,125,387880954.83,253
2020-05,UAL,126,386915143.94,253
2020-05,NOC,127,386603821.16,253
2020-05,REGN,128,385332158.34,253
2020-05,GM,129,382607388.37,253
2020-05,ILMN,130,379212150.03,253
2020-05,XLNX,131,378937374.86,253
2020-05,EL,132,377318539.88,253
2020-05,NEM,133,375210055.29,253
2020-05,USB,134,374344019.61,253
2020-05,CCL,135,372223941.55,253
2020-05,EA,136,368540830.56,253
2020-05,DD,137,365882537.81,253
2020-05,CNC,138,365093826.33,253
2020-05,CME,139,364828888.2,253
2020-05,DUK,140,364295103.15,253
2020-05,GPN,141,360991157.27,253
2020-05,EOG,142,354352693.58,253
2020-05,AAL,143,352555528.92,253
2020-05,BSX,144,351892128.41,253
2020-05,RCL,145,350767691.67,253
2020-05,DE,146,348990350.14,253
2020-05,ULTA,147,348517209.6,253
2020-05,ADSK,148,348021979.86,253
2020-05,NSC,149,346847362.08,253
2020-05,VRTX,150,346714017.91,253
2020-06,AAPL,1,9426900685.23,251
2020-06,AMZN,2,8533950596.41,251
2020-06,TSLA,3,6676698681.74,251
2020-06,MSFT,4,5686217665.91,251
2020-06,META,5,3767913448.71,251
2020-06,BABA,6,3456863278.39,251
2020-06,AMD,7,2713765544.68,251
2020-06,NVDA,8,2701961690.83,251
2020-06,BA,9,2670582083.21,251
2020-06,GOOGL,10,2560850677.52,251
2020-06,GOOG,11,2345590950.7,251
2020-06,V,12,1925889531.59,251
2020-06,JPM,13,1880434928.26,251
2020-06,BAC,14,1853551819.81,251
2020-06,ROKU,15,1830526189.21,251
2020-06,DIS,16,1762763334.54,251
2020-06,INTC,17,1464775337.31,251
2020-06,MA,18,1353445769.88,251
2020-06,T,19,1346048301.22,251
2020-06,JNJ,20,1316362462.38,251
2020-06,UNH,21,1301540867.14,251
2020-06,MU,22,1268973426.55,251
2020-06,CSCO,23,1243068933.7,251
2020-06,XOM,24,1214455223.23,251
2020-06,HD,25,1198398580.24,251
2020-06,WFC,26,1189020377.2,251
2020-06,BRK.B,27,1184737132.08,251
2020-06,SHOP,28,1180417801.83,251
2020-06,C,29,1162822388.79,251
2020-06,PG,30,1136657775.55,251
2020-06,CRM,31,1115993271.37,251
2020-06,ADBE,32,1034552417.43,251
2020-06,PFE,33,1030857727.53,251
2020-06,CMCSA,34,1018155386.61,251
2020-06,PYPL,35,981869933.1,251
2020-06,MRK,36,980458214.03,251
2020-06,CVX,37,961476743.35,251
2020-06,VZ,38,960632378.87,251
2020-06,BMY,39,957145230.6,251
2020-06,GILD,40,941722138.99,251
2020-06,WMT,41,919625864.01,251
2020-06,ABBV,42,908068031.68,251
2020-06,BYND,43,899559206.62,251
2020-06,QCOM,44,897083703.41,251
2020-06,MCD,45,878368162.22,251
2020-06,KO,46,863672772.53,251
2020-06,BKNG,47,857750176.48,251
2020-06,AVGO,48,852483205.53,251
2020-06,COST,49,845601528.36,251
2020-06,DHR,50,832273833.18,251
2020-06,UBER,51,824618448.2,251
2020-06,SBUX,52,817998188.69,251
2020-06,ORCL,53,785875702.44,251
2020-06,PEP,54,777889431.06,251
2020-06,AGN,55,727103407.81,237
2020-06,NOW,56,724345302.66,251
2020-06,GE,57,720607188.5,251
2020-06,NKE,58,719403896.09,251
2020-06,TXN,59,717879496.96,251
2020-06,XYZ,60,701254643.46,251
2020-06,ZM,61,693879900.12,251
2020-06,IBM,62,689022505.13,251
2020-06,AMGN,63,686895664.96,251
2020-06,RTX,64,668419368.78,251
2020-06,GS,65,662527298.55,251
2020-06,CHTR,66,660940126.52,251
2020-06,UNP,67,646646331.8,251
2020-06,DAL,68,643258001.45,251
2020-06,TGT,69,640936984.78,251
2020-06,NEE,70,622488053.42,251
2020-06,MDT,71,615775653.38,251
2020-06,MMM,72,614555765.57,251
2020-06,ABT,73,612566899.4,251
2020-06,FIS,74,604034746.25,251
2020-06,CAT,75,580640878.16,251
2020-06,MS,76,579678891.57,251
2020-06,CVS,77,578249897.33,251
2020-06,LOW,78,576781739.59,251
2020-06,BIIB,79,574943041.08,251
2020-06,TMO,80,560934575.61,251
2020-06,LLY,81,556837028.36,251
2020-06,HON,82,556671724.26,251
2020-06,LMT,83,555585968.51,251
2020-06,PM,84,540981369.51,251
2020-06,JD,85,538494676.86,251
2020-06,AXP,86,533455630.82,251
2020-06,LRCX,87,528549985.91,251
2020-06,OXY,88,515700015.62,251
2020-06,MO,89,514384576.72,251
2020-06,FISV,90,506326382.35,251
2020-06,AMT,91,504728927.86,251
2020-06,AMAT,92,503620289.6,251
2020-06,BIDU,93,502971720.09,251
2020-06,TWLO,94,499912765.5,251
2020-06,ELV,95,498871802.59,251
2020-06,UAL,96,490066085.97,251
2020-06,ACN,97,482466132.01,251
2020-06,SCHW,98,479157311.72,251
2020-06,REGN,99,466212838.66,251
2020-06,UPS,100,457427742.45,251
2020-06,CMG,101,456713781.42,251
2020-06,SNAP,102,454991176.7,251
2020-06,TTD,103,451522380.85,251
2020-06,F,104,449418796.96,251
2020-06,RTN,105,440692194.18,212
2020-06,LULU,106,437042895.85,251
2020-06,ISRG,107,436536543.83,251
2020-06,BDX,108,434061373.37,251
2020-06,FDX,109,432981312.49,251
2020-06,COP,110,431662694.01,251
2020-06,SLB,111,430562521.33,251
2020-06,BLK,112,429175495.24,251
2020-06,LIN,113,428994102.57,251
2020-06,TJX,114,427602564.88,251
2020-06,INTU,115,426983478.02,251
2020-06,MDLZ,116,426727206.65,251
2020-06,CI,117,426367964.93,251
2020-06,EBAY,118,423852308.21,251
2020-06,SPGI,119,421204358.51,251
2020-06,TMUS,120,421118039.36,251
2020-06,CCL,121,420716222.1,251
2020-06,TSM,122,418574177.2,251
2020-06,RCL,123,408107900.57,251
2020-06,HUM,124,407699956.93,251
2020-06,ADP,125,406150900.04,251
2020-06,NXPI,126,404198976.5,251
2020-06,NEM,127,400616099.16,251
2020-06,WDAY,128,397576715.77,251
2020-06,AAL,129,394116146.0,251
2020-06,MCK,130,391087123.54,251
2020-06,MPC,131,390906068.34,251
2020-06,ILMN,132,388586480.44,251
2020-06,GM,133,385839175.6,251
2020-06,CSX,134,385139122.87,251
2020-06,VRTX,135,385056176.41,251
2020-06,NOC,136,384780174.67,251
2020-06,USB,137,380545908.05,251
2020-06,EL,138,379342226.1,251
2020-06,EA,139,369369100.27,251
2020-06,DUK,140,367653024.74,251
2020-06,CME,141,366786517.51,251
2020-06,GPN,142,364226397.0,251
2020-06,BSX,143,361449386.42,251
2020-06,DG,144,355175349.75,251
2020-06,MELI,145,354544824.24,251
2020-06,XLNX,146,350697073.98,251
2020-06,MAR,147,350455635.99,251
2020-06,ADSK,148,348758734.83,251
2020-06,EOG,149,347933269.91,251
2020-06,SPG,150,346575056.16,251
2020-07,AAPL,1,10121059521.29,253
2020-07,AMZN,2,8874993865.1,253
2020-07,TSLA,3,7434662333.44,253
2020-07,MSFT,4,5997352140.62,253
2020-07,META,5,3946191800.63,253
2020-07,BA,6,3635476516.37,253
2020-07,BABA,7,3447554071.57,253
2020-07,NVDA,8,2923151429.85,253
2020-07,AMD,9,2759084308.31,253
2020-07,GOOGL,10,2632568810.53,253
2020-07,GOOG,11,2412843527.87,253
2020-07,JPM,12,1973784648.9,253
2020-07,V,13,1953381566.44,253
2020-07,BAC,14,1914854722.83,253
2020-07,ROKU,15,1848942801.59,253
2020-07,DIS,16,1782935059.85,253
2020-07,INTC,17,1531956662.86,253
2020-07,T,18,1382610938.24,253
2020-07,MA,19,1375945487.15,253
2020-07,JNJ,20,1325401699.47,253
2020-07,UNH,21,1323917889.83,253
2020-07,SHOP,22,1307224516.4,253
2020-07,MU,23,1276202626.26,253
2020-07,XOM,24,1251619645.61,253
2020-07,BRK.B,25,1247348643.05,253
2020-07,WFC,26,1247134861.74,253
2020-07,C,27,1238693919.31,253
2020-07,HD,28,1221308718.75,253
2020-07,CSCO,29,1216979806.78,253
2020-07,PG,30,1149404428.91,253
2020-07,CRM,31,1101757147.9,253
2020-07,ADBE,32,1071838548.66,253
2020-07,PFE,33,1050954032.68,253
2020-07,PYPL,34,1029629681.85,253
2020-07,CMCSA,35,1011416958.98,253
2020-07,BMY,36,993519034.38,253
2020-07,VZ,37,982930263.23,253
2020-07,CVX,38,977696957.34,253
2020-07,GILD,39,972359811.13,253
2020-07,MRK,40,970091463.9,253
2020-07,ZM,41,961759205.72,253
2020-07,WMT,42,951518912.88,253
2020-07,ABBV,43,902775292.77,253
2020-07,QCOM,44,897881100.99,253
2020-07,MCD,45,886709356.13,253
2020-07,KO,46,882618507.92,253
2020-07,COST,47,882329308.87,253
2020-07,BKNG,48,869711696.43,253
2020-07,BYND,49,869301502.67,253
2020-07,UBER,50,849134764.13,253
2020-07,AVGO,51,847102467.65,253
2020-07,DHR,52,844224641.68,253
2020-07,SBUX,53,836257842.05,253
2020-07,PEP,54,789860868.14,253
2020-07,DAL,55,778776169.1,253
2020-07,XYZ,56,757780173.85,253
2020-07,ORCL,57,757434452.05,253
2020-07,NOW,58,744910552.25,253
2020-07,NKE,59,744426521.79,253
2020-07,UAL,60,742266538.02,253
2020-07,GE,61,741831205.39,253
2020-07,TXN,62,736138217.47,253
2020-07,IBM,63,711316228.92,253
2020-07,AGN,64,707766163.86,217
2020-07,AMGN,65,698349266.62,253
2020-07,GS,66,687534242.36,253
2020-07,RTX,67,686947450.93,253
2020-07,CHTR,68,679751351.16,253
2020-07,UNP,69,657883582.0,253
2020-07,TGT,70,655852143.89,253
2020-07,NEE,71,637192506.78,253
2020-07,MDT,72,628248602.78,253
2020-07,FIS,73,623394908.37,253
2020-07,ABT,74,621655711.02,253
2020-07,MMM,75,614596169.91,253
2020-07,MS,76,601874709.77,253
2020-07,LOW,77,594570269.86,253
2020-07,BIIB,78,590463719.86,253
2020-07,JD,79,590104277.54,253
2020-07,CVS,80,584686070.51,253
2020-07,CAT,81,577202169.56,253
2020-07,LMT,82,576392195.6,253
2020-07,LLY,83,575973166.87,253
2020-07,AAL,84,572873357.32,253
2020-07,HON,85,571019395.03,253
2020-07,TMO,86,567689875.65,253
2020-07,OXY,87,561515756.17,253
2020-07,AXP,88,557058342.85,253
2020-07,LRCX,89,554208536.02,253
2020-07,FISV,90,533296151.28,253
2020-07,PM,91,532768008.42,253
2020-07,TMUS,92,529283099.07,253
2020-07,AMT,93,524194690.13,253
2020-07,RCL,94,515032421.19,253
2020-07,MO,95,510402071.6,253
2020-07,TWLO,96,507066361.12,253
2020-07,AMAT,97,506970731.3,253
2020-07,REGN,98,506904249.54,253
2020-07,BIDU,99,502763659.18,253
2020-07,ACN,100,497497371.26,253
2020-07,ELV,101,495784132.17,253
2020-07,CCL,102,494500722.47,253
2020-07,SCHW,103,488420455.26,253
2020-07,TTD,104,477611893.89,253
2020-07,F,105,477163286.18,253
2020-07,SNAP,106,474803028.61,253
2020-07,UPS,107,470436296.17,253
2020-07,CMG,108,463794269.11,253
2020-07,LULU,109,460127897.62,253
2020-07,BLK,110,459194810.08,253
2020-07,ECL,111,453370898.13,253
2020-07,BDX,112,451271482.84,253
2020-07,EBAY,113,450695425.24,253
2020-07,SPGI,114,439886608.57,253
2020-07,TJX,115,439827774.36,253
2020-07,ISRG,116,436544009.83,253
2020-07,CI,117,431979284.94,253
2020-07,INTU,118,429642834.59,253
2020-07,COP,119,428409754.84,253
2020-07,LIN,120,427538420.73,253
2020-07,MDLZ,121,427120258.47,253
2020-07,TSM,122,427037460.17,253
2020-07,SLB,123,425433307.45,253
2020-07,FDX,124,425085549.94,253
2020-07,NEM,125,423740271.01,253
2020-07,NXPI,126,423599874.2,253
2020-07,MRNA,127,421563830.29,253
2020-07,VRTX,128,415066320.2,253
2020-07,ADP,129,410808155.25,253
2020-07,HUM,130,409786222.11,253
2020-07,SPG,131,400503449.32,253
2020-07,LUV,132,398635870.25,253
2020-07,WDAY,133,396919506.91,253
2020-07,GM,134,396598903.46,253
2020-07,MCK,135,394204206.87,253
2020-07,USB,136,393307898.06,253
2020-07,NOC,137,390462331.45,253
2020-07,MPC,138,388864200.27,253
2020-07,ILMN,139,388173286.58,253
2020-07,CSX,140,386730382.17,253
2020-07,GPN,141,385358884.51,253
2020-07,DG,142,382762424.45,253
2020-07,EL,143,381391730.5,253
2020-07,MAR,144,381297839.15,253
2020-07,CME,145,377710507.88,253
2020-07,EA,146,376038587.39,253
2020-07,BSX,147,372885304.33,253
2020-07,DUK,148,372452451.94,253
2020-07,WYNN,149,370087296.05,253
2020-07,MELI,150,364421703.79,253
2020-08,AAPL,1,10921651716.04,253
2020-08,AMZN,2,9877378802.54,253
2020-08,TSLA,3,9455395311.16,253
2020-08,MSFT,4,6389360859.17,253
2020-08,META,5,4169828243.34,253
2020-08,BA,6,4047139802.84,253
2020-08,BABA,7,3633014392.09,253
2020-08,NVDA,8,3120151086.44,253
2020-08,AMD,9,3005201076.15,253
2020-08,GOOGL,10,2722386389.32,253
2020-08,GOOG,11,2475391050.3,253
2020-08,JPM,12,2035759913.48,253
2020-08,V,13,1990840488.32,253
2020-08,BAC,14,1933619818.61,253
2020-08,ROKU,15,1893166159.89,253
2020-08,DIS,16,1799940306.52,253
2020-08,INTC,17,1623484317.83,253
2020-08,SHOP,18,1523699039.32,253
2020-08,MA,19,1409474554.83,253
2020-08,T,20,1382852918.82,253
2020-08,JNJ,21,1321904888.76,253
2020-08,UNH,22,1316171360.35,253
2020-08,BRK.B,23,1285517168.01,253
2020-08,WFC,24,1271607609.52,253
2020-08,XOM,25,1271041152.05,253
2020-08,C,26,1259462894.49,253
2020-08,MU,27,1239285472.97,253
2020-08,HD,28,1236634039.07,253
2020-08,CSCO,29,1216227980.69,253
2020-08,PG,30,1144433747.69,253
2020-08,ADBE,31,1121347741.83,253
2020-08,CRM,32,1112689843.94,253
2020-08,PYPL,33,1092199488.72,253
2020-08,ZM,34,1082903037.81,253
2020-08,PFE,35,1071200665.67,253
2020-08,CMCSA,36,1019524374.7,253
2020-08,WMT,37,1012470090.05,253
2020-08,BMY,38,992585062.39,253
2020-08,VZ,39,992376792.28,253
2020-08,CVX,40,991626765.71,253
2020-08,GILD,41,989369111.99,253
2020-08,MRK,42,951474206.5,253
2020-08,COST,43,908293527.25,253
2020-08,QCOM,44,902141752.06,253
2020-08,KO,45,897642957.44,253
2020-08,ABBV,46,889391783.2,253
2020-08,MCD,47,887823145.64,253
2020-08,BKNG,48,876455731.56,253
2020-08,UBER,49,873650856.77,253
2020-08,XYZ,50,866900421.5,253
2020-08,UAL,51,866109866.04,253
2020-08,DHR,52,855579627.36,253
2020-08,AVGO,53,835834559.88,253
2020-08,SBUX,54,830043468.66,253
2020-08,BYND,55,805062060.58,253
2020-08,DAL,56,802845058.49,253
2020-08,PEP,57,792374098.73,253
2020-08,NOW,58,764945175.06,253
2020-08,ORCL,59,760022489.96,253
2020-08,NKE,60,749209927.53,253
2020-08,GE,61,746309622.56,253
2020-08,TXN,62,741722784.91,253
2020-08,IBM,63,720719982.72,253
2020-08,GS,64,713539815.36,253
2020-08,AMGN,65,712590638.01,253
2020-08,RTX,66,695899209.2,253
2020-08,CHTR,67,687966245.23,253
2020-08,TGT,68,659372278.27,253
2020-08,NEE,69,656186097.99,253
2020-08,UNP,70,655129357.52,253
2020-08,MRNA,71,653951488.19,253
2020-08,AAL,72,633371328.26,253
2020-08,MDT,73,633220323.82,253
2020-08,JD,74,627190613.75,253
2020-08,ABT,75,626920283.62,253
2020-08,MS,76,623577129.45,253
2020-08,MMM,77,608322077.04,253
2020-08,LOW,78,601564799.15,253
2020-08,BIIB,79,592362704.88,253
2020-08,LMT,80,587960405.98,253
2020-08,CVS,81,586372505.29,253
2020-08,HON,82,580403748.38,253
2020-08,TMO,83,580098815.77,253
2020-08,LLY,84,579304140.22,253
2020-08,LRCX,85,575210759.22,253
2020-08,FIS,86,570234106.18,253
2020-08,CAT,87,563111113.58,253
2020-08,OXY,88,558740103.04,253
2020-08,AXP,89,554388936.06,253
2020-08,RCL,90,544365957.79,253
2020-08,PM,91,530289924.27,253
2020-08,TWLO,92,529218936.91,253
2020-08,REGN,93,528877017.6,253
2020-08,AMT,94,526695709.76,253
2020-08,CCL,95,522841358.9,253
2020-08,TMUS,96,513968984.6,253
2020-08,BIDU,97,511413695.46,253
2020-08,MO,98,505523352.68,253
2020-08,TTD,99,504578716.31,253
2020-08,ACN,100,503993497.07,253
2020-08,TSM,101,501445022.26,253
2020-08,AMAT,102,501361620.34,253
2020-08,FISV,103,498638665.22,253
2020-08,UPS,104,489037513.66,253
2020-08,ELV,105,488981758.5,253
2020-08,SNAP,106,485918124.09,253
2020-08,LULU,107,485825911.76,253
2020-08,F,108,482080074.61,253
2020-08,SCHW,109,481875663.75,253
2020-08,EBAY,110,474027765.66,253
2020-08,BLK,111,470733008.6,253
2020-08,CMG,112,466617253.26,253
2020-08,BDX,113,465676107.74,253
2020-08,ECL,114,460445777.08,253
2020-08,LIN,115,449084656.76,253
2020-08,SPGI,116,448434872.73,253
2020-08,ISRG,117,447681895.69,253
2020-08,NEM,118,446260332.93,253
2020-08,TJX,119,443377843.01,253
2020-08,FDX,120,443354725.82,253
2020-08,VRTX,121,436436436.74,253
2020-08,INTU,122,436121635.78,253
2020-08,CI,123,432429697.37,253
2020-08,MDLZ,124,430941572.5,253
2020-08,LUV,125,420330040.58,253
2020-08,COP,126,420073618.73,253
2020-08,NXPI,127,419553383.56,253
2020-08,SLB,128,412923907.17,253
2020-08,SPG,129,408401474.38,253
2020-08,HUM,130,406750112.55,253
2020-08,GM,131,404082886.51,253
2020-08,NCLH,132,402601184.09,253
2020-08,ADP,133,399317611.05,253
2020-08,NIO,134,398756524.45,253
2020-08,PDD,135,397940710.07,253
2020-08,WDAY,136,396166438.01,253
2020-08,NOC,137,395852925.54,253
2020-08,MCK,138,393155265.59,253
2020-08,DOCU,139,391836125.22,253
2020-08,GPN,140,390970000.32,253
2020-08,DG,141,390805591.05,253
2020-08,USB,142,389695316.67,253
2020-08,MPC,143,389017008.98,253
2020-08,MAR,144,388206001.02,253
2020-08,WYNN,145,386517448.7,253
2020-08,DXCM,146,383191684.34,253
2020-08,CME,147,382539239.89,253
2020-08,MELI,148,382122324.36,253
2020-08,EL,149,381822633.62,253
2020-08,DUK,150,380391492.27,253
2020-09,AAPL,1,12361953816.93,252
2020-09,TSLA,2,11740963081.41,252
2020-09,AMZN,3,10450577170.61,252
2020-09,MSFT,4,6706764245.64,252
2020-09,META,5,4599799089.54,252
2020-09,BA,6,4360582180.22,252
2020-09,BABA,7,3712075778.04,252
2020-09,NVDA,8,3453427225.88,252
2020-09,AMD,9,3221984722.48,252
2020-09,GOOGL,10,2788320748.49,252
2020-09,GOOG,11,2583258117.09,252
2020-09,JPM,12,2057151284.06,252
2020-09,V,13,2021425151.63,252
2020-09,BAC,14,1907101761.88,252
2020-09,ROKU,15,1887785481.19,252
2020-09,DIS,16,1825078536.76,252
2020-09,INTC,17,1665986492.05,252
2020-09,SHOP,18,1603050226.53,252
2020-09,MA,19,1431021518.49,252
2020-09,T,20,1366957732.09,252
2020-09,UNH,21,1321718560.52,252
2020-09,JNJ,22,1301191407.9,252
2020-09,BRK.B,23,1298454798.14,252
2020-09,XOM,24,1271729683.89,252
2020-09,WFC,25,1268563932.38,252
2020-09,C,26,1250094429.93,252
2020-09,HD,27,1240780993.39,252
2020-09,ZM,28,1236376924.77,252
2020-09,CRM,29,1235834162.63,252
2020-09,MU,30,1230254690.03,252
2020-09,CSCO,31,1201729535.14,252
2020-09,ADBE,32,1174522887.63,252
2020-09,PYPL,33,1145364657.05,252
2020-09,PG,34,1136422194.79,252
2020-09,WMT,35,1068636509.36,252
2020-09,PFE,36,1056873380.64,252
2020-09,GILD,37,1013733910.86,252
2020-09,CMCSA,38,1011289448.29,252
2020-09,BMY,39,994507016.37,252
2020-09,CVX,40,990942791.69,252
2020-09,VZ,41,988054750.5,252
2020-09,XYZ,42,959230889.26,252
2020-09,UAL,43,956713727.31,252
2020-09,MRK,44,942129608.99,252
2020-09,QCOM,45,929529113.12,252
2020-09,COST,46,911851840.93,252
2020-09,UBER,47,901452343.92,252
2020-09,ABBV,48,896060315.91,252
2020-09,KO,49,889069715.02,252
2020-09,MCD,50,882590702.8,252
2020-09,BKNG,51,872092057.75,252
2020-09,DHR,52,863016755.11,252
2020-09,DAL,53,832181010.58,252
2020-09,AVGO,54,829238092.36,252
2020-09,SBUX,55,826036131.65,252
2020-09,NOW,56,799244966.01,252
2020-09,PEP,57,782110900.17,252
2020-09,BYND,58,778657125.57,252
2020-09,ORCL,59,764016022.18,252
2020-09,NKE,60,756945436.88,252
2020-09,MRNA,61,737682331.59,252
2020-09,TXN,62,734721952.22,252
2020-09,GS,63,729005724.41,252
2020-09,GE,64,714698229.48,252
2020-09,RTX,65,713327106.87,252
2020-09,AMGN,66,710948464.76,252
2020-09,IBM,67,708113254.13,252
2020-09,AAL,68,695191713.1,252
2020-09,CHTR,69,686784882.87,252
2020-09,JD,70,671484551.6,252
2020-09,TGT,71,664599550.57,252
2020-09,NEE,72,652681764.09,252
2020-09,UNP,73,649654134.35,252
2020-09,ABT,74,645380497.38,252
2020-09,MDT,75,631416053.5,252
2020-09,MS,76,617863320.33,252
2020-09,LOW,77,607116718.72,252
2020-09,MMM,78,601920959.82,252
2020-09,BIIB,79,600310721.6,252
2020-09,HON,80,597890012.37,252
2020-09,LRCX,81,592945217.81,252
2020-09,TMO,82,588062533.29,252
2020-09,LMT,83,586955944.85,252
2020-09,RCL,84,581027086.19,252
2020-09,LLY,85,578233566.12,252
2020-09,CVS,86,575232187.0,252
2020-09,NIO,87,561209120.94,252
2020-09,FIS,88,560868864.94,252
2020-09,TWLO,89,557857183.72,252
2020-09,CCL,90,557244576.49,252
2020-09,CAT,91,555967866.83,252
2020-09,AXP,92,551331847.07,252
2020-09,REGN,93,546670973.29,252
2020-09,OXY,94,541068934.86,252
2020-09,TSM,95,538796329.81,252
2020-09,TMUS,96,534509179.76,252
2020-09,AMT,97,526453769.47,252
2020-09,TTD,98,513615780.63,252
2020-09,AMAT,99,513189615.06,252
2020-09,UPS,100,512448615.05,252
2020-09,BIDU,101,506739757.06,252
2020-09,LULU,102,505476842.88,252
2020-09,ACN,103,504508087.68,252
2020-09,PM,104,500157075.23,252
2020-09,FISV,105,494101938.35,252
2020-09,SNAP,106,490138343.77,252
2020-09,EBAY,107,488266351.02,252
2020-09,F,108,486208217.76,252
2020-09,ELV,109,482802057.61,252
2020-09,MO,110,482110366.75,252
2020-09,BDX,111,478609846.23,252
2020-09,FDX,112,476017203.69,252
2020-09,BLK,113,473436444.65,252
2020-09,SCHW,114,472258175.26,252
2020-09,CMG,115,464698352.95,252
2020-09,ECL,116,457919552.35,252
2020-09,LIN,117,455073392.22,252
2020-09,NEM,118,454866566.5,252
2020-09,PDD,119,451216263.76,252
2020-09,ISRG,120,450367555.73,252
2020-09,TJX,121,449043681.1,252
2020-09,DOCU,122,446860877.6,252
2020-09,VRTX,123,445364368.95,252
2020-09,LUV,124,442734554.79,252
2020-09,SPGI,125,438365661.2,252
2020-09,NCLH,126,434979464.72,252
2020-09,INTU,127,434934102.03,252
2020-09,CI,128,432791845.56,252
2020-09,MDLZ,129,428441598.97,252
2020-09,SPG,130,419849877.48,252
2020-09,TDOC,131,417560379.2,252
2020-09,GM,132,413501834.43,252
2020-09,NXPI,133,411912278.04,252
2020-09,COP,134,410640207.47,252
2020-09,WDAY,135,405244326.2,252
2020-09,MELI,136,404953559.0,252
2020-09,HUM,137,401956615.83,252
2020-09,DG,138,401717180.27,252
2020-09,GPN,139,400170038.47,252
2020-09,WORK,140,399477976.81,252
2020-09,SLB,141,396754176.8,252
2020-09,ADP,142,395616941.51,252
2020-09,DXCM,143,395174535.78,252
2020-09,WYNN,144,395136707.89,252
2020-09,MAR,145,393282248.16,252
2020-09,NOC,146,391878819.33,252
2020-09,MPC,147,390549517.34,252
2020-09,W,148,387806758.04,252
2020-09,B,149,385430569.76,252
2020-09,CRWD,150,384199130.73,252
2020-10,TSLA,1,14435373587.87,253
2020-10,AAPL,2,13687934375.45,253
2020-10,AMZN,3,11475297510.44,253
2020-10,MSFT,4,7097361578.72,253
2020-10,META,5,4932189004.06,253
2020-10,BA,6,4521904049.82,253
2020-10,NVDA,7,4149979101.85,253
2020-10,BABA,8,3785857572.52,253
2020-10,AMD,9,3460706889.57,253
2020-10,GOOGL,10,2914597279.27,253
2020-10,GOOG,11,2696653059.44,253
2020-10,JPM,12,2095287010.31,253
2020-10,V,13,2037063710.99,253
2020-10,BAC,14,1883728672.42,253
2020-10,ZM,15,1833395341.16,253
2020-10,DIS,16,1825000876.61,253
2020-10,ROKU,17,1787157884.09,253
2020-10,INTC,18,1721932401.93,253
2020-10,SHOP,19,1701780883.72,253
2020-10,MA,20,1448667063.08,253
2020-10,CRM,21,1339946831.72,253
2020-10,BRK.B,22,1332123355.32,253
2020-10,T,23,1330690508.66,253
2020-10,JNJ,24,1318071645.72,253
2020-10,UNH,25,1311507794.78,253
2020-10,XOM,26,1290137768.33,253
2020-10,C,27,1286987406.69,253
2020-10,WFC,28,1270446587.7,253
2020-10,ADBE,29,1268116792.39,253
2020-10,HD,30,1255106020.61,253
2020-10,PYPL,31,1238889689.44,253
2020-10,MU,32,1217445751.83,253
2020-10,CSCO,33,1211235530.34,253
2020-10,WMT,34,1167000424.04,253
2020-10,PG,35,1136191970.19,253
2020-10,PFE,36,1060356810.64,253
2020-10,XYZ,37,1051086713.95,253
2020-10,GILD,38,1029790122.74,253
2020-10,CMCSA,39,1026833425.36,253
2020-10,UAL,40,1019844471.49,253
2020-10,VZ,41,1012991473.71,253
2020-10,BMY,42,1012374431.49,253
2020-10,CVX,43,1005757471.89,253
2020-10,QCOM,44,973542034.08,253
2020-10,UBER,45,954559379.67,253
2020-10,MRK,46,937696829.5,253
2020-10,COST,47,936002707.67,253
2020-10,ABBV,48,906288313.92,253
2020-10,KO,49,905479722.08,253
2020-10,MCD,50,879326780.62,253
2020-10,DHR,51,872771548.76,253
2020-10,BKNG,52,869838715.11,253
2020-10,DAL,53,862703876.04,253
2020-10,AVGO,54,845667273.12,253
2020-10,SBUX,55,827795466.19,253
2020-10,BYND,56,821087564.16,253
2020-10,NOW,57,814823461.65,253
2020-10,NKE,58,802859531.78,253
2020-10,PEP,59,795769995.98,253
2020-10,ORCL,60,788692440.08,253
2020-10,MRNA,61,783068892.86,253
2020-10,GS,62,753335587.96,253
2020-10,TXN,63,746433568.81,253
2020-10,AAL,64,738190973.28,253
2020-10,GE,65,735220894.66,253
2020-10,RTX,66,726562565.1,253
2020-10,AMGN,67,724830142.05,253
2020-10,JD,68,716416702.73,253
2020-10,IBM,69,711551319.98,253
2020-10,NIO,70,703591071.87,253
2020-10,CHTR,71,695443473.18,253
2020-10,TGT,72,667997578.33,253
2020-10,ABT,73,665511208.76,253
2020-10,NEE,74,659296682.81,253
2020-10,UNP,75,649748346.25,253
2020-10,LOW,76,629341432.16,253
2020-10,MDT,77,625832616.94,253
2020-10,MS,78,622838397.92,253
2020-10,LRCX,79,614461470.59,253
2020-10,DOCU,80,610649106.91,253
2020-10,RCL,81,604521039.99,253
2020-10,TMO,82,603312087.47,253
2020-10,MMM,83,602960173.58,253
2020-10,HON,84,596525665.92,253
2020-10,BIIB,85,596314398.37,253
2020-10,LLY,86,595578218.6,253
2020-10,CCL,87,593546945.94,253
2020-10,LMT,88,591632740.75,253
2020-10,CVS,89,586559467.31,253
2020-10,TSM,90,584866325.27,253
2020-10,PTON,91,577332072.89,253
2020-10,REGN,92,572073628.74,253
2020-10,TMUS,93,564323727.58,253
2020-10,CAT,94,557658821.95,253
2020-10,FIS,95,557217972.31,253
2020-10,TWLO,96,554825594.95,253
2020-10,AXP,97,551454098.04,253
2020-10,LULU,98,540575368.42,253
2020-10,UPS,99,536212088.84,253
2020-10,AMT,100,534291724.28,253
2020-10,AMAT,101,530934038.11,253
2020-10,OXY,102,530716672.96,253
2020-10,TTD,103,529403740.13,253
2020-10,ACN,104,515517582.91,253
2020-10,FDX,105,514287736.84,253
2020-10,BIDU,106,505158231.47,253
2020-10,FISV,107,504378100.55,253
2020-10,EBAY,108,503452671.05,253
2020-10,SNAP,109,499460924.29,253
2020-10,F,110,494562136.97,253
2020-10,BLK,111,490219071.31,253
2020-10,BDX,112,488684902.11,253
2020-10,PDD,113,479060138.42,253
2020-10,PM,114,477620043.14,253
2020-10,ELV,115,474720806.25,253
2020-10,LIN,116,473900392.44,253
2020-10,SCHW,117,470834556.6,253
2020-10,CMG,118,468182483.33,253
2020-10,MO,119,467677700.53,253
2020-10,NCLH,120,466770174.94,253
2020-10,ISRG,121,466252539.49,253
2020-10,LUV,122,465744921.06,253
2020-10,NEM,123,465456043.98,253
2020-10,ECL,124,461012418.32,253
2020-10,TDOC,125,460815366.83,253
2020-10,CRWD,126,460004885.31,253
2020-10,VRTX,127,459598504.33,253
2020-10,TJX,128,453532928.17,253
2020-10,INTU,129,447008516.53,253
2020-10,MELI,130,436556473.84,253
2020-10,MDLZ,131,434734684.4,253
2020-10,SPGI,132,433431644.12,253
2020-10,CI,133,433145309.87,253
2020-10,W,134,428752608.22,253
2020-10,SPG,135,428025742.51,253
2020-10,GM,136,426773958.44,253
2020-10,WORK,137,423756606.94,253
2020-10,DXCM,138,414315143.36,253
2020-10,NXPI,139,412218073.83,253
2020-10,WDAY,140,411716915.57,253
2020-10,DG,141,410680231.72,253
2020-10,ILMN,142,407197616.28,253
2020-10,HUM,143,403886809.76,253
2020-10,B,144,400868624.38,253
2020-10,WYNN,145,398508007.09,253
2020-10,MAR,146,396331893.42,253
2020-10,ADP,147,393547336.71,253
2020-10,COP,148,393528421.43,253
2020-10,BSX,149,388844914.8,253
2020-10,DUK,150,387837464.7,253
2020-11,TSLA,1,15666932232.75,252
2020-11,AAPL,2,14546170049.9,252
2020-11,AMZN,3,12553864672.44,252
2020-11,MSFT,4,7374924272.66,252
2020-11,META,5,5212658485.02,252
2020-11,BA,6,4654030809.65,252
2020-11,NVDA,7,4465228782.9,252
2020-11,BABA,8,3963213239.43,252
2020-11,AMD,9,3730467502.98,252
2020-11,GOOGL,10,3046191615.46,252
2020-11,GOOG,11,2817094940.66,252
2020-11,ZM,12,2235477270.51,252
2020-11,JPM,13,2106431898.25,252
2020-11,V,14,2062898814.63,252
2020-11,BAC,15,1871489587.95,252
2020-11,DIS,16,1838173901.63,252
2020-11,INTC,17,1785186072.43,252
2020-11,SHOP,18,1767252903.42,252
2020-11,ROKU,19,1679282717.69,252
2020-11,MA,20,1477387366.13,252
2020-11,CRM,21,1382322653.84,252
2020-11,BRK.B,22,1349212540.25,252
2020-11,T,23,1337089603.97,252
2020-11,PYPL,24,1319041540.86,252
2020-11,C,25,1309174894.37,252
2020-11,XOM,26,1308581435.03,252
2020-11,ADBE,27,1304880655.92,252
2020-11,JNJ,28,1294727980.14,252
2020-11,UNH,29,1289536301.49,252
2020-11,HD,30,1268317241.29,252
2020-11,WFC,31,1253277321.79,252
2020-11,CSCO,32,1218077729.69,252
2020-11,MU,33,1217829003.45,252
2020-11,WMT,34,1197839238.01,252
2020-11,XYZ,35,1142856205.45,252
2020-11,PG,36,1138428868.02,252
2020-11,PFE,37,1087838654.1,252
2020-11,UAL,38,1070628254.1,252
2020-11,GILD,39,1055918620.39,252
2020-11,CMCSA,40,1037019824.76,252
2020-11,VZ,41,1033696651.0,252
2020-11,CVX,42,1029390109.88,252
2020-11,QCOM,43,1011592301.94,252
2020-11,BMY,44,1010593800.47,252
2020-11,UBER,45,983217946.08,252
2020-11,NIO,46,973547205.02,252
2020-11,COST,47,949202667.63,252
2020-11,MRK,48,938045355.38,252
2020-11,ABBV,49,917773821.96,252
2020-11,KO,50,912890313.95,252
2020-11,DHR,51,896710116.38,252
2020-11,BKNG,52,881605484.06,252
2020-11,DAL,53,871274029.66,252
2020-11,AVGO,54,851907338.47,252
2020-11,MCD,55,847913359.03,252
2020-11,SBUX,56,834837723.28,252
2020-11,BYND,57,831856844.41,252
2020-11,MRNA,58,826377546.23,252
2020-11,NKE,59,808284315.1,252
2020-11,PEP,60,804575918.17,252
2020-11,NOW,61,800037888.09,252
2020-11,AAL,62,785802904.23,252
2020-11,ORCL,63,785596923.29,252
2020-11,PTON,64,779065554.95,252
2020-11,JD,65,763937118.17,252
2020-11,GS,66,763673225.08,252
2020-11,GE,67,761613215.27,252
2020-11,TXN,68,748380991.9,252
2020-11,AMGN,69,747476058.78,252
2020-11,IBM,70,740135624.6,252
2020-11,RTX,71,732894586.71,252
2020-11,CHTR,72,710559880.81,252
2020-11,ABT,73,675941722.52,252
2020-11,DOCU,74,672047402.73,252
2020-11,NEE,75,669656840.08,252
2020-11,TGT,76,666946987.09,252
2020-11,MS,77,658788441.67,252
2020-11,UNP,78,652538923.79,252
2020-11,LOW,79,652170531.29,252
2020-11,SNAP,80,636304201.96,252
2020-11,MDT,81,635152196.7,252
2020-11,RCL,82,635049306.17,252
2020-11,CCL,83,622104240.02,252
2020-11,LRCX,84,621720214.21,252
2020-11,REGN,85,618711552.6,252
2020-11,TWLO,86,617790580.5,252
2020-11,LLY,87,616221042.83,252
2020-11,TMO,88,615509643.11,252
2020-11,TSM,89,606835056.99,252
2020-11,HON,90,595612518.56,252
2020-11,MMM,91,591890982.31,252
2020-11,LMT,92,591800485.43,252
2020-11,CVS,93,586943692.49,252
2020-11,TMUS,94,586307239.47,252
2020-11,UPS,95,566070801.33,252
2020-11,FIS,96,564126480.43,252
2020-11,TTD,97,558704052.24,252
2020-11,CAT,98,556567349.66,252
2020-11,LULU,99,554501521.42,252
2020-11,AXP,100,553839373.42,252
2020-11,BIIB,101,548295641.08,252
2020-11,FDX,102,547331522.64,252
2020-11,AMT,103,543278630.08,252
2020-11,AMAT,104,534890654.39,252
2020-11,OXY,105,524137497.61,252
2020-11,BIDU,106,523161884.73,252
2020-11,ACN,107,520219237.75,252
2020-11,EBAY,108,517615241.43,252
2020-11,FISV,109,517277590.21,252
2020-11,TDOC,110,510830374.46,252
2020-11,F,111,507060701.23,252
2020-11,PDD,112,506286848.27,252
2020-11,BLK,113,504822957.7,252
2020-11,CRWD,114,501184310.87,252
2020-11,SCHW,115,498495382.29,252
2020-11,VRTX,116,494643262.51,252
2020-11,NCLH,117,491984808.34,252
2020-11,LIN,118,490712188.84,252
2020-11,BDX,119,489312689.32,252
2020-11,LUV,120,476910174.07,252
2020-11,NEM,121,476341175.65,252
2020-11,CMG,122,475020874.22,252
2020-11,ISRG,123,474606351.73,252
2020-11,PM,124,473779570.13,252
2020-11,MELI,125,473541782.12,252
2020-11,W,126,467288497.26,252
2020-11,ELV,127,466389192.74,252
2020-11,ECL,128,464162033.26,252
2020-11,TJX,129,454346457.34,252
2020-11,FSLY,130,454303895.62,252
2020-11,MO,131,453145207.84,252
2020-11,INTU,132,449575309.42,252
2020-11,DXCM,133,449465888.6,252
2020-11,PINS,134,439827206.14,252
2020-11,GM,135,439700098.23,252
2020-11,SPGI,136,435462466.16,252
2020-11,WORK,137,432935811.09,252
2020-11,MDLZ,138,432598978.78,252
2020-11,SPG,139,432340025.71,252
2020-11,CI,140,428874635.91,252
2020-11,DKNG,141,428426335.94,252
2020-11,ILMN,142,419059155.93,252
2020-11,DG,143,418667405.68,252
2020-11,B,144,413629016.21,252
2020-11,WDAY,145,409261559.97,252
2020-11,NXPI,146,408995167.79,252
2020-11,WYNN,147,404096694.85,252
2020-11,HUM,148,403178306.64,252
2020-11,MAR,149,401303388.47,252
2020-11,ADP,150,395862129.94,252
2020-12,TSLA,1,16976958212.8,252
2020-12,AAPL,2,15088928200.33,252
2020-12,AMZN,3,13354621199.28,252
2020-12,MSFT,4,7655801937.03,252
2020-12,META,5,5416327125.04,252
2020-12,BA,6,4934658043.64,252
2020-12,NVDA,7,4728700119.16,252
2020-12,BABA,8,4293943617.59,252
2020-12,AMD,9,3853713019.64,252
2020-12,GOOGL,10,3137996066.21,252
2020-12,GOOG,11,2942706690.79,252
2020-12,ZM,12,2600883037.5,252
2020-12,JPM,13,2160427900.77,252
2020-12,V,14,2092909348.01,252
2020-12,NIO,15,1928572641.12,252
2020-12,BAC,16,1897137648.19,252
2020-12,SHOP,17,1843234470.77,252
2020-12,INTC,18,1839457041.33,252
2020-12,DIS,19,1809221784.18,252
2020-12,ROKU,20,1553383343.15,252
2020-12,MA,21,1511171841.52,252
2020-12,CRM,22,1484575949.89,252
2020-12,PYPL,23,1459979916.95,252
2020-12,BRK.B,24,1381585994.58,252
2020-12,ADBE,25,1358982922.27,252
2020-12,C,26,1350393037.81,252
2020-12,XOM,27,1339828135.76,252
2020-12,T,28,1323992711.68,252
2020-12,UNH,29,1319926668.48,252
2020-12,JNJ,30,1319303905.62,252
2020-12,XYZ,31,1270904915.25,252
2020-12,HD,32,1269696070.15,252
2020-12,WFC,33,1265832291.06,252
2020-12,MU,34,1236953419.7,252
2020-12,WMT,35,1226749989.78,252
2020-12,CSCO,36,1223212696.59,252
2020-12,PFE,37,1182998846.52,252
2020-12,PG,38,1155063539.27,252
2020-12,UAL,39,1128197253.05,252
2020-12,GILD,40,1068719269.56,252
2020-12,CMCSA,41,1058102945.01,252
2020-12,VZ,42,1056862150.61,252
2020-12,CVX,43,1051185333.4,252
2020-12,QCOM,44,1038560593.48,252
2020-12,MRNA,45,1009963494.39,252
2020-12,UBER,46,987865735.95,252
2020-12,COST,47,977985634.64,252
2020-12,ABBV,48,947014866.26,252
2020-12,KO,49,939732660.93,252
2020-12,MRK,50,936225956.26,252
2020-12,BMY,51,930593189.27,252
2020-12,PTON,52,913217085.65,252
2020-12,DAL,53,902277904.29,252
2020-12,DHR,54,898338162.07,252
2020-12,BKNG,55,889779909.14,252
2020-12,BYND,56,867489110.06,252
2020-12,AAL,57,860945825.86,252
2020-12,AVGO,58,846258540.37,252
2020-12,JD,59,845673598.29,252
2020-12,SBUX,60,842576007.05,252
2020-12,MCD,61,838196265.52,252
2020-12,NKE,62,830242061.18,252
2020-12,PEP,63,813275492.4,252
2020-12,GE,64,795343011.62,252
2020-12,ORCL,65,793837264.19,252
2020-12,GS,66,783628023.05,252
2020-12,TXN,67,755482417.81,252
2020-12,RTX,68,755288411.62,252
2020-12,IBM,69,753513939.48,252
2020-12,AMGN,70,752607838.61,252
2020-12,NOW,71,746471116.69,252
2020-12,CHTR,72,730117815.01,252
2020-12,DOCU,73,725923067.31,252
2020-12,CCL,74,710552261.14,252
2020-12,SNAP,75,709027782.01,252
2020-12,ABT,76,689338084.65,252
2020-12,LOW,77,688528008.15,252
2020-12,MS,78,683897262.08,252
2020-12,NEE,79,679597417.23,252
2020-12,TGT,80,670304276.31,252
2020-12,TMO,81,669486566.84,252
2020-12,UNP,82,663403721.11,252
2020-12,RCL,83,661164851.11,252
2020-12,TWLO,84,647196978.98,252
2020-12,TSM,85,646097830.35,252
2020-12,LLY,86,642816024.04,252
2020-12,REGN,87,636563381.61,252
2020-12,LRCX,88,636014400.04,252
2020-12,MDT,89,634929670.62,252
2020-12,HON,90,619730448.77,252
2020-12,PDD,91,618207758.03,252
2020-12,TMUS,92,615128469.12,252
2020-12,TTD,93,599568535.69,252
2020-12,LMT,94,599291641.82,252
2020-12,CVS,95,598551390.46,252
2020-12,UPS,96,597073983.34,252
2020-12,MMM,97,596146464.49,252
2020-12,FDX,98,580454015.09,252
2020-12,AXP,99,577017926.34,252
2020-12,TDOC,100,569588897.2,252
2020-12,BIIB,101,568610913.97,252
2020-12,CAT,102,565938382.05,252
2020-12,FIS,103,561131447.39,252
2020-12,LULU,104,555191847.77,252
2020-12,AMT,105,553313039.33,252
2020-12,AMAT,106,547249138.82,252
2020-12,EBAY,107,544231685.91,252
2020-12,NCLH,108,535880445.71,252
2020-12,CRWD,109,534448245.78,252
2020-12,ACN,110,531946850.17,252
2020-12,F,111,531545787.83,252
2020-12,BIDU,112,527382465.98,252
2020-12,FISV,113,521270432.07,252
2020-12,BLK,114,521038745.03,252
2020-12,OXY,115,515502323.66,252
2020-12,DKNG,116,513753390.47,252
2020-12,VRTX,117,513075463.72,252
2020-12,MELI,118,512499110.89,252
2020-12,LIN,119,509753049.98,252
2020-12,W,120,505937868.39,252
2020-12,LUV,121,503510154.67,252
2020-12,SCHW,122,501847182.0,252
2020-12,PINS,123,495793316.11,252
2020-12,NEM,124,494968280.34,252
2020-12,BDX,125,494292169.99,252
2020-12,FSLY,126,492394310.92,252
2020-12,WORK,127,482764106.79,252
2020-12,ISRG,128,480686072.24,252
2020-12,CMG,129,478817640.93,252
2020-12,TJX,130,477847598.82,252
2020-12,GM,131,474357163.16,252
2020-12,ELV,132,473471015.08,252
2020-12,PM,133,473446915.24,252
2020-12,SPG,134,468986096.15,252
2020-12,ECL,135,466109094.05,252
2020-12,DXCM,136,458112901.98,252
2020-12,INTU,137,453143925.47,252
2020-12,MO,138,449774137.0,252
2020-12,SPGI,139,447855223.01,252
2020-12,B,140,445601441.49,252
2020-12,CI,141,441909583.85,252
2020-12,MDLZ,142,438033537.44,252
2020-12,WDAY,143,432132284.1,252
2020-12,ILMN,144,428479950.38,252
2020-12,NVAX,145,426123184.65,252
2020-12,DG,146,425956212.5,252
2020-12,WYNN,147,423546253.59,252
2020-12,MAR,148,420604532.61,252
2020-12,BSX,149,417463922.23,252
2020-12,SE,150,409651667.36,252
2021-01,TSLA,1,19861839766.38,253
2021-01,AAPL,2,15594515424.17,253
2021-01,AMZN,3,13836283755.8,253
2021-01,MSFT,4,7897769373.28,253
2021-01,META,5,5587356209.9,253
2021-01,BA,6,5114434703.47,253
2021-01,NVDA,7,4845798786.46,253
2021-01,BABA,8,4580061948.67,253
2021-01,AMD,9,3989589347.16,253
2021-01,GOOGL,10,3200632172.55,253
2021-01,GOOG,11,3017093259.88,253
2021-01,ZM,12,2818188761.32,253
2021-01,NIO,13,2476856559.38,253
2021-01,JPM,14,2171556945.86,253
2021-01,V,15,2126764991.1,253
2021-01,DIS,16,1921389092.83,253
2021-01,INTC,17,1917820621.05,253
2021-01,SHOP,18,1898907137.32,253
2021-01,BAC,19,1874485637.28,253
2021-01,CRM,20,1662362960.88,253
2021-01,PYPL,21,1550879678.86,253
2021-01,MA,22,1544548875.2,253
2021-01,ROKU,23,1486518459.22,253
2021-01,MRNA,24,1433737125.42,253
2021-01,BRK.B,25,1427197355.33,253
2021-01,XYZ,26,1416677298.43,253
2021-01,ADBE,27,1402337401.21,253
2021-01,C,28,1362257946.47,253
2021-01,XOM,29,1354134922.07,253
2021-01,T,30,1352295602.03,253
2021-01,JNJ,31,1340729596.24,253
2021-01,UNH,32,1338212506.4,253
2021-01,PFE,33,1306433162.24,253
2021-01,WMT,34,1278707787.19,253
2021-01,HD,35,1272749762.6,253
2021-01,WFC,36,1255253970.02,253
2021-01,MU,37,1230662116.11,253
2021-01,CSCO,38,1209817081.94,253
2021-01,UAL,39,1178728337.92,253
2021-01,PG,40,1164364732.12,253
2021-01,QCOM,41,1086974621.72,253
2021-01,VZ,42,1074191140.83,253
2021-01,GILD,43,1072435930.19,253
2021-01,CVX,44,1070812774.86,253
2021-01,PTON,45,1052713399.01,253
2021-01,CMCSA,46,1041592199.31,253
2021-01,COST,47,1005946946.56,253
2021-01,UBER,48,994521490.69,253
2021-01,AAL,49,964809894.28,253
2021-01,ABBV,50,954122392.72,253
2021-01,KO,51,953460753.12,253
2021-01,MRK,52,941842348.96,253
2021-01,DAL,53,920635708.28,253
2021-01,BKNG,54,897325969.54,253
2021-01,JD,55,896453241.77,253
2021-01,BMY,56,894959845.54,253
2021-01,BYND,57,873121657.53,253
2021-01,NKE,58,854374051.83,253
2021-01,MCD,59,851218482.76,253
2021-01,AVGO,60,847521766.66,253
2021-01,SBUX,61,843806149.57,253
2021-01,GE,62,822521511.53,253
2021-01,PEP,63,813212576.85,253
2021-01,ORCL,64,808796174.95,253
2021-01,DOCU,65,801541566.47,253
2021-01,GS,66,796453622.41,253
2021-01,CCL,67,779373241.21,253
2021-01,SNAP,68,776424484.29,253
2021-01,CHTR,69,771866756.0,253
2021-01,TXN,70,771567332.0,253
2021-01,IBM,71,765192352.66,253
2021-01,NOW,72,764168897.55,253
2021-01,RTX,73,759602433.16,253
2021-01,AMGN,74,758469349.69,253
2021-01,LOW,75,730846423.91,253
2021-01,PDD,76,729073260.12,253
2021-01,ABT,77,703360354.46,253
2021-01,TMO,78,702949594.99,253
2021-01,MS,79,700641741.85,253
2021-01,TWLO,80,694473741.23,253
2021-01,TSM,81,683642250.24,253
2021-01,NEE,82,682184451.32,253
2021-01,TGT,83,681860283.63,253
2021-01,RCL,84,674115516.41,253
2021-01,UNP,85,665606669.36,253
2021-01,LRCX,86,662435086.17,253
2021-01,LLY,87,659049099.56,253
2021-01,REGN,88,652367395.34,253
2021-01,BIDU,89,649676251.19,253
2021-01,MDT,90,638593165.97,253
2021-01,TMUS,91,635817316.65,253
2021-01,HON,92,633195917.32,253
2021-01,TTD,93,623492062.28,253
2021-01,CRWD,94,620002509.83,253
2021-01,UPS,95,619080593.98,253
2021-01,LMT,96,618847397.37,253
2021-01,FDX,97,613918836.82,253
2021-01,TDOC,98,608921362.53,253
2021-01,CVS,99,607350318.13,253
2021-01,MMM,100,589776765.64,253
2021-01,DKNG,101,584525542.19,253
2021-01,AXP,102,582140831.77,253
2021-01,NCLH,103,578102849.77,253
2021-01,CAT,104,574588417.23,253
2021-01,AMT,105,573311413.98,253
2021-01,LULU,106,570440087.0,253
2021-01,FIS,107,569927805.43,253
2021-01,WORK,108,568232958.82,253
2021-01,DHR,109,566712386.74,253
2021-01,AMAT,110,560599023.93,253
2021-01,FSLY,111,556213042.73,253
2021-01,MELI,112,555248792.4,253
2021-01,EBAY,113,549414062.58,253
2021-01,ACN,114,547170215.36,253
2021-01,BIIB,115,547052760.32,253
2021-01,F,116,546078602.61,253
2021-01,BLK,117,542439335.42,253
2021-01,FISV,118,537952307.87,253
2021-01,PINS,119,535837332.99,253
2021-01,W,120,526327956.6,253
2021-01,OXY,121,525986639.35,253
2021-01,LIN,122,523335746.48,253
2021-01,VRTX,123,518099331.6,253
2021-01,LUV,124,514986838.76,253
2021-01,NEM,125,498268103.44,253
2021-01,BDX,126,496599732.21,253
2021-01,GM,127,495409737.05,253
2021-01,TJX,128,492927768.48,253
2021-01,SCHW,129,492226613.1,253
2021-01,ISRG,130,490293148.26,253
2021-01,CMG,131,486891069.67,253
2021-01,PM,132,485991272.1,253
2021-01,SPG,133,475729909.65,253
2021-01,DXCM,134,473233101.84,253
2021-01,ELV,135,473227705.78,253
2021-01,NVAX,136,472827624.66,253
2021-01,SPGI,137,468504688.44,253
2021-01,INTU,138,468357379.25,253
2021-01,SE,139,465414935.82,253
2021-01,ECL,140,464417691.15,253
2021-01,B,141,462661053.41,253
2021-01,MO,142,455111122.33,253
2021-01,WDAY,143,441619294.5,253
2021-01,CI,144,440935550.84,253
2021-01,ILMN,145,439948180.54,253
2021-01,MDLZ,146,439222943.57,253
2021-01,SPOT,147,434921938.19,253
2021-01,BSX,148,434285500.66,253
2021-01,DG,149,430619920.1,253
2021-01,MAR,150,425236070.67,253
2021-02,TSLA,1,21517655349.38,251
2021-02,AAPL,2,16028141661.66,251
2021-02,AMZN,3,14240435593.47,251
2021-02,MSFT,4,8192317485.7,251
2021-02,META,5,5813111655.53,251
2021-02,BA,6,5130222562.46,251
2021-02,NVDA,7,5071065081.05,251
2021-02,BABA,8,4838432477.55,251
2021-02,AMD,9,4149394362.04,251
2021-02,GOOGL,10,3323728121.06,251
2021-02,GOOG,11,3090989871.76,251
2021-02,NIO,12,3046612776.51,251
2021-02,ZM,13,3012274568.97,251
2021-02,JPM,14,2227335963.22,251
2021-02,V,15,2158182086.81,251
2021-02,INTC,16,2020420785.15,251
2021-02,DIS,17,1951772348.43,251
2021-02,SHOP,18,1940377102.09,251
2021-02,BAC,19,1891028269.18,251
2021-02,CRM,20,1735920108.97,251
2021-02,PYPL,21,1634835497.21,251
2021-02,MRNA,22,1627653122.07,251
2021-02,MA,23,1580058554.35,251
2021-02,XYZ,24,1543290455.05,251
2021-02,ROKU,25,1527780416.68,251
2021-02,BRK.B,26,1464903038.62,251
2021-02,ADBE,27,1462691108.74,251
2021-02,C,28,1402617981.96,251
2021-02,JNJ,29,1382109905.25,251
2021-02,XOM,30,1377290915.03,251
2021-02,T,31,1351844831.68,251
2021-02,UNH,32,1342459322.68,251
2021-02,PFE,33,1339481620.63,251
2021-02,WMT,34,1317026647.71,251
2021-02,HD,35,1280279975.31,251
2021-02,WFC,36,1272286598.48,251
2021-02,MU,37,1259033484.22,251
2021-02,CSCO,38,1219717724.19,251
2021-02,UAL,39,1201725822.31,251
2021-02,PG,40,1180133739.01,251
2021-02,PTON,41,1126696061.05,251
2021-02,QCOM,42,1114700472.67,251
2021-02,VZ,43,1109778016.04,251
2021-02,GILD,44,1080217512.59,251
2021-02,CVX,45,1079682662.38,251
2021-02,CMCSA,46,1048846965.88,251
2021-02,AAL,47,1042721089.46,251
2021-02,UBER,48,1035676423.63,251
2021-02,COST,49,1035194377.73,251
2021-02,KO,50,985027305.78,251
2021-02,ABBV,51,958725007.15,251
2021-02,JD,52,947590386.39,251
2021-02,MRK,53,942207320.68,251
2021-02,DAL,54,925595673.13,251
2021-02,BKNG,55,896712434.6,251
2021-02,BMY,56,877648189.17,251
2021-02,NKE,57,868111320.88,251
2021-02,DOCU,58,857692086.35,251
2021-02,MCD,59,846685320.99,251
2021-02,AVGO,60,840092491.3,251
2021-02,SBUX,61,839531097.13,251
2021-02,GE,62,832549638.4,251
2021-02,PDD,63,825773017.9,251
2021-02,PEP,64,823232987.09,251
2021-02,GS,65,820056123.85,251
2021-02,ORCL,66,815644313.24,251
2021-02,SNAP,67,814594666.33,251
2021-02,CCL,68,813197927.59,251
2021-02,TSM,69,809590145.77,251
2021-02,BYND,70,809144467.4,251
2021-02,BIDU,71,807583533.9,251
2021-02,IBM,72,797233573.36,251
2021-02,TXN,73,786892208.69,251
2021-02,NOW,74,785553680.55,251
2021-02,CHTR,75,784699686.79,251
2021-02,AMGN,76,767516763.18,251
2021-02,RTX,77,760532871.59,251
2021-02,LOW,78,756255606.3,251
2021-02,TMO,79,745774898.33,251
2021-02,MS,80,734452433.57,251
2021-02,TWLO,81,719438243.41,251
2021-02,ABT,82,717474030.54,251
2021-02,LLY,83,711448518.56,251
2021-02,NEE,84,709483428.75,251
2021-02,LRCX,85,694543394.27,251
2021-02,TGT,86,687569558.2,251
2021-02,RCL,87,680189239.2,251
2021-02,REGN,88,674910077.95,251
2021-02,TDOC,89,673865600.68,251
2021-02,UNP,90,672064422.26,251
2021-02,TMUS,91,665885799.97,251
2021-02,CRWD,92,660620422.3,251
2021-02,DKNG,93,650864559.27,251
2021-02,HON,94,648936571.76,251
2021-02,UPS,95,643776810.37,251
2021-02,FDX,96,643091438.8,251
2021-02,MDT,97,638662299.74,251
2021-02,TTD,98,634895388.51,251
2021-02,PLUG,99,632342088.95,251
2021-02,MELI,100,630508723.19,251
2021-02,LMT,101,630498206.1,251
2021-02,CVS,102,608625436.99,251
2021-02,NCLH,103,602362595.04,251
2021-02,FSLY,104,597369780.76,251
2021-02,GM,105,596805016.85,251
2021-02,AMAT,106,596553673.8,251
2021-02,MMM,107,593781133.92,251
2021-02,WORK,108,592975160.46,251
2021-02,AXP,109,592942394.83,251
2021-02,AMT,110,592797948.48,251
2021-02,CAT,111,592741878.28,251
2021-02,DHR,112,591604717.29,251
2021-02,FIS,113,589338135.68,251
2021-02,F,114,587117679.76,251
2021-02,GME,115,586944140.42,251
2021-02,LULU,116,584571478.71,251
2021-02,PINS,117,575069558.32,251
2021-02,W,118,570504565.29,251
2021-02,BLK,119,565700810.06,251
2021-02,EBAY,120,562240663.21,251
2021-02,FISV,121,558206926.91,251
2021-02,ACN,122,552808754.76,251
2021-02,BIIB,123,542526926.74,251
2021-02,NVAX,124,536314065.55,251
2021-02,LIN,125,534052624.61,251
2021-02,VRTX,126,529082481.08,251
2021-02,OXY,127,523142509.5,251
2021-02,LUV,128,521621288.64,251
2021-02,SE,129,520350707.58,251
2021-02,SCHW,130,507049802.18,251
2021-02,NEM,131,505710392.99,251
2021-02,TJX,132,504597192.77,251
2021-02,SPGI,133,497789268.9,251
2021-02,BDX,134,497069332.3,251
2021-02,ISRG,135,496924020.6,251
2021-02,CMG,136,496422149.74,251
2021-02,DXCM,137,490795461.47,251
2021-02,SPG,138,489171832.85,251
2021-02,B,139,486786091.46,251
2021-02,INTU,140,484139774.84,251
2021-02,PM,141,482993730.78,251
2021-02,ELV,142,468799484.81,251
2021-02,ECL,143,464172823.43,251
2021-02,SPOT,144,457035564.24,251
2021-02,WDAY,145,455038694.69,251
2021-02,ETSY,146,450973438.68,251
2021-02,ILMN,147,449699275.8,251
2021-02,DG,148,447226265.0,251
2021-02,MO,149,446656551.53,251
2021-02,CI,150,446369248.02,251
2021-03,TSLA,1,21642284415.47,251
2021-03,AAPL,2,16067723103.96,251
2021-03,AMZN,3,14432286121.98,251
2021-03,MSFT,4,8039508112.53,251
2021-03,META,5,5889333308.43,251
2021-03,BA,6,5185818112.51,251
2021-03,NVDA,7,5131422577.92,251
2021-03,BABA,8,4869106188.16,251
2021-03,AMD,9,4148214818.75,251
2021-03,GOOGL,10,3358609521.94,251
2021-03,NIO,11,3328521584.48,251
2021-03,GOOG,12,3122450418.35,251
2021-03,ZM,13,3086831910.74,251
2021-03,JPM,14,2233220004.36,251
2021-03,V,15,2169391993.56,251
2021-03,INTC,16,2033014873.41,251
2021-03,SHOP,17,1999108406.02,251
2021-03,DIS,18,1986373492.11,251
2021-03,BAC,19,1878229350.03,251
2021-03,PYPL,20,1831067591.0,251
2021-03,CRM,21,1768924320.92,251
2021-03,MRNA,22,1728420275.09,251
2021-03,XYZ,23,1691073827.14,251
2021-03,MA,24,1556770587.48,251
2021-03,ROKU,25,1520219472.24,251
2021-03,ADBE,26,1466124040.26,251
2021-03,BRK.B,27,1464252300.5,251
2021-03,C,28,1399940376.91,251
2021-03,JNJ,29,1390461085.16,251
2021-03,XOM,30,1376743904.14,251
2021-03,WMT,31,1358043731.38,251
2021-03,PFE,32,1349506585.07,251
2021-03,T,33,1330680299.11,251
2021-03,UNH,34,1327389470.54,251
2021-03,HD,35,1293302190.39,251
2021-03,WFC,36,1283412521.78,251
2021-03,MU,37,1248183442.78,251
2021-03,UAL,38,1228186516.5,251
2021-03,PTON,39,1202846746.69,251
2021-03,QCOM,40,1195880485.03,251
2021-03,CSCO,41,1192640297.57,251
2021-03,PG,42,1181276908.36,251
2021-03,VZ,43,1117849550.23,251
2021-03,CVX,44,1089669376.81,251
2021-03,AAL,45,1083090910.5,251
2021-03,COST,46,1046693196.68,251
2021-03,CMCSA,47,1037245016.98,251
2021-03,BIDU,48,1021125502.91,251
2021-03,UBER,49,1011001783.35,251
2021-03,GILD,50,989756559.35,251
2021-03,KO,51,985813411.09,251
2021-03,JD,52,974965680.04,251
2021-03,ABBV,53,943485202.88,251
2021-03,DAL,54,934473044.29,251
2021-03,MRK,55,916451308.8,251
2021-03,SNAP,56,912773882.53,251
2021-03,DOCU,57,904690288.77,251
2021-03,PDD,58,894289106.91,251
2021-03,TSM,59,889796674.78,251
2021-03,NKE,60,878081246.0,251
2021-03,BKNG,61,875533038.36,251
2021-03,BMY,62,875278509.54,251
2021-03,CCL,63,870408077.64,251
2021-03,GME,64,869500713.91,251
2021-03,AVGO,65,847729730.97,251
2021-03,MCD,66,835839608.71,251
2021-03,GE,67,834874514.4,251
2021-03,GS,68,833104269.61,251
2021-03,SBUX,69,829251495.22,251
2021-03,ORCL,70,826735141.35,251
2021-03,PEP,71,818729147.75,251
2021-03,TXN,72,804012914.91,251
2021-03,NOW,73,792335763.78,251
2021-03,CHTR,74,781676105.04,251
2021-03,BYND,75,779569810.73,251
2021-03,IBM,76,777068596.12,251
2021-03,AMGN,77,767397053.93,251
2021-03,TWLO,78,766989279.16,251
2021-03,TMO,79,764619910.21,251
2021-03,LOW,80,763509268.08,251
2021-03,PLUG,81,749980836.97,251
2021-03,RTX,82,738921943.87,251
2021-03,MS,83,733894466.48,251
2021-03,ABT,84,729046378.8,251
2021-03,LLY,85,722894924.6,251
2021-03,LRCX,86,714482346.3,251
2021-03,TDOC,87,713970685.5,251
2021-03,DKNG,88,713751699.49,251
2021-03,NEE,89,701013749.91,251
2021-03,CRWD,90,699479130.79,251
2021-03,TGT,91,694776395.29,251
2021-03,RCL,92,678963916.39,251
2021-03,REGN,93,676648447.62,251
2021-03,TMUS,94,669811621.18,251
2021-03,UNP,95,667533160.59,251
2021-03,MELI,96,655033468.52,251
2021-03,GM,97,653583137.29,251
2021-03,FDX,98,651359442.62,251
2021-03,UPS,99,650583828.59,251
2021-03,PINS,100,645281656.92,251
2021-03,HON,101,643407375.04,251
2021-03,TTD,102,642697580.19,251
2021-03,LMT,103,635036857.14,251
2021-03,MDT,104,632309898.87,251
2021-03,FSLY,105,631189802.48,251
2021-03,NCLH,106,628587279.5,251
2021-03,AMAT,107,626149985.14,251
2021-03,NVAX,108,624889796.47,251
2021-03,CAT,109,605925655.39,251
2021-03,DHR,110,603934798.28,251
2021-03,F,111,601329121.99,251
2021-03,CVS,112,597819854.64,251
2021-03,W,113,595317689.1,251
2021-03,FIS,114,591083432.73,251
2021-03,WORK,115,590081180.35,251
2021-03,AXP,116,588815945.49,251
2021-03,LULU,117,586651330.57,251
2021-03,AMT,118,585011644.55,251
2021-03,SE,119,582327303.28,251
2021-03,MMM,120,577158735.32,251
2021-03,BLK,121,573025774.0,251
2021-03,FISV,122,565199674.58,251
2021-03,ACN,123,553575680.74,251
2021-03,EBAY,124,552450908.31,251
2021-03,VRTX,125,541058473.17,251
2021-03,LUV,126,537679125.07,251
2021-03,LIN,127,534974805.63,251
2021-03,OXY,128,524978672.24,251
2021-03,TJX,129,514617298.43,251
2021-03,BIIB,130,512607697.04,251
2021-03,SPGI,131,508539364.7,251
2021-03,DD,132,506634371.42,251
2021-03,SCHW,133,506129552.89,251
2021-03,NEM,134,505963328.56,251
2021-03,ISRG,135,497203010.44,251
2021-03,INTU,136,496936472.92,251
2021-03,B,137,492684207.43,251
2021-03,SPOT,138,491932356.2,251
2021-03,DXCM,139,490735516.8,251
2021-03,CMG,140,489570288.22,251
2021-03,SPG,141,486657189.29,251
2021-03,ETSY,142,486603937.65,251
2021-03,PM,143,474603334.27,251
2021-03,BDX,144,473980192.64,251
2021-03,WDAY,145,473486383.45,251
2021-03,DG,146,464792301.53,251
2021-03,ELV,147,459100557.45,251
2021-03,ILMN,148,458265849.78,251
2021-03,ECL,149,456968522.09,251
2021-03,BSX,150,442519602.74,251
2021-04,TSLA,1,23114322000.74,252
2021-04,AAPL,2,15640217733.41,252
2021-04,AMZN,3,14098392883.42,252
2021-04,MSFT,4,7686904412.62,252
2021-04,META,5,5990049929.6,252
2021-04,BA,6,5225893261.1,252
2021-04,NVDA,7,5123789957.82,252
2021-04,BABA,8,4857604057.47,252
2021-04,AMD,9,4081936443.17,252
2021-04,NIO,10,3766871619.77,252
2021-04,GOOGL,11,3282769099.53,252
2021-04,ZM,12,3094580092.23,252
2021-04,GOOG,13,3063191569.6,252
2021-04,JPM,14,2190311198.55,252
2021-04,V,15,2090821490.62,252
2021-04,SHOP,16,2036986988.15,252
2021-04,INTC,17,2016833483.06,252
2021-04,DIS,18,1959144554.91,252
2021-04,PYPL,19,1925667020.28,252
2021-04,XYZ,20,1836418268.42,252
2021-04,BAC,21,1819100813.73,252
2021-04,MRNA,22,1796635430.28,252
2021-04,CRM,23,1774137939.34,252
2021-04,ROKU,24,1558785659.59,252
2021-04,MA,25,1483664383.09,252
2021-04,ADBE,26,1433762474.87,252
2021-04,BIDU,27,1423772983.64,252
2021-04,BRK.B,28,1404081789.58,252
2021-04,C,29,1383197442.16,252
2021-04,GME,30,1382482945.23,252
2021-04,XOM,31,1373970744.56,252
2021-04,WMT,32,1335149596.56,252
2021-04,PFE,33,1312781283.81,252
2021-04,JNJ,34,1307553441.96,252
2021-04,MU,35,1295389496.1,252
2021-04,PTON,36,1270889885.42,252
2021-04,HD,37,1263369095.93,252
2021-04,T,38,1263077305.81,252
2021-04,WFC,39,1257740870.82,252
2021-04,UAL,40,1249434500.48,252
2021-04,UNH,41,1245789883.68,252
2021-04,QCOM,42,1240454921.38,252
2021-04,CSCO,43,1152247815.73,252
2021-04,PG,44,1123230353.1,252
2021-04,AAL,45,1104209847.02,252
2021-04,CVX,46,1071873618.94,252
2021-04,VZ,47,1070161901.1,252
2021-04,COST,48,1011317726.4,252
2021-04,PDD,49,1009793008.1,252
2021-04,CMCSA,50,1002800566.81,252
2021-04,SNAP,51,992634860.94,252
2021-04,JD,52,991482869.13,252
2021-04,UBER,53,990281164.23,252
2021-04,TSM,54,972036633.18,252
2021-04,KO,55,947132810.21,252
2021-04,DOCU,56,946797250.83,252
2021-04,CCL,57,906516483.44,252
2021-04,MRK,58,897762672.48,252
2021-04,ABBV,59,895482573.17,252
2021-04,AVGO,60,887597875.47,252
2021-04,DAL,61,884518441.64,252
2021-04,PLUG,62,875228369.19,252
2021-04,GE,63,870718903.6,252
2021-04,NKE,64,861464979.95,252
2021-04,BKNG,65,858593727.2,252
2021-04,GILD,66,858029120.9,252
2021-04,BMY,67,843707141.93,252
2021-04,ORCL,68,838093400.13,252
2021-04,GS,69,836268467.33,252
2021-04,DKNG,70,832666677.57,252
2021-04,TWLO,71,819302855.11,252
2021-04,TXN,72,797264778.55,252
2021-04,PEP,73,794023820.74,252
2021-04,NOW,74,787980834.5,252
2021-04,MCD,75,784513367.45,252
2021-04,BYND,76,780419462.59,252
2021-04,SBUX,77,778752334.46,252
2021-04,CRWD,78,765563470.82,252
2021-04,LOW,79,763787419.95,252
2021-04,TMO,80,760445311.49,252
2021-04,AMGN,81,754983980.12,252
2021-04,IBM,82,753835437.47,252
2021-04,CHTR,83,743104952.06,252
2021-04,LRCX,84,742640974.89,252
2021-04,MS,85,733053240.6,252
2021-04,TDOC,86,729043401.63,252
2021-04,GM,87,725124608.8,252
2021-04,LLY,88,713613221.6,252
2021-04,MELI,89,711435750.82,252
2021-04,PINS,90,708548241.24,252
2021-04,TGT,91,707033734.77,252
2021-04,AMAT,92,690753095.49,252
2021-04,ABT,93,689346456.67,252
2021-04,NVAX,94,681670333.77,252
2021-04,FDX,95,680924225.55,252
2021-04,TMUS,96,680411393.94,252
2021-04,RTX,97,679915325.65,252
2021-04,SE,98,673906102.78,252
2021-04,NEE,99,669888285.54,252
2021-04,TTD,100,665691449.37,252
2021-04,NCLH,101,665602832.15,252
2021-04,FSLY,102,654956682.14,252
2021-04,RCL,103,653979039.84,252
2021-04,UNP,104,648607084.25,252
2021-04,UPS,105,643233052.02,252
2021-04,REGN,106,642051407.3,252
2021-04,HON,107,631333399.12,252
2021-04,W,108,630170091.1,252
2021-04,F,109,626952643.34,252
2021-04,LMT,110,621007825.56,252
2021-04,CAT,111,612216564.1,252
2021-04,DHR,112,598757530.8,252
2021-04,MDT,113,598210998.91,252
2021-04,LULU,114,583285493.3,252
2021-04,WORK,115,574380832.36,252
2021-04,AMT,116,565872727.54,252
2021-04,BLK,117,564320642.22,252
2021-04,CVS,118,563430166.15,252
2021-04,FIS,119,560659674.84,252
2021-04,AXP,120,546448210.82,252
2021-04,ACN,121,546252842.52,252
2021-04,LUV,122,545052114.72,252
2021-04,ETSY,123,544612557.98,252
2021-04,FISV,124,541198712.37,252
2021-04,EBAY,125,541171416.2,252
2021-04,MMM,126,539218596.5,252
2021-04,NXPI,127,528644801.3,252
2021-04,VRTX,128,524222719.79,252
2021-04,OXY,129,519700554.24,252
2021-04,LIN,130,516725305.87,252
2021-04,SPOT,131,507418929.62,252
2021-04,INTU,132,501887835.82,252
2021-04,DD,133,501750354.14,252
2021-04,NEM,134,501521110.23,252
2021-04,TJX,135,501244373.24,252
2021-04,SPGI,136,490649114.13,252
2021-04,SCHW,137,487446583.71,252
2021-04,DXCM,138,486764248.82,252
2021-04,B,139,480727565.53,252
2021-04,SPG,140,478398722.36,252
2021-04,DG,141,474282843.72,252
2021-04,BIIB,142,474240433.28,252
2021-04,PENN,143,473074912.58,252
2021-04,ISRG,144,472630521.82,252
2021-04,WDAY,145,469825014.21,252
2021-04,CMG,146,467174187.9,252
2021-04,ENPH,147,463090584.26,252
2021-04,ILMN,148,462953631.14,252
2021-04,AMC,149,452124675.74,252
2021-04,PM,150,449911909.98,252
2021-05,TSLA,1,24031473750.62,252
2021-05,AAPL,2,15733189851.42,252
2021-05,AMZN,3,13982651197.65,252
2021-05,MSFT,4,7578468212.83,252
2021-05,META,5,6117698774.55,252
2021-05,NVDA,6,5220646519.04,252
2021-05,BA,7,5017091136.5,252
2021-05,BABA,8,4884476417.28,252
2021-05,AMD,9,4050006003.2,252
2021-05,NIO,10,4007186919.07,252
2021-05,GOOGL,11,3316888047.1,252
2021-05,GOOG,12,3110442028.41,252
2021-05,ZM,13,2965743411.21,252
2021-05,JPM,14,2159426196.01,252
2021-05,V,15,2047159076.6,252
2021-05,INTC,16,2030357490.15,252
2021-05,PYPL,17,1980246838.51,252
2021-05,SHOP,18,1969351549.81,252
2021-05,XYZ,19,1962031591.75,252
2021-05,DIS,20,1913888093.5,252
2021-05,MRNA,21,1877893636.28,252
2021-05,BAC,22,1825947166.76,252
2021-05,CRM,23,1776601921.53,252
2021-05,ROKU,24,1540721492.78,252
2021-05,BIDU,25,1516199396.36,252
2021-05,GME,26,1487785826.1,252
2021-05,MA,27,1426796417.28,252
2021-05,ADBE,28,1418112766.41,252
2021-05,BRK.B,29,1377863805.72,252
2021-05,C,30,1369995428.73,252
2021-05,XOM,31,1341833148.95,252
2021-05,MU,32,1336925901.46,252
2021-05,PTON,33,1333088853.53,252
2021-05,PFE,34,1318620344.53,252
2021-05,WMT,35,1309950672.5,252
2021-05,QCOM,36,1291562930.66,252
2021-05,HD,37,1263831732.99,252
2021-05,JNJ,38,1263167981.41,252
2021-05,WFC,39,1260783336.2,252
2021-05,T,40,1254261489.78,252
2021-05,UAL,41,1224384176.14,252
2021-05,UNH,42,1207092346.29,252
2021-05,CSCO,43,1139418726.13,252
2021-05,PG,44,1092679222.98,252
2021-05,AAL,45,1091380660.62,252
2021-05,SNAP,46,1087239169.95,252
2021-05,VZ,47,1060485487.62,252
2021-05,PDD,48,1044021319.71,252
2021-05,CVX,49,1039518815.89,252
2021-05,TSM,50,1032126222.36,252
2021-05,JD,51,1000047547.54,252
2021-05,CMCSA,52,999805652.75,252
2021-05,UBER,53,998588374.85,252
2021-05,COST,54,976851495.48,252
2021-05,PLUG,55,959532708.67,252
2021-05,DOCU,56,958945567.73,252
2021-05,KO,57,925159451.24,252
2021-05,AVGO,58,900590317.59,252
2021-05,DKNG,59,889501713.37,252
2021-05,MRK,60,886472638.51,252
2021-05,ABBV,61,885648500.89,252
2021-05,CCL,62,878982660.97,252
2021-05,NKE,63,878532065.36,252
2021-05,BKNG,64,872727296.13,252
2021-05,GE,65,865384085.13,252
2021-05,ORCL,66,860900939.59,252
2021-05,GS,67,858457253.39,252
2021-05,TWLO,68,841927865.03,252
2021-05,BMY,69,822430252.91,252
2021-05,TXN,70,806837042.89,252
2021-05,DAL,71,805622539.74,252
2021-05,CRWD,72,800158856.33,252
2021-05,PEP,73,793045742.06,252
2021-05,NOW,74,792752616.9,252
2021-05,PINS,75,784892505.79,252
2021-05,LRCX,76,775951216.01,252
2021-05,LOW,77,773602396.72,252
2021-05,GM,78,771852887.61,252
2021-05,AMAT,79,768491603.47,252
2021-05,TMO,80,766957607.65,252
2021-05,BYND,81,756069402.02,252
2021-05,IBM,82,753076177.16,252
2021-05,SBUX,83,752850673.04,252
2021-05,MS,84,751781320.41,252
2021-05,MCD,85,751550708.25,252
2021-05,AMGN,86,747547738.86,252
2021-05,CHTR,87,741257659.4,252
2021-05,MELI,88,732303809.22,252
2021-05,TDOC,89,725054525.4,252
2021-05,NVAX,90,724495825.74,252
2021-05,SE,91,721014506.83,252
2021-05,LLY,92,709819421.42,252
2021-05,GILD,93,704764945.62,252
2021-05,TGT,94,696839405.59,252
2021-05,FDX,95,694604561.45,252
2021-05,NCLH,96,681907481.58,252
2021-05,TMUS,97,671212415.02,252
2021-05,FSLY,98,667745937.56,252
2021-05,UPS,99,659310498.64,252
2021-05,TTD,100,657865529.38,252
2021-05,NEE,101,657001762.06,252
2021-05,ABT,102,654911751.47,252
2021-05,F,103,651460214.91,252
2021-05,HON,104,639961869.2,252
2021-05,UNP,105,637472039.03,252
2021-05,RTX,106,636969759.86,252
2021-05,REGN,107,623973880.93,252
2021-05,W,108,623114423.89,252
2021-05,LMT,109,610350474.11,252
2021-05,CAT,110,606359681.0,252
2021-05,RCL,111,601026106.73,252
2021-05,DHR,112,599273071.4,252
2021-05,MDT,113,589642271.74,252
2021-05,LULU,114,585508326.4,252
2021-05,BLK,115,567944847.26,252
2021-05,ETSY,116,566507758.29,252
2021-05,WORK,117,556897793.25,252
2021-05,FISV,118,551914737.26,252
2021-05,CVS,119,549905642.76,252
2021-05,FIS,120,546344433.01,252
2021-05,ACN,121,546317998.17,252
2021-05,AMT,122,546107540.29,252
2021-05,NXPI,123,544427888.29,252
2021-05,EBAY,124,534247205.44,252
2021-05,SPOT,125,527004788.39,252
2021-05,MMM,126,525703991.97,252
2021-05,AXP,127,525352386.13,252
2021-05,LIN,128,518113172.55,252
2021-05,LUV,129,515537165.72,252
2021-05,FUTU,130,511475191.81,252
2021-05,INTU,131,506098992.79,252
2021-05,VRTX,132,500805613.72,252
2021-05,PENN,133,498063034.43,252
2021-05,SCHW,134,496525435.79,252
2021-05,DD,135,494576272.03,252
2021-05,FCX,136,489487439.01,252
2021-05,OXY,137,489152816.43,252
2021-05,NEM,138,487437258.37,252
2021-05,AMC,139,485265561.11,252
2021-05,ENPH,140,483859544.23,252
2021-05,TJX,141,482188377.42,252
2021-05,SPGI,142,481784048.44,252
2021-05,ISRG,143,473816206.82,252
2021-05,RIOT,144,471921113.28,252
2021-05,DXCM,145,469784109.3,252
2021-05,DG,146,467110047.87,252
2021-05,WDAY,147,466917730.66,252
2021-05,GOTU,148,464263427.74,252
2021-05,B,149,464080512.05,252
2021-05,ILMN,150,464024810.48,252
2021-06,TSLA,1,24711712560.96,252
2021-06,AAPL,2,15741317549.1,252
2021-06,AMZN,3,14174749986.53,252
2021-06,MSFT,4,7565769403.88,252
2021-06,META,5,6122957678.77,252
2021-06,NVDA,6,5226730967.47,252
2021-06,BA,7,5007207507.4,252
2021-06,BABA,8,4853908926.83,252
2021-06,NIO,9,4268119744.29,252
2021-06,AMD,10,4072510608.2,252
2021-06,GOOGL,11,3397951456.35,252
2021-06,GOOG,12,3180536025.07,252
2021-06,ZM,13,2928131761.98,252
2021-06,JPM,14,2180504882.98,252
2021-06,XYZ,15,2141737364.92,252
2021-06,INTC,16,2042036831.16,252
2021-06,V,17,2037440194.92,252
2021-06,PYPL,18,2019459070.6,252
2021-06,DIS,19,1895340236.06,252
2021-06,SHOP,20,1890611273.78,252
2021-06,BAC,21,1875442401.63,252
2021-06,MRNA,22,1836034559.85,252
2021-06,CRM,23,1829420290.38,252
2021-06,GME,24,1638627754.5,252
2021-06,BIDU,25,1568330670.23,252
2021-06,ROKU,26,1558391867.68,252
2021-06,PTON,27,1464566613.44,252
2021-06,MA,28,1443900576.45,252
2021-06,XOM,29,1420359342.72,252
2021-06,BRK.B,30,1415911322.52,252
2021-06,ADBE,31,1413444445.18,252
2021-06,T,32,1402885710.2,252
2021-06,C,33,1399348812.19,252
2021-06,PFE,34,1366353935.6,252
2021-06,MU,35,1365780946.79,252
2021-06,WMT,36,1348164012.26,252
2021-06,QCOM,37,1329036854.52,252
2021-06,JNJ,38,1290297067.39,252
2021-06,WFC,39,1287582606.76,252
2021-06,HD,40,1285087061.47,252
2021-06,UNH,41,1197581019.71,252
2021-06,UAL,42,1166032334.34,252
2021-06,PG,43,1160174552.15,252
2021-06,SNAP,44,1159206630.75,252
2021-06,CSCO,45,1151370265.95,252
2021-06,VZ,46,1097651460.29,252
2021-06,AAL,47,1096988729.01,252
2021-06,TSM,48,1088021378.7,252
2021-06,CVX,49,1075763176.21,252
2021-06,PDD,50,1069318420.11,252
2021-06,PLUG,51,1043699473.44,252
2021-06,UBER,52,1038400838.74,252
2021-06,CMCSA,53,1023034130.75,252
2021-06,JD,54,991649641.25,252
2021-06,COST,55,971145004.75,252
2021-06,DOCU,56,963748193.45,252
2021-06,DKNG,57,946605564.59,252
2021-06,KO,58,940791304.22,252
2021-06,AVGO,59,919953941.97,252
2021-06,AMC,60,915040090.37,252
2021-06,NKE,61,909410836.39,252
2021-06,MRK,62,908336290.31,252
2021-06,GS,63,905503200.51,252
2021-06,GE,64,902118405.0,252
2021-06,CCL,65,900015715.74,252
2021-06,ORCL,66,897147402.14,252
2021-06,ABBV,67,873008928.79,252
2021-06,BKNG,68,853925730.91,252
2021-06,AMAT,69,847766331.67,252
2021-06,PINS,70,839298963.17,252
2021-06,TXN,71,838586504.58,252
2021-06,GM,72,834629356.53,252
2021-06,CRWD,73,828286543.02,252
2021-06,TWLO,74,817394585.42,252
2021-06,NOW,75,806622452.42,252
2021-06,LRCX,76,805115559.81,252
2021-06,TMO,77,803162499.68,252
2021-06,MS,78,802270386.03,252
2021-06,LOW,79,799911402.33,252
2021-06,BMY,80,794059672.53,252
2021-06,SE,81,791776848.17,252
2021-06,PEP,82,777822984.23,252
2021-06,IBM,83,774517842.58,252
2021-06,F,84,773387774.3,252
2021-06,MELI,85,754222805.05,252
2021-06,DAL,86,753925652.9,252
2021-06,AMGN,87,750319834.69,252
2021-06,MCD,88,747674298.94,252
2021-06,CHTR,89,746836471.1,252
2021-06,SBUX,90,743079238.28,252
2021-06,NVAX,91,733235166.22,252
2021-06,TGT,92,732712946.94,252
2021-06,TDOC,93,732624687.11,252
2021-06,LLY,94,728070200.76,252
2021-06,FDX,95,727239830.49,252
2021-06,UPS,96,695875746.14,252
2021-06,TMUS,97,684974906.45,252
2021-06,BYND,98,682174375.6,252
2021-06,FSLY,99,679108955.78,252
2021-06,NEE,100,671957301.54,252
2021-06,NCLH,101,668987884.49,252
2021-06,TTD,102,665099508.09,252
2021-06,ABT,103,659016781.8,252
2021-06,GILD,104,651574863.59,252
2021-06,UNP,105,651299623.87,252
2021-06,HON,106,650226479.89,252
2021-06,CAT,107,637757944.66,252
2021-06,RTX,108,627408916.58,252
2021-06,LMT,109,615712998.59,252
2021-06,W,110,614986179.18,252
2021-06,DHR,111,605775638.18,252
2021-06,MDT,112,604277943.17,252
2021-06,CVS,113,600711960.26,252
2021-06,FCX,114,597111154.3,252
2021-06,ETSY,115,591217082.56,252
2021-06,FUTU,116,577587467.35,252
2021-06,ACN,117,569805574.96,252
2021-06,LULU,118,569020462.17,252
2021-06,RCL,119,568798254.8,252
2021-06,FISV,120,561052236.16,252
2021-06,AMT,121,558510153.34,252
2021-06,REGN,122,554049245.73,252
2021-06,FIS,123,545531152.44,252
2021-06,WORK,124,538848619.66,252
2021-06,EBAY,125,538806597.04,252
2021-06,NXPI,126,538615635.46,252
2021-06,LIN,127,535587701.22,252
2021-06,SPOT,128,535073260.09,252
2021-06,INTU,129,525002400.47,252
2021-06,AXP,130,524003127.23,252
2021-06,SCHW,131,521484893.92,252
2021-06,RIOT,132,516630663.14,252
2021-06,LI,133,514441770.57,210
2021-06,SPCE,134,509930147.91,252
2021-06,MMM,135,506781074.91,252
2021-06,DD,136,503618358.71,252
2021-06,DE,137,500465080.58,252
2021-06,NEM,138,499409060.25,252
2021-06,BLK,139,499011625.84,252
2021-06,SPGI,140,498796328.77,252
2021-06,OXY,141,494709740.67,252
2021-06,ENPH,142,494258851.49,252
2021-06,TJX,143,493496263.68,252
2021-06,PENN,144,491094861.62,252
2021-06,LUV,145,488416054.39,252
2021-06,ISRG,146,486934213.61,252
2021-06,DG,147,475053570.08,252
2021-06,VRTX,148,473201969.25,252
2021-06,ADI,149,473185058.41,252
2021-06,B,150,472873668.7,252
2021-07,TSLA,1,25043839851.0,252
2021-07,AAPL,2,15452416063.39,252
2021-07,AMZN,3,14152221384.54,252
2021-07,MSFT,4,7503390730.98,252
2021-07,META,5,6089927190.14,252
2021-07,NVDA,6,5629743105.17,252
2021-07,BABA,7,4845407623.23,252
2021-07,NIO,8,4526524075.4,252
2021-07,BA,9,4230238100.0,252
2021-07,AMD,10,4092143227.3,252
2021-07,GOOGL,11,3434514016.26,252
2021-07,GOOG,12,3247653642.02,252
2021-07,ZM,13,2748242965.39,252
2021-07,AMC,14,2586882139.53,252
2021-07,XYZ,15,2229903046.78,252
2021-07,JPM,16,2228646940.48,252
2021-07,PYPL,17,2064265195.31,252
2021-07,V,18,2054064924.34,252
2021-07,INTC,19,2009550466.53,252
2021-07,MRNA,20,1931661911.6,252
2021-07,SHOP,21,1903497618.99,252
2021-07,BAC,22,1896163874.43,252
2021-07,DIS,23,1895938863.61,252
2021-07,GME,24,1884107345.79,252
2021-07,CRM,25,1875043505.94,252
2021-07,BIDU,26,1608435275.95,252
2021-07,ROKU,27,1596105512.87,252
2021-07,PTON,28,1500539311.07,252
2021-07,XOM,29,1474451585.1,252
2021-07,MA,30,1453726088.9,252
2021-07,BRK.B,31,1434938450.96,252
2021-07,C,32,1426050389.0,252
2021-07,ADBE,33,1412131598.09,252
2021-07,T,34,1410128806.51,252
2021-07,MU,35,1399198513.6,252
2021-07,WMT,36,1372915192.85,252
2021-07,PFE,37,1357789525.01,252
2021-07,QCOM,38,1337328243.12,252
2021-07,HD,39,1313223024.72,252
2021-07,JNJ,40,1307833063.43,252
2021-07,WFC,41,1283387324.06,252
2021-07,UNH,42,1258947914.01,252
2021-07,SNAP,43,1214210484.13,252
2021-07,PG,44,1201120069.71,252
2021-07,TSM,45,1152567682.49,252
2021-07,PLUG,46,1120526446.03,252
2021-07,CSCO,47,1118853731.98,252
2021-07,CVX,48,1117616767.57,252
2021-07,VZ,49,1102376124.28,252
2021-07,PDD,50,1088399574.9,252
2021-07,UBER,51,1063932602.61,252
2021-07,CMCSA,52,1022392981.62,252
2021-07,JD,53,988220781.97,252
2021-07,NKE,54,962599894.71,252
2021-07,DOCU,55,959547007.07,252
2021-07,MRK,56,959389876.08,252
2021-07,COST,57,957477861.79,252
2021-07,GS,58,956803587.71,252
2021-07,DKNG,59,956481436.42,252
2021-07,AAL,60,955957951.75,252
2021-07,UAL,61,950580907.12,252
2021-07,KO,62,948036609.31,252
2021-07,ORCL,63,936868878.52,252
2021-07,GE,64,918859668.0,252
2021-07,AVGO,65,913607128.33,252
2021-07,GM,66,911893316.79,252
2021-07,XPEV,67,899034485.2,212
2021-07,AMAT,68,897719737.97,252
2021-07,CCL,69,892298409.01,252
2021-07,PINS,70,883885864.44,252
2021-07,F,71,879961375.0,252
2021-07,TMO,72,870651255.74,252
2021-07,ABBV,73,868734195.69,252
2021-07,CRWD,74,838377713.63,252
2021-07,MS,75,837354663.57,252
2021-07,TWLO,76,837148118.93,252
2021-07,TXN,77,835835609.01,252
2021-07,BKNG,78,832830854.43,252
2021-07,SE,79,823830082.94,252
2021-07,NOW,80,823348523.6,252
2021-07,LOW,81,822262624.48,252
2021-07,LRCX,82,806755068.41,252
2021-07,FDX,83,781210761.39,252
2021-07,PEP,84,778928963.33,252
2021-07,BMY,85,778891180.09,252
2021-07,LLY,86,778421088.02,252
2021-07,IBM,87,775696816.18,252
2021-07,NVAX,88,773700972.07,252
2021-07,MELI,89,764558822.24,252
2021-07,TGT,90,758819875.53,252
2021-07,CHTR,91,748607141.13,252
2021-07,AMGN,92,746487399.72,252
2021-07,MCD,93,739277210.93,252
2021-07,UPS,94,736434821.8,252
2021-07,ABT,95,726199031.03,252
2021-07,TDOC,96,720951303.98,252
2021-07,SBUX,97,711426949.25,252
2021-07,CAT,98,705673870.35,252
2021-07,FCX,99,686305609.41,252
2021-07,NEE,100,684582842.01,252
2021-07,SPCE,101,670653110.69,252
2021-07,TTD,102,654319919.19,252
2021-07,HON,103,653544279.59,252
2021-07,UNP,104,651088376.82,252
2021-07,FSLY,105,648762050.93,252
2021-07,DHR,106,647281097.94,252
2021-07,DAL,107,643167653.8,252
2021-07,FUTU,108,631158646.19,252
2021-07,BYND,109,619692147.92,252
2021-07,GILD,110,619176723.09,252
2021-07,W,111,618795069.47,252
2021-07,QS,112,614124133.09,220
2021-07,ETSY,113,613248077.01,252
2021-07,MDT,114,610464400.04,252
2021-07,RTX,115,608205877.37,252
2021-07,LMT,116,603018260.38,252
2021-07,TMUS,117,602516972.51,252
2021-07,CVS,118,598118496.09,252
2021-07,LIN,119,595917394.68,252
2021-07,NCLH,120,588983430.14,252
2021-07,ACN,121,581388474.27,252
2021-07,DE,122,562569077.0,252
2021-07,RIOT,123,554189831.8,252
2021-07,FISV,124,553014516.78,252
2021-07,AMT,125,546854334.24,252
2021-07,INTU,126,545547900.26,252
2021-07,SCHW,127,543586281.32,252
2021-07,NXPI,128,539703454.34,252
2021-07,LULU,129,535203652.3,252
2021-07,FIS,130,532682683.58,252
2021-07,REGN,131,529345794.56,252
2021-07,AXP,132,528246336.53,252
2021-07,SPGI,133,520447790.3,252
2021-07,VALE,134,518127532.87,252
2021-07,EBAY,135,516691981.98,252
2021-07,MMM,136,511411419.26,252
2021-07,LI,137,510818036.52,232
2021-07,TJX,138,503138867.8,252
2021-07,BLK,139,497690566.88,252
2021-07,DD,140,495801486.35,252
2021-07,COP,141,495329292.09,252
2021-07,ENPH,142,495036397.87,252
2021-07,NEM,143,492254174.77,252
2021-07,BILI,144,489715558.08,252
2021-07,BIIB,145,489668422.98,252
2021-07,ISRG,146,489450026.3,252
2021-07,SPOT,147,487876963.59,252
2021-07,ADI,148,487510557.42,252
2021-07,PENN,149,485222765.1,252
2021-07,VRTX,150,480372814.87,252
2021-08,TSLA,1,24117065002.82,251
2021-08,AAPL,2,15471530259.49,251
2021-08,AMZN,3,13858208408.85,251
2021-08,MSFT,4,7498205115.63,251
2021-08,META,5,6095045066.59,251
2021-08,NVDA,6,5944923438.77,251
2021-08,BABA,7,4795220506.02,251
2021-08,NIO,8,4577013678.12,251
2021-08,AMD,9,4147225459.43,251
2021-08,BA,10,3931138494.67,251
2021-08,GOOGL,11,3520031068.11,251
2021-08,GOOG,12,3296654632.42,251
2021-08,AMC,13,2934049796.48,251
2021-08,ZM,14,2716160785.76,251
2021-08,MRNA,15,2253930509.37,251
2021-08,JPM,16,2248706926.46,251
2021-08,XYZ,17,2220711975.0,251
2021-08,PYPL,18,2107723083.45,251
2021-08,V,19,2105998279.31,251
2021-08,INTC,20,1957157844.05,251
2021-08,BAC,21,1937997032.58,251
2021-08,CRM,22,1936119959.34,251
2021-08,GME,23,1930309782.63,251
2021-08,DIS,24,1925991315.09,251
2021-08,SHOP,25,1827178454.46,251
2021-08,BIDU,26,1657666476.42,251
2021-08,PLTR,27,1654795383.53,210
2021-08,ROKU,28,1630917976.28,251
2021-08,PTON,29,1529187132.6,251
2021-08,XOM,30,1508182175.74,251
2021-08,MA,31,1468569972.78,251
2021-08,C,32,1453254344.27,251
2021-08,MU,33,1449826084.97,251
2021-08,BRK.B,34,1441307886.86,251
2021-08,T,35,1405370163.89,251
2021-08,ADBE,36,1404204640.55,251
2021-08,QCOM,37,1360077074.03,251
2021-08,WMT,38,1353501525.31,251
2021-08,PFE,39,1337723205.96,251
2021-08,HD,40,1332532621.48,251
2021-08,JNJ,41,1327720639.41,251
2021-08,SNAP,42,1294566630.09,251
2021-08,WFC,43,1288738246.85,251
2021-08,UNH,44,1281162375.61,251
2021-08,SNOW,45,1239214557.95,220
2021-08,PG,46,1220622923.14,251
2021-08,TSM,47,1149578854.4,251
2021-08,PLUG,48,1146654338.89,251
2021-08,CVX,49,1143814032.27,251
2021-08,CSCO,50,1119839799.8,251
2021-08,VZ,51,1110043716.27,251
2021-08,PDD,52,1100840463.84,251
2021-08,UBER,53,1094403509.0,251
2021-08,CMCSA,54,1026280665.69,251
2021-08,JD,55,1018683808.51,251
2021-08,NKE,56,999805937.0,251
2021-08,ORCL,57,977278523.81,251
2021-08,GS,58,974008871.17,251
2021-08,MRK,59,965749434.01,251
2021-08,COST,60,965637288.03,251
2021-08,DKNG,61,961557464.88,251
2021-08,GM,62,951989692.48,251
2021-08,KO,63,950184197.88,251
2021-08,AMAT,64,945163179.78,251
2021-08,GE,65,940077607.67,251
2021-08,AAL,66,939256184.74,251
2021-08,AVGO,67,934319210.73,251
2021-08,PINS,68,923171516.02,251
2021-08,CCL,69,922826697.8,251
2021-08,DOCU,70,922305099.98,251
2021-08,F,71,912397401.12,251
2021-08,TMO,72,881893491.35,251
2021-08,XPEV,73,879134411.24,233
2021-08,ABBV,74,874352657.07,251
2021-08,MS,75,870709223.34,251
2021-08,UAL,76,859663912.85,251
2021-08,TXN,77,851492130.57,251
2021-08,SE,78,850327699.55,251
2021-08,CRWD,79,850213674.14,251
2021-08,BKNG,80,836802403.47,251
2021-08,LOW,81,834867856.69,251
2021-08,LRCX,82,830423570.67,251
2021-08,TWLO,83,821692328.91,251
2021-08,NOW,84,818872790.87,251
2021-08,SPCE,85,798825455.59,251
2021-08,LLY,86,791204798.91,251
2021-08,PEP,87,789730894.32,251
2021-08,TGT,88,788804487.64,251
2021-08,FDX,89,786767395.88,251
2021-08,IBM,90,786351687.32,251
2021-08,BMY,91,779891749.24,251
2021-08,MELI,92,762455217.65,251
2021-08,NVAX,93,758620371.31,251
2021-08,CHTR,94,756290907.64,251
2021-08,MCD,95,743612362.99,251
2021-08,UPS,96,743367941.98,251
2021-08,AMGN,97,739585135.87,251
2021-08,ABT,98,738905321.45,251
2021-08,CAT,99,732316836.94,251
2021-08,TDOC,100,721758989.68,251
2021-08,FCX,101,720973208.7,251
2021-08,SBUX,102,719841555.77,251
2021-08,HON,103,704325282.07,251
2021-08,FUTU,104,691264375.32,251
2021-08,NEE,105,683013390.93,251
2021-08,UNP,106,666945722.96,251
2021-08,DHR,107,661004360.62,251
2021-08,TTD,108,638796164.32,251
2021-08,DAL,109,631906490.01,251
2021-08,ETSY,110,631535512.44,251
2021-08,W,111,616456515.89,251
2021-08,MDT,112,614260346.94,251
2021-08,GILD,113,605752534.02,251
2021-08,ACN,114,602824882.82,251
2021-08,TMUS,115,602021281.02,251
2021-08,CVS,116,602005272.26,251
2021-08,RTX,117,599974293.81,251
2021-08,BYND,118,591225980.04,251
2021-08,LMT,119,589095476.36,251
2021-08,DE,120,588007705.84,251
2021-08,FSLY,121,587805750.61,251
2021-08,LIN,122,587413726.88,251
2021-08,QS,123,579721314.12,241
2021-08,RIOT,124,573854283.74,251
2021-08,NCLH,125,570674561.79,251
2021-08,LCID,126,570132231.61,218
2021-08,INTU,127,561039284.33,251
2021-08,SCHW,128,560338610.04,251
2021-08,AXP,129,557803502.26,251
2021-08,FISV,130,557509285.72,251
2021-08,AMT,131,551516117.38,251
2021-08,NXPI,132,549928064.48,251
2021-08,SPGI,133,537410832.59,251
2021-08,VALE,134,535162000.05,251
2021-08,FIS,135,523730905.29,251
2021-08,ALXN,136,521787614.16,243
2021-08,REGN,137,519882420.74,251
2021-08,LULU,138,518404795.1,251
2021-08,BLK,139,518192679.24,251
2021-08,COP,140,517877816.08,251
2021-08,BILI,141,516250955.83,251
2021-08,MMM,142,515582180.27,251
2021-08,ENPH,143,511736862.45,251
2021-08,TJX,144,508137437.44,251
2021-08,EBAY,145,504898729.61,251
2021-08,LI,146,503165563.88,251
2021-08,BIIB,147,500364008.72,251
2021-08,DD,148,496436190.46,251
2021-08,ISRG,149,491181041.81,251
2021-08,ADI,150,489527525.63,251
2021-09,TSLA,1,22757024906.69,252
2021-09,AAPL,2,14341685438.88,252
2021-09,AMZN,3,13557653105.96,252
2021-09,MSFT,4,7398010846.79,252
2021-09,NVDA,5,5994295896.53,252
2021-09,META,6,5774321267.38,252
2021-09,BABA,7,4887165608.21,252
2021-09,AMD,8,4601355358.32,252
2021-09,NIO,9,4545777562.22,252
2021-09,BA,10,3654489173.45,252
2021-09,GOOGL,11,3576963582.83,252
2021-09,GOOG,12,3265207248.48,252
2021-09,AMC,13,3228212319.38,252
2021-09,MRNA,14,2951933755.66,252
2021-09,ZM,15,2685664299.69,252
2021-09,XYZ,16,2287167353.87,252
2021-09,JPM,17,2246893565.39,252
2021-09,PYPL,18,2140338685.81,252
2021-09,V,19,2103286891.83,252
2021-09,GME,20,1984227503.14,252
2021-09,BAC,21,1979073378.92,252
2021-09,DIS,22,1912312779.6,252
2021-09,INTC,23,1901112108.33,252
2021-09,CRM,24,1825512756.03,252
2021-09,SHOP,25,1797286456.55,252
2021-09,BIDU,26,1683286841.95,252
2021-09,ROKU,27,1636314760.75,252
2021-09,PLTR,28,1619202921.33,232
2021-09,PTON,29,1548691108.01,252
2021-09,MU,30,1523739587.49,252
2021-09,XOM,31,1518028695.33,252
2021-09,C,32,1474379246.51,252
2021-09,MA,33,1474052322.88,252
2021-09,PFE,34,1458346108.07,252
2021-09,BRK.B,35,1443795155.82,252
2021-09,T,36,1397314731.34,252
2021-09,ADBE,37,1368417059.2,252
2021-09,QCOM,38,1345411918.76,252
2021-09,JNJ,39,1338121901.06,252
2021-09,SNAP,40,1336952679.21,252
2021-09,WMT,41,1334580748.76,252
2021-09,HD,42,1333554399.36,252
2021-09,WFC,43,1316778626.37,252
2021-09,UNH,44,1285562549.55,252
2021-09,SNOW,45,1266233890.95,242
2021-09,PG,46,1221832869.67,252
2021-09,TSM,47,1168800968.69,252
2021-09,CVX,48,1164134966.51,252
2021-09,PLUG,49,1154377623.73,252
2021-09,UBER,50,1125462624.21,252
2021-09,VZ,51,1114309817.9,252
2021-09,CSCO,52,1109742070.94,252
2021-09,PDD,53,1092470459.69,252
2021-09,CMCSA,54,1030408826.84,252
2021-09,NKE,55,1012840114.38,252
2021-09,GM,56,1007669158.77,252
2021-09,GS,57,1002935296.72,252
2021-09,JD,58,1000222775.38,252
2021-09,AMAT,59,989000383.3,252
2021-09,DKNG,60,988225973.95,252
2021-09,GE,61,981193937.73,252
2021-09,ORCL,62,980844657.79,252
2021-09,COST,63,969877286.0,252
2021-09,MRK,64,968572355.44,252
2021-09,KO,65,948348278.56,252
2021-09,AVGO,66,942981737.91,252
2021-09,F,67,941020619.4,252
2021-09,CCL,68,932986180.11,252
2021-09,PINS,69,923509814.21,252
2021-09,AAL,70,909777569.44,252
2021-09,CRWD,71,909718636.06,252
2021-09,MS,72,903799658.57,252
2021-09,DOCU,73,899240463.91,252
2021-09,SE,74,895742256.86,252
2021-09,TMO,75,882550960.31,252
2021-09,ABBV,76,875751393.26,252
2021-09,TXN,77,862473544.09,252
2021-09,LOW,78,852912515.65,252
2021-09,LRCX,79,847925866.64,252
2021-09,BKNG,80,847800688.78,252
2021-09,XPEV,81,831414585.96,252
2021-09,SPCE,82,817770123.7,252
2021-09,LLY,83,816197553.97,252
2021-09,PEP,84,795581719.64,252
2021-09,NOW,85,793086862.79,252
2021-09,TGT,86,792422105.2,252
2021-09,UAL,87,792078842.88,252
2021-09,TWLO,88,789127454.1,252
2021-09,IBM,89,785408890.8,252
2021-09,NVAX,90,781074627.1,252
2021-09,FDX,91,778702010.79,252
2021-09,MELI,92,770646186.34,252
2021-09,BMY,93,770564244.52,252
2021-09,CHTR,94,769360182.57,252
2021-09,CAT,95,760734282.3,252
2021-09,FCX,96,748179333.1,252
2021-09,MCD,97,736831337.81,252
2021-09,FUTU,98,734589461.84,252
2021-09,ABT,99,729693432.18,252
2021-09,UPS,100,727352372.3,252
2021-09,AMGN,101,725706313.5,252
2021-09,SBUX,102,723308212.34,252
2021-09,NEE,103,698425517.99,252
2021-09,HON,104,688564827.44,252
2021-09,DHR,105,685840293.52,252
2021-09,UNP,106,675605517.52,252
2021-09,TDOC,107,636804762.38,252
2021-09,ETSY,108,633502547.23,252
2021-09,TTD,109,625529174.86,252
2021-09,MDT,110,620310490.77,252
2021-09,DAL,111,616254470.83,252
2021-09,TMUS,112,614422528.84,252
2021-09,ACN,113,614357156.58,252
2021-09,CVS,114,607541245.9,252
2021-09,BNTX,115,602417120.31,252
2021-09,DE,116,602351677.95,252
2021-09,RIOT,117,600549959.35,252
2021-09,LMT,118,590980769.13,252
2021-09,GILD,119,588086921.78,252
2021-09,LIN,120,583090257.58,252
2021-09,INTU,121,581122733.98,252
2021-09,RTX,122,580875153.25,252
2021-09,AXP,123,576865537.87,252
2021-09,NXPI,124,570849898.95,252
2021-09,SCHW,125,570630047.64,252
2021-09,W,126,570158926.63,252
2021-09,QS,127,569758267.35,252
2021-09,BYND,128,567076923.48,252
2021-09,SPGI,129,562619143.94,252
2021-09,NCLH,130,557091630.62,252
2021-09,FISV,131,556540104.26,252
2021-09,ALXN,132,553692048.79,222
2021-09,AMT,133,552156656.73,252
2021-09,VALE,134,551416863.98,252
2021-09,ADI,135,543403100.69,252
2021-09,REGN,136,536215162.08,252
2021-09,BILI,137,536158296.31,252
2021-09,LCID,138,535541285.84,240
2021-09,COP,139,531230453.92,252
2021-09,FIS,140,529703492.09,252
2021-09,BLK,141,524458125.8,252
2021-09,ENPH,142,516377757.43,252
2021-09,EBAY,143,516141891.13,252
2021-09,MMM,144,513908843.93,252
2021-09,LI,145,511372768.49,252
2021-09,FSLY,146,507581457.76,252
2021-09,TJX,147,505507360.47,252
2021-09,ISRG,148,504842484.55,252
2021-09,LULU,149,499692822.72,252
2021-09,BIIB,150,493140065.62,252
2021-10,TSLA,1,21099541857.81,252
2021-10,AAPL,2,13581019799.86,252
2021-10,AMZN,3,12932001647.47,252
2021-10,MSFT,4,7355717306.95,252
2021-10,META,5,5728390787.74,252
2021-10,NVDA,6,5625283331.93,252
2021-10,BABA,7,4925358155.04,252
2021-10,AMD,8,4593051075.71,252
2021-10,NIO,9,4506514677.23,252
2021-10,GOOGL,10,3659822498.8,252
2021-10,BA,11,3520930836.27,252
2021-10,AMC,12,3473796890.34,252
2021-10,MRNA,13,3394021728.34,252
2021-10,GOOG,14,3317488523.01,252
2021-10,XYZ,15,2276558204.25,252
2021-10,JPM,16,2250006127.17,252
2021-10,ZM,17,2190094989.53,252
2021-10,PYPL,18,2123501494.11,252
2021-10,V,19,2115664729.31,252
2021-10,GME,20,2026729547.85,252
2021-10,BAC,21,2021601707.06,252
2021-10,DIS,22,1946905469.39,252
2021-10,INTC,23,1848986497.79,252
2021-10,CRM,24,1805935059.82,252
2021-10,BIDU,25,1712366806.77,252
2021-10,SHOP,26,1706918591.28,252
2021-10,PLTR,27,1613905538.65,252
2021-10,ROKU,28,1594361458.07,252
2021-10,MU,29,1546034248.37,252
2021-10,XOM,30,1540274290.27,252
2021-10,MA,31,1487255669.34,252
2021-10,PFE,32,1486173801.84,252
2021-10,C,33,1475798008.93,252
2021-10,BRK.B,34,1467296732.38,252
2021-10,SNAP,35,1396456232.01,252
2021-10,T,36,1390436022.23,252
2021-10,JNJ,37,1344661277.49,252
2021-10,QCOM,38,1340169720.01,252
2021-10,ADBE,39,1337218861.36,252
2021-10,WFC,40,1336977122.1,252
2021-10,HD,41,1336286374.04,252
2021-10,PTON,42,1322938520.4,252
2021-10,UNH,43,1316752427.9,252
2021-10,WMT,44,1273070574.17,252
2021-10,SNOW,45,1258754931.68,252
2021-10,PG,46,1236738065.97,252
2021-10,ABNB,47,1233600728.99,203
2021-10,CVX,48,1183828141.78,252
2021-10,TSM,49,1170655447.92,252
2021-10,PLUG,50,1165368961.97,252
2021-10,UBER,51,1153982106.83,252
2021-10,VZ,52,1109784373.88,252
2021-10,PDD,53,1108712296.41,252
2021-10,CSCO,54,1107595707.76,252
2021-10,GM,55,1038971690.76,252
2021-10,CMCSA,56,1037098863.15,252
2021-10,AMAT,57,1029385685.17,252
2021-10,NKE,58,1025108887.0,252
2021-10,GS,59,1019692482.98,252
2021-10,GE,60,1008017909.77,252
2021-10,MRK,61,995936014.13,252
2021-10,ORCL,62,992251162.42,252
2021-10,JD,63,989731065.68,252
2021-10,F,64,982266547.7,252
2021-10,SE,65,963539413.5,252
2021-10,COST,66,962026081.63,252
2021-10,KO,67,955528778.71,252
2021-10,AVGO,68,944132127.54,252
2021-10,CCL,69,943253875.67,252
2021-10,MS,70,942467166.07,252
2021-10,DKNG,71,937598796.7,252
2021-10,ABBV,72,909829247.46,252
2021-10,TMO,73,908578530.51,252
2021-10,PINS,74,903254440.19,252
2021-10,AAL,75,902979519.43,252
2021-10,CRWD,76,896559273.53,252
2021-10,TXN,77,863343525.38,252
2021-10,LRCX,78,861298837.46,252
2021-10,LOW,79,852051338.72,252
2021-10,XPEV,80,846530285.69,252
2021-10,BKNG,81,845922872.75,252
2021-10,SPCE,82,829147771.77,252
2021-10,LLY,83,825325170.83,252
2021-10,NVAX,84,816565316.49,252
2021-10,TGT,85,808957852.99,252
2021-10,NOW,86,796127429.39,252
2021-10,TWLO,87,793395400.94,252
2021-10,PEP,88,789424717.73,252
2021-10,IBM,89,786966678.73,252
2021-10,CHTR,90,782629792.02,252
2021-10,DOCU,91,782328365.21,252
2021-10,CAT,92,779804427.58,252
2021-10,FCX,93,779157088.01,252
2021-10,FUTU,94,770176679.64,252
2021-10,BMY,95,769911384.95,252
2021-10,FDX,96,767795431.51,252
2021-10,MELI,97,765042527.65,252
2021-10,UAL,98,753079180.55,252
2021-10,MCD,99,737125002.4,252
2021-10,ABT,100,732445645.05,252
2021-10,SBUX,101,721625606.47,252
2021-10,UPS,102,716375143.69,252
2021-10,AMGN,103,714242020.28,252
2021-10,DHR,104,708036585.69,252
2021-10,UNP,105,703149908.01,252
2021-10,HON,106,696682754.96,252
2021-10,NEE,107,696556033.3,252
2021-10,BNTX,108,680234760.51,252
2021-10,DASH,109,646405245.53,204
2021-10,DE,110,637755048.55,252
2021-10,TMUS,111,635377387.93,252
2021-10,ACN,112,633916890.35,252
2021-10,RIOT,113,624143594.11,252
2021-10,MDT,114,623319826.84,252
2021-10,LCID,115,615779684.94,252
2021-10,ETSY,116,613439480.78,252
2021-10,TDOC,117,611259027.43,252
2021-10,TTD,118,602550998.44,252
2021-10,ADI,119,598581938.17,252
2021-10,INTU,120,598557687.85,252
2021-10,CVS,121,597155423.05,252
2021-10,DAL,122,593131908.9,252
2021-10,LMT,123,592718686.07,252
2021-10,AXP,124,590332704.33,252
2021-10,NXPI,125,586900045.66,252
2021-10,LIN,126,583961174.31,252
2021-10,RTX,127,582412647.36,252
2021-10,QS,128,580245782.39,252
2021-10,SCHW,129,580057606.97,252
2021-10,ALXN,130,579053241.06,201
2021-10,SPGI,131,578339700.14,252
2021-10,GILD,132,576049153.65,252
2021-10,VALE,133,569157028.97,252
2021-10,COP,134,562208515.51,252
2021-10,BILI,135,550434739.01,252
2021-10,AMT,136,546548495.4,252
2021-10,NCLH,137,545594420.37,252
2021-10,FISV,138,542048771.07,252
2021-10,W,139,533788988.0,252
2021-10,REGN,140,533141919.73,252
2021-10,FIS,141,532524682.85,252
2021-10,MMM,142,529413283.39,252
2021-10,ASML,143,525742390.71,252
2021-10,BLK,144,525284833.04,252
2021-10,ENPH,145,520179393.83,252
2021-10,LI,146,516691645.28,252
2021-10,BYND,147,514721152.63,252
2021-10,EBAY,148,513173599.48,252
2021-10,TJX,149,512693488.07,252
2021-10,ISRG,150,511117828.25,252
2021-11,TSLA,1,21718423978.99,251
2021-11,AAPL,2,13193030158.01,251
2021-11,AMZN,3,12317409719.41,251
2021-11,MSFT,4,7495680766.02,251
2021-11,META,5,6031388445.02,251
2021-11,NVDA,6,5664146178.91,251
2021-11,BABA,7,4903134548.04,251
2021-11,AMD,8,4650974741.98,251
2021-11,NIO,9,4357794598.5,251
2021-11,GOOGL,10,3822797696.67,251
2021-11,MRNA,11,3687835645.4,251
2021-11,AMC,12,3604711036.13,251
2021-11,BA,13,3403791833.14,251
2021-11,GOOG,14,3370795873.1,251
2021-11,XYZ,15,2302517119.36,251
2021-11,JPM,16,2284217952.76,251
2021-11,PYPL,17,2245712020.8,251
2021-11,V,18,2135141216.92,251
2021-11,BAC,19,2068637347.26,251
2021-11,GME,20,2041566712.01,251
2021-11,DIS,21,1980716193.31,251
2021-11,ZM,22,1852887448.11,251
2021-11,INTC,23,1850014272.83,251
2021-11,CRM,24,1823597522.69,251
2021-11,BIDU,25,1730607000.24,251
2021-11,SHOP,26,1708040122.96,251
2021-11,PLTR,27,1663139971.71,251
2021-11,ROKU,28,1587585841.03,251
2021-11,MU,29,1579691001.5,251
2021-11,XOM,30,1569799251.89,251
2021-11,MA,31,1507628674.08,251
2021-11,PFE,32,1492538603.29,251
2021-11,C,33,1491795385.47,251
2021-11,BRK.B,34,1480666227.9,251
2021-11,T,35,1391349650.88,251
2021-11,SNAP,36,1370889457.02,251
2021-11,WFC,37,1367710102.51,251
2021-11,JNJ,38,1358339807.07,251
2021-11,ADBE,39,1357189872.41,251
2021-11,HD,40,1356661076.04,251
2021-11,QCOM,41,1349594412.48,251
2021-11,UNH,42,1348457422.3,251
2021-11,WMT,43,1281754782.43,251
2021-11,SNOW,44,1268980172.5,251
2021-11,PG,45,1245441326.62,251
2021-11,PLUG,46,1207827196.99,251
2021-11,CVX,47,1206404925.23,251
2021-11,TSM,48,1185887920.68,251
2021-11,UBER,49,1180423347.77,251
2021-11,ABNB,50,1171404255.71,224
2021-11,PTON,51,1163371878.94,251
2021-11,VZ,52,1126513769.36,251
2021-11,PDD,53,1119706864.62,251
2021-11,CSCO,54,1100391077.72,251
2021-11,GM,55,1089711708.09,251
2021-11,MRK,56,1079111657.63,251
2021-11,AMAT,57,1073039997.9,251
2021-11,CMCSA,58,1063807846.75,251
2021-11,NKE,59,1053152612.5,251
2021-11,GS,60,1049297516.71,251
2021-11,F,61,1045267219.0,251
2021-11,ORCL,62,1013604783.97,251
2021-11,SE,63,1004668936.59,251
2021-11,GE,64,998442208.93,251
2021-11,JD,65,979094638.81,251
2021-11,KO,66,975600961.88,251
2021-11,AVGO,67,971519295.56,251
2021-11,COST,68,970074344.01,251
2021-11,CCL,69,957656284.13,251
2021-11,MS,70,941070715.09,251
2021-11,TMO,71,919816555.28,251
2021-11,ABBV,72,916684888.42,251
2021-11,CRWD,73,907920792.65,251
2021-11,LRCX,74,890397759.31,251
2021-11,AAL,75,885720400.4,251
2021-11,TXN,76,878719540.98,251
2021-11,NVAX,77,869936791.76,251
2021-11,PINS,78,868140837.37,251
2021-11,XPEV,79,865839259.66,251
2021-11,LOW,80,858868211.01,251
2021-11,DKNG,81,850303798.89,251
2021-11,BKNG,82,845012712.5,251
2021-11,SPCE,83,830247933.82,251
2021-11,LLY,84,830197715.85,251
2021-11,TGT,85,829933968.2,251
2021-11,FUTU,86,828876364.72,251
2021-11,FCX,87,818718129.39,251
2021-11,NOW,88,808411556.54,251
2021-11,PEP,89,797116229.62,251
2021-11,CAT,90,789947681.89,251
2021-11,IBM,91,789500390.06,251
2021-11,CHTR,92,781281208.47,251
2021-11,BMY,93,777436146.5,251
2021-11,TWLO,94,772799359.15,251
2021-11,MELI,95,767477939.02,251
2021-11,FDX,96,764963185.31,251
2021-11,DOCU,97,755796085.94,251
2021-11,LCID,98,752327472.47,251
2021-11,ABT,99,747678931.51,251
2021-11,MCD,100,746519179.23,251
2021-11,SBUX,101,734263335.96,251
2021-11,UAL,102,729696122.38,251
2021-11,DHR,103,720766885.67,251
2021-11,BNTX,104,716885733.13,251
2021-11,UPS,105,707861829.01,251
2021-11,AMGN,106,705426630.08,251
2021-11,UNP,107,703550535.39,251
2021-11,HON,108,700462642.66,251
2021-11,NEE,109,698422123.51,251
2021-11,AFRM,110,697074792.1,202
2021-11,UPST,111,685903894.86,220
2021-11,TMUS,112,659786253.42,251
2021-11,RIOT,113,656605473.6,251
2021-11,DE,114,655346804.32,251
2021-11,ACN,115,653181207.12,251
2021-11,MDT,116,633903101.76,251
2021-11,INTU,117,627648460.01,251
2021-11,ADI,118,618926483.78,251
2021-11,DASH,119,618600670.87,225
2021-11,AXP,120,608587715.49,251
2021-11,ETSY,121,607422142.23,251
2021-11,LMT,122,602964442.48,251
2021-11,QS,123,600027654.71,251
2021-11,CVS,124,599412857.47,251
2021-11,SPGI,125,599056837.67,251
2021-11,NXPI,126,598341720.68,251
2021-11,DAL,127,589205890.84,251
2021-11,TDOC,128,588753898.92,251
2021-11,VALE,129,586492006.67,251
2021-11,COP,130,586401614.12,251
2021-11,LIN,131,578991829.45,251
2021-11,RTX,132,576464426.25,251
2021-11,ASML,133,574445719.48,251
2021-11,TTD,134,572016954.46,251
2021-11,BILI,135,558330153.64,251
2021-11,GILD,136,558301599.19,251
2021-11,MARA,137,557494806.85,251
2021-11,SCHW,138,556333630.36,251
2021-11,BRK.A,139,546736290.31,251
2021-11,AMT,140,545937828.02,251
2021-11,FISV,141,542044975.87,251
2021-11,NCLH,142,541172608.72,251
2021-11,BLK,143,535961663.96,251
2021-11,MMM,144,535048918.53,251
2021-11,ENPH,145,533218871.93,251
2021-11,OXY,146,532988606.2,251
2021-11,ISRG,147,528791687.86,251
2021-11,FIS,148,527181784.63,251
2021-11,TJX,149,523355178.4,251
2021-11,LI,150,522692312.33,251
2021-12,TSLA,1,23062209785.63,252
2021-12,AAPL,2,13226070046.27,252
2021-12,AMZN,3,12199340435.31,252
2021-12,MSFT,4,7693750951.96,252
2021-12,NVDA,5,6591197745.66,252
2021-12,META,6,6214005988.39,252
2021-12,AMD,7,5141391722.14,252
2021-12,BABA,8,4491213302.61,252
2021-12,GOOGL,9,3955305199.62,252
2021-12,MRNA,10,3868985098.25,252
2021-12,AMC,11,3701411685.56,252
2021-12,NIO,12,3527110397.51,252
2021-12,GOOG,13,3381387091.51,252
2021-12,BA,14,3176772849.3,252
2021-12,PYPL,15,2409265351.47,252
2021-12,XYZ,16,2264668931.24,252
2021-12,JPM,17,2261428686.5,252
2021-12,V,18,2252026548.47,252
2021-12,BAC,19,2094791001.81,252
2021-12,GME,20,2070754687.18,252
2021-12,DIS,21,2063932249.07,252
2021-12,INTC,22,1843269667.7,252
2021-12,CRM,23,1782391844.57,252
2021-12,SHOP,24,1725087372.33,252
2021-12,BIDU,25,1724553825.53,252
2021-12,MU,26,1629139710.9,252
2021-12,PLTR,27,1604789661.47,252
2021-12,MA,28,1584306596.53,252
2021-12,ZM,29,1581871686.47,252
2021-12,XOM,30,1568820388.85,252
2021-12,ROKU,31,1556255376.01,252
2021-12,PFE,32,1534126106.84,252
2021-12,C,33,1505018080.53,252
2021-12,BRK.B,34,1485969149.14,252
2021-12,QCOM,35,1462579408.21,252
2021-12,T,36,1397871050.89,252
2021-12,WFC,37,1383236483.69,252
2021-12,HD,38,1382475061.92,252
2021-12,ADBE,39,1372832526.43,252
2021-12,JNJ,40,1372491260.62,252
2021-12,UNH,41,1359183731.48,252
2021-12,SNAP,42,1353099474.87,252
2021-12,SNOW,43,1316649657.59,252
2021-12,WMT,44,1301759378.62,252
2021-12,PG,45,1246962237.26,252
2021-12,CVX,46,1228633651.95,252
2021-12,TSM,47,1212657327.96,252
2021-12,ABNB,48,1211840736.54,245
2021-12,PLUG,49,1210731828.35,252
2021-12,UBER,50,1192325032.44,252
2021-12,F,51,1174247570.9,252
2021-12,LCID,52,1165742611.62,252
2021-12,VZ,53,1134569144.59,252
2021-12,CSCO,54,1131380785.01,252
2021-12,MRK,55,1127998635.44,252
2021-12,AMAT,56,1124036881.45,252
2021-12,GM,57,1123683704.69,252
2021-12,PTON,58,1121716955.44,252
2021-12,SE,59,1090188736.89,252
2021-12,GS,60,1078858042.12,252
2021-12,NKE,61,1072311850.28,252
2021-12,CMCSA,62,1047178471.46,252
2021-12,ORCL,63,1030629011.72,252
2021-12,PDD,64,1024890329.14,252
2021-12,AVGO,65,1005824729.58,252
2021-12,COST,66,995971236.46,252
2021-12,GE,67,983057235.07,252
2021-12,MS,68,962591711.13,252
2021-12,KO,69,962291175.71,252
2021-12,CRWD,70,950580844.62,252
2021-12,JD,71,930820232.04,252
2021-12,LRCX,72,919406640.93,252
2021-12,CCL,73,919134498.55,252
2021-12,NVAX,74,914546219.21,252
2021-12,TMO,75,911906180.31,252
2021-12,TXN,76,905100081.68,252
2021-12,ABBV,77,882337491.17,252
2021-12,BKNG,78,855046639.81,252
2021-12,TGT,79,852044278.87,252
2021-12,AAL,80,850446050.85,252
2021-12,LOW,81,849468252.61,252
2021-12,FCX,82,846060167.65,252
2021-12,LLY,83,844188881.61,252
2021-12,FUTU,84,836771434.31,252
2021-12,PINS,85,828629596.88,252
2021-12,SPCE,86,822370492.71,252
2021-12,DKNG,87,818259611.71,252
2021-12,PEP,88,806834082.34,252
2021-12,NOW,89,804700707.56,252
2021-12,CAT,90,800796904.02,252
2021-12,IBM,91,795714520.27,252
2021-12,AFRM,92,788682887.85,223
2021-12,MELI,93,780998934.28,252
2021-12,BMY,94,780159712.03,252
2021-12,BNTX,95,778671108.54,252
2021-12,TWLO,96,777063689.66,252
2021-12,CHTR,97,776372811.14,252
2021-12,ABT,98,758150712.27,252
2021-12,SBUX,99,752331440.19,252
2021-12,FDX,100,746537612.23,252
2021-12,DHR,101,736912803.35,252
2021-12,MCD,102,735948281.15,252
2021-12,UPST,103,733981934.59,241
2021-12,DOCU,104,729207354.59,252
2021-12,AMGN,105,707864482.42,252
2021-12,UNP,106,705472577.94,252
2021-12,UAL,107,703917273.83,252
2021-12,RIOT,108,701422662.92,252
2021-12,XPEV,109,701049207.21,252
2021-12,UPS,110,697473032.29,252
2021-12,NEE,111,694952694.5,252
2021-12,ACN,112,689514152.43,252
2021-12,INTU,113,686817652.58,252
2021-12,HON,114,679520143.89,252
2021-12,DE,115,676584245.17,252
2021-12,TMUS,116,665560950.92,252
2021-12,MDT,117,651756367.0,252
2021-12,DASH,118,650395983.71,246
2021-12,ADI,119,633513581.78,252
2021-12,QS,120,630136670.12,252
2021-12,NXPI,121,625742827.45,252
2021-12,MARA,122,623468041.59,252
2021-12,AXP,123,620326549.63,252
2021-12,SPGI,124,618253711.71,252
2021-12,ETSY,125,617806612.07,252
2021-12,LMT,126,609418103.0,252
2021-12,ASML,127,603439708.58,252
2021-12,BRK.A,128,599813168.73,252
2021-12,COP,129,595576428.53,252
2021-12,VALE,130,589761357.67,252
2021-12,CVS,131,587278959.65,252
2021-12,LIN,132,584571248.46,252
2021-12,DAL,133,575511675.24,252
2021-12,TDOC,134,566119221.15,252
2021-12,TTD,135,563970773.59,252
2021-12,GILD,136,558018476.02,252
2021-12,BILI,137,557715619.69,252
2021-12,RTX,138,557653537.37,252
2021-12,FISV,139,554419482.67,252
2021-12,AMT,140,546426217.66,252
2021-12,SCHW,141,546013303.71,252
2021-12,BLK,142,543654105.29,252
2021-12,OXY,143,543147949.32,252
2021-12,ENPH,144,540501404.05,252
2021-12,FIS,145,539555618.09,252
2021-12,ISRG,146,538225280.77,252
2021-12,NCLH,147,532076734.41,252
2021-12,MMM,148,531096210.17,252
2021-12,MSTR,149,524882713.96,252
2021-12,TLRY,150,522957342.8,252
2022-01,TSLA,1,21896217973.22,252
2022-01,AAPL,2,13754020986.48,252
2022-01,AMZN,3,12090880094.5,252
2022-01,MSFT,4,8045332448.66,252
2022-01,NVDA,5,7677486607.65,252
2022-01,META,6,6410664988.46,252
2022-01,AMD,7,5504227657.36,252
2022-01,BABA,8,4208463705.25,252
2022-01,GOOGL,9,4115133108.71,252
2022-01,AMC,10,3827292764.61,252
2022-01,MRNA,11,3715620093.68,252
2022-01,GOOG,12,3444646182.92,252
2022-01,NIO,13,3116316424.94,252
2022-01,BA,14,2973436873.78,252
2022-01,PYPL,15,2474888663.99,252
2022-01,JPM,16,2294578983.92,252
2022-01,XYZ,17,2241652141.48,252
2022-01,V,18,2240565672.6,252
2022-01,BAC,19,2175448606.82,252
2022-01,GME,20,2091540229.18,252
2022-01,DIS,21,1997551135.74,252
2022-01,INTC,22,1808214746.33,252
2022-01,SHOP,23,1713520706.13,252
2022-01,CRM,24,1693186430.31,252
2022-01,MU,25,1692003135.6,252
2022-01,BIDU,26,1621306738.67,252
2022-01,MA,27,1606044925.03,252
2022-01,PFE,28,1601945837.99,252
2022-01,XOM,29,1576965784.06,252
2022-01,ROKU,30,1564179567.96,252
2022-01,C,31,1534281801.99,252
2022-01,PLTR,32,1509950493.61,252
2022-01,QCOM,33,1497946950.06,252
2022-01,BRK.B,34,1492293173.58,252
2022-01,ADBE,35,1471917575.55,252
2022-01,HD,36,1432853125.73,252
2022-01,ZM,37,1417708258.84,252
2022-01,T,38,1416767151.39,252
2022-01,WFC,39,1405815007.92,252
2022-01,UNH,40,1403287514.59,252
2022-01,LCID,41,1394044405.18,252
2022-01,JNJ,42,1391142716.32,252
2022-01,WMT,43,1338870245.51,252
2022-01,SNAP,44,1331632370.47,252
2022-01,PG,45,1290083248.32,252
2022-01,F,46,1281171242.58,252
2022-01,RBLX,47,1258321525.58,207
2022-01,CVX,48,1254464149.92,252
2022-01,SNOW,49,1224772844.67,252
2022-01,TSM,50,1221126658.46,252
2022-01,UBER,51,1212394543.42,252
2022-01,CSCO,52,1184221111.43,252
2022-01,AMAT,53,1174142045.77,252
2022-01,PLUG,54,1173229915.53,252
2022-01,VZ,55,1169989702.25,252
2022-01,GM,56,1168537797.26,252
2022-01,MRK,57,1153969806.89,252
2022-01,ABNB,58,1133696604.72,252
2022-01,SE,59,1131523525.88,252
2022-01,GS,60,1112297373.08,252
2022-01,AVGO,61,1099660103.79,252
2022-01,CMCSA,62,1090338849.15,252
2022-01,NKE,63,1082105305.78,252
2022-01,ORCL,64,1062875746.21,252
2022-01,COST,65,1055523124.89,252
2022-01,PTON,66,1024423965.17,252
2022-01,KO,67,998034286.85,252
2022-01,MS,68,989322850.13,252
2022-01,NVAX,69,969326321.88,252
2022-01,GE,70,954408726.62,252
2022-01,PDD,71,946032304.05,252
2022-01,LRCX,72,938255796.31,252
2022-01,TXN,73,930771811.26,252
2022-01,JD,74,927634560.36,252
2022-01,TMO,75,924356792.13,252
2022-01,CRWD,76,919270542.67,252
2022-01,CCL,77,916903724.05,252
2022-01,ABBV,78,900808907.52,252
2022-01,TGT,79,884863214.85,252
2022-01,LLY,80,873311668.05,252
2022-01,BKNG,81,864791991.71,252
2022-01,FCX,82,860980929.13,252
2022-01,LOW,83,857420019.23,252
2022-01,FUTU,84,846753163.72,252
2022-01,PEP,85,831260994.43,252
2022-01,NOW,86,820039723.78,252
2022-01,BNTX,87,810145080.25,252
2022-01,AFRM,88,808356712.15,245
2022-01,PINS,89,807733122.51,252
2022-01,CAT,90,806939002.73,252
2022-01,IBM,91,801518327.8,252
2022-01,BMY,92,800298740.8,252
2022-01,MELI,93,799183615.62,252
2022-01,AAL,94,790871982.88,252
2022-01,SPCE,95,790589033.78,252
2022-01,DKNG,96,789996038.68,252
2022-01,ABT,97,781989453.19,252
2022-01,DOCU,98,780781084.18,252
2022-01,UPST,99,776294904.35,252
2022-01,DHR,100,772689337.86,252
2022-01,CHTR,101,768759394.88,252
2022-01,TWLO,102,766096811.42,252
2022-01,SBUX,103,765154501.79,252
2022-01,INTU,104,755998815.38,252
2022-01,MCD,105,738091202.22,252
2022-01,ACN,106,730902644.44,252
2022-01,AMGN,107,717555063.94,252
2022-01,UNP,108,715299596.79,252
2022-01,NEE,109,712473655.7,252
2022-01,FDX,110,711766765.55,252
2022-01,RIOT,111,700106932.51,252
2022-01,MDT,112,695608094.45,252
2022-01,HON,113,692132470.61,252
2022-01,UPS,114,690635868.16,252
2022-01,UAL,115,690570746.6,252
2022-01,DE,116,689795686.8,252
2022-01,TMUS,117,677686872.13,252
2022-01,ADI,118,661173592.58,252
2022-01,BRK.A,119,652448390.99,252
2022-01,NXPI,120,644819966.49,252
2022-01,AXP,121,639458160.93,252
2022-01,MARA,122,635830044.9,252
2022-01,ASML,123,635814196.89,252
2022-01,XPEV,124,625519518.39,252
2022-01,SPGI,125,620631330.53,252
2022-01,DASH,126,617825024.23,252
2022-01,ETSY,127,612360473.78,252
2022-01,LMT,128,603187224.9,252
2022-01,COP,129,602293741.44,252
2022-01,CVS,130,593302828.72,252
2022-01,LIN,131,593206995.16,252
2022-01,VALE,132,581800534.7,252
2022-01,DAL,133,581229218.02,252
2022-01,SCHW,134,555082901.8,252
2022-01,ISRG,135,554443393.44,252
2022-01,TDOC,136,554202137.03,252
2022-01,RTX,137,553902561.98,252
2022-01,GILD,138,553152833.74,252
2022-01,PANW,139,549500819.79,252
2022-01,BILI,140,549436087.44,252
2022-01,FISV,141,546841945.12,252
2022-01,BLK,142,544698434.59,252
2022-01,ENPH,143,542395582.65,252
2022-01,AMT,144,540070075.84,252
2022-01,MRVL,145,538149918.58,252
2022-01,EBAY,146,533645544.81,252
2022-01,TTD,147,532863345.09,252
2022-01,MMM,148,531888685.29,252
2022-01,FIS,149,531882523.61,252
2022-01,OXY,150,531114232.19,252
2022-02,TSLA,1,22025921311.87,253
2022-02,AAPL,2,13945408243.38,253
2022-02,AMZN,3,12056835992.66,253
2022-02,MSFT,4,8624567529.64,253
2022-02,NVDA,5,8418011757.07,253
2022-02,META,6,6459143653.84,253
2022-02,AMD,7,5932915824.69,253
2022-02,GOOGL,8,4236936617.03,253
2022-02,BABA,9,3939946206.97,253
2022-02,AMC,10,3701388337.57,253
2022-02,MRNA,11,3670410216.5,253
2022-02,GOOG,12,3534398455.87,253
2022-02,BA,13,2926088615.35,253
2022-02,NIO,14,2639983156.21,253
2022-02,PYPL,15,2527020954.35,253
2022-02,JPM,16,2353046369.41,253
2022-02,BAC,17,2251406473.65,253
2022-02,V,18,2248456119.54,253
2022-02,XYZ,19,2228130183.92,253
2022-02,DIS,20,2011169261.87,253
2022-02,SHOP,21,1797109670.39,253
2022-02,INTC,22,1773219540.65,253
2022-02,MU,23,1708479265.05,253
2022-02,CRM,24,1695965567.37,253
2022-02,PFE,25,1664326820.64,253
2022-02,MA,26,1637328133.42,253
2022-02,COIN,27,1634657572.43,203
2022-02,XOM,28,1627939070.23,253
2022-02,GME,29,1604965831.87,253
2022-02,C,30,1556614319.75,253
2022-02,QCOM,31,1555417764.99,253
2022-02,ADBE,32,1535725726.83,253
2022-02,BRK.B,33,1525516899.42,253
2022-02,HD,34,1501461453.66,253
2022-02,ROKU,35,1491064723.16,253
2022-02,F,36,1464841985.04,253
2022-02,UNH,37,1457537063.03,253
2022-02,BIDU,38,1453363440.3,253
2022-02,WFC,39,1452918915.24,253
2022-02,LCID,40,1446424138.65,253
2022-02,T,41,1441639433.78,253
2022-02,PLTR,42,1409827728.97,253
2022-02,JNJ,43,1382940151.4,253
2022-02,WMT,44,1336524401.56,253
2022-02,CVX,45,1329831928.7,253
2022-02,PG,46,1328791884.27,253
2022-02,SNAP,47,1323833527.68,253
2022-02,RBLX,48,1289244341.29,227
2022-02,ZM,49,1284569496.14,253
2022-02,TSM,50,1238878945.43,253
2022-02,AMAT,51,1229114860.3,253
2022-02,CSCO,52,1224357143.68,253
2022-02,SNOW,53,1213214964.47,253
2022-02,SE,54,1198403167.94,253
2022-02,AVGO,55,1195238493.75,253
2022-02,UBER,56,1185533783.54,253
2022-02,MRK,57,1173601126.1,253
2022-02,VZ,58,1172475814.78,253
2022-02,GS,59,1153244668.68,253
2022-02,GM,60,1149861052.65,253
2022-02,ABNB,61,1105114992.68,253
2022-02,CMCSA,62,1104320999.84,253
2022-02,COST,63,1102508962.72,253
2022-02,NKE,64,1099241110.64,253
2022-02,ORCL,65,1080123509.74,253
2022-02,MS,66,1018044335.17,253
2022-02,PTON,67,1016612671.0,253
2022-02,KO,68,999861710.47,253
2022-02,LRCX,69,963422280.91,253
2022-02,TXN,70,963008407.69,253
2022-02,NVAX,71,959681019.04,253
2022-02,TMO,72,941244865.06,253
2022-02,GE,73,930802484.45,253
2022-02,CRWD,74,924354595.16,253
2022-02,ABBV,75,923850505.79,253
2022-02,CCL,76,919679782.31,253
2022-02,JD,77,914406874.27,253
2022-02,PLUG,78,906555296.87,253
2022-02,TGT,79,890190668.04,253
2022-02,LOW,80,880217145.65,253
2022-02,PDD,81,878525238.36,253
2022-02,FCX,82,873398538.96,253
2022-02,BKNG,83,865560957.17,253
2022-02,NOW,84,860830906.0,253
2022-02,PEP,85,860116972.3,253
2022-02,LLY,86,839295222.62,253
2022-02,CAT,87,831376676.48,253
2022-02,BNTX,88,829806215.32,253
2022-02,UPST,89,824745498.44,253
2022-02,AFRM,90,821234539.91,253
2022-02,FUTU,91,815048724.91,253
2022-02,INTU,92,810697506.95,253
2022-02,ABT,93,807872604.12,253
2022-02,DHR,94,806293635.7,253
2022-02,SBUX,95,801647160.31,253
2022-02,BMY,96,801495126.14,253
2022-02,IBM,97,789984844.9,253
2022-02,ACN,98,780524293.58,253
2022-02,MELI,99,777215235.41,253
2022-02,PINS,100,776462329.8,253
2022-02,DKNG,101,774707851.59,253
2022-02,DOCU,102,770667969.59,253
2022-02,CHTR,103,770526079.61,253
2022-02,TWLO,104,762314589.5,253
2022-02,AAL,105,750165321.24,253
2022-02,MCD,106,747130857.11,253
2022-02,SPCE,107,737714641.46,253
2022-02,NEE,108,731199203.24,253
2022-02,UNP,109,726051246.47,253
2022-02,BRK.A,110,719750131.6,253
2022-02,AMGN,111,717861770.69,253
2022-02,MDT,112,715474018.44,253
2022-02,DE,113,706415132.14,253
2022-02,HON,114,700217027.9,253
2022-02,FDX,115,696388749.17,253
2022-02,TMUS,116,691891288.45,253
2022-02,UAL,117,683526493.73,253
2022-02,ADI,118,683248688.53,253
2022-02,ASML,119,681019916.3,253
2022-02,UPS,120,680984227.7,253
2022-02,RIOT,121,659608486.91,253
2022-02,AXP,122,659206471.3,253
2022-02,NXPI,123,657497539.46,253
2022-02,SPGI,124,621119099.43,253
2022-02,CVS,125,620021343.39,253
2022-02,DASH,126,619676198.26,253
2022-02,COP,127,615077947.32,253
2022-02,LMT,128,608001024.33,253
2022-02,LIN,129,600640937.37,253
2022-02,ETSY,130,598608911.71,253
2022-02,PANW,131,593590268.35,253
2022-02,MRVL,132,587002957.57,253
2022-02,DAL,133,581017469.12,253
2022-02,SCHW,134,578487581.72,253
2022-02,VALE,135,577698945.17,253
2022-02,MARA,136,574306370.51,253
2022-02,ISRG,137,570397392.38,253
2022-02,XPEV,138,566620096.88,253
2022-02,GILD,139,553354319.5,253
2022-02,BLK,140,552672883.6,253
2022-02,RTX,141,550976229.61,253
2022-02,OXY,142,546233205.79,253
2022-02,U,143,542255017.84,253
2022-02,AMT,144,542051647.79,253
2022-02,FISV,145,536649911.57,253
2022-02,NCLH,146,531730591.27,253
2022-02,EBAY,147,527796519.97,253
2022-02,CLF,148,525616565.79,253
2022-02,MMM,149,523619619.0,253
2022-02,TTD,150,522909972.55,253
2022-03,TSLA,1,22034555355.9,253
2022-03,AAPL,2,14134517705.31,253
2022-03,AMZN,3,12165024628.09,253
2022-03,NVDA,4,9098760966.97,253
2022-03,MSFT,5,9014931465.31,253
2022-03,META,6,7163445244.26,253
2022-03,AMD,7,6770576870.51,253
2022-03,GOOGL,8,4486875838.71,253
2022-03,BABA,9,3794177406.39,253
2022-03,GOOG,10,3704451547.12,253
2022-03,AMC,11,3653539537.0,253
2022-03,MRNA,12,3628870167.93,253
2022-03,BA,13,2859919796.98,253
2022-03,PYPL,14,2588977739.07,253
2022-03,NIO,15,2434072831.94,253
2022-03,JPM,16,2398905540.61,253
2022-03,BAC,17,2307865901.43,253
2022-03,V,18,2245351445.66,253
2022-03,XYZ,19,2238746422.4,253
2022-03,DIS,20,1975040884.04,253
2022-03,SHOP,21,1800794019.07,253
2022-03,INTC,22,1796868085.31,253
2022-03,MU,23,1747231125.26,253
2022-03,XOM,24,1723156160.06,253
2022-03,PFE,25,1706963599.19,253
2022-03,CRM,26,1699884988.5,253
2022-03,MA,27,1670171504.95,253
2022-03,C,28,1592627725.07,253
2022-03,ADBE,29,1588975542.6,253
2022-03,BRK.B,30,1580810425.58,253
2022-03,COIN,31,1578444206.98,222
2022-03,QCOM,32,1575678794.02,253
2022-03,HD,33,1547869676.23,253
2022-03,F,34,1533452245.44,253
2022-03,WFC,35,1495505996.08,253
2022-03,UNH,36,1486348096.53,253
2022-03,ROKU,37,1467918756.78,253
2022-03,T,38,1452159411.36,253
2022-03,CVX,39,1414935715.55,253
2022-03,JNJ,40,1392317936.01,253
2022-03,SNAP,41,1358291485.8,253
2022-03,PG,42,1358243112.32,253
2022-03,GME,43,1345378862.19,253
2022-03,RBLX,44,1340494625.34,246
2022-03,WMT,45,1326701431.77,253
2022-03,LCID,46,1294808896.03,253
2022-03,SE,47,1255263181.83,253
2022-03,AVGO,48,1248998112.42,253
2022-03,CSCO,49,1247547139.27,253
2022-03,AMAT,50,1244906592.92,253
2022-03,SNOW,51,1233895308.06,253
2022-03,BIDU,52,1233311859.28,253
2022-03,PLTR,53,1229565106.05,253
2022-03,TSM,54,1221828356.57,253
2022-03,UBER,55,1201190885.99,253
2022-03,ZM,56,1198587821.25,253
2022-03,MRK,57,1190254824.38,253
2022-03,VZ,58,1175957425.46,253
2022-03,GS,59,1165241121.49,253
2022-03,GM,60,1138658838.24,253
2022-03,CMCSA,61,1129926577.89,253
2022-03,COST,62,1129475063.28,253
2022-03,ABNB,63,1127195329.96,253
2022-03,NKE,64,1102646657.01,253
2022-03,ORCL,65,1074519363.95,253
2022-03,KO,66,1042488307.17,253
2022-03,MS,67,1039744362.15,253
2022-03,PTON,68,1019387835.51,253
2022-03,TXN,69,996806775.48,253
2022-03,ABBV,70,964458531.37,253
2022-03,LRCX,71,955391416.2,253
2022-03,TMO,72,949444552.16,253
2022-03,UPST,73,930215697.47,253
2022-03,GE,74,924368643.16,253
2022-03,CRWD,75,918012683.5,253
2022-03,TGT,76,915031129.05,253
2022-03,BKNG,77,904231495.86,253
2022-03,NVAX,78,897095411.37,253
2022-03,LOW,79,896193546.56,253
2022-03,CCL,80,895218940.93,253
2022-03,PEP,81,892269276.17,253
2022-03,JD,82,886967341.46,253
2022-03,AFRM,83,880525366.55,253
2022-03,FCX,84,872411812.5,253
2022-03,NOW,85,869380666.18,253
2022-03,INTU,86,841766402.44,253
2022-03,LLY,87,840756370.6,253
2022-03,BNTX,88,836209376.82,253
2022-03,CAT,89,835425553.61,253
2022-03,DHR,90,823389008.82,253
2022-03,BMY,91,822760248.56,253
2022-03,ABT,92,819606659.87,253
2022-03,PDD,93,819263429.84,253
2022-03,SBUX,94,816576353.3,253
2022-03,PLUG,95,815554761.23,253
2022-03,ACN,96,814274408.45,253
2022-03,CHTR,97,808796199.54,253
2022-03,IBM,98,791121875.83,253
2022-03,MELI,99,769474037.82,253
2022-03,MCD,100,761008656.12,253
2022-03,DKNG,101,760230406.1,253
2022-03,BRK.A,102,759991257.58,253
2022-03,TWLO,103,756087603.78,253
2022-03,DOCU,104,744318605.01,253
2022-03,UNP,105,743809849.33,253
2022-03,NEE,106,742875749.05,253
2022-03,AMGN,107,739292838.7,253
2022-03,AAL,108,736594069.48,253
2022-03,MDT,109,725759066.73,253
2022-03,HON,110,725284254.91,253
2022-03,DE,111,722366783.17,253
2022-03,PINS,112,710882073.46,253
2022-03,UPS,113,708117236.78,253
2022-03,ADI,114,701061437.74,253
2022-03,ASML,115,700156013.03,253
2022-03,FDX,116,699785886.43,253
2022-03,TMUS,117,698772766.98,253
2022-03,AXP,118,689621852.89,253
2022-03,SPCE,119,679806945.99,253
2022-03,UAL,120,671218902.73,253
2022-03,FUTU,121,661297311.35,253
2022-03,NXPI,122,658939744.75,253
2022-03,SPGI,123,648394081.44,253
2022-03,DASH,124,647268006.02,253
2022-03,COP,125,643848242.74,253
2022-03,CVS,126,636331084.69,253
2022-03,PANW,127,632614980.3,253
2022-03,LMT,128,631738672.03,253
2022-03,LIN,129,622311356.76,253
2022-03,MRVL,130,609697897.47,253
2022-03,ETSY,131,602386836.88,253
2022-03,SCHW,132,595952838.75,253
2022-03,VALE,133,586915112.47,253
2022-03,ISRG,134,581528479.49,253
2022-03,DAL,135,581421312.89,253
2022-03,GILD,136,579851832.77,253
2022-03,OXY,137,579249397.92,253
2022-03,BLK,138,567641379.76,253
2022-03,RTX,139,562574624.75,253
2022-03,PM,140,550217281.58,253
2022-03,ZS,141,550169313.34,253
2022-03,AMT,142,546145423.01,253
2022-03,MMM,143,540657914.99,253
2022-03,XPEV,144,537605850.71,253
2022-03,XLNX,145,532933819.93,243
2022-03,NCLH,146,531180195.05,253
2022-03,FISV,147,528866983.74,253
2022-03,MARA,148,524252883.69,253
2022-03,CLF,149,524019773.4,253
2022-03,EBAY,150,521498071.45,253
2022-04,TSLA,1,21737718597.06,253
2022-04,AAPL,2,14323858792.56,253
2022-04,AMZN,3,12220634154.32,253
2022-04,NVDA,4,9898131852.94,253
2022-04,MSFT,5,9235990208.77,253
2022-04,AMD,6,7569890768.34,253
2022-04,META,7,7230373719.92,253
2022-04,GOOGL,8,4585230473.68,253
2022-04,BABA,9,3902937449.99,253
2022-04,GOOG,10,3771520255.27,253
2022-04,AMC,11,3672158112.44,253
2022-04,MRNA,12,3635426038.95,253
2022-04,PYPL,13,2565250072.27,253
2022-04,BA,14,2526154516.94,253
2022-04,JPM,15,2359797085.14,253
2022-04,BAC,16,2319003900.17,253
2022-04,XYZ,17,2244088226.7,253
2022-04,V,18,2191567461.87,253
2022-04,NIO,19,2131373601.23,253
2022-04,DIS,20,1865497132.91,253
2022-04,SHOP,21,1818713335.27,253
2022-04,XOM,22,1801595642.49,253
2022-04,MU,23,1763240790.4,253
2022-04,INTC,24,1762727163.29,253
2022-04,PFE,25,1761837497.56,253
2022-04,CRM,26,1687843045.97,253
2022-04,MA,27,1652936732.03,253
2022-04,ADBE,28,1632710314.69,253
2022-04,C,29,1623924943.16,253
2022-04,CVX,30,1609784993.18,253
2022-04,BRK.B,31,1600383044.13,253
2022-04,QCOM,32,1594822139.24,253
2022-04,F,33,1562418691.29,253
2022-04,HD,34,1558803000.73,253
2022-04,UNH,35,1525390293.68,253
2022-04,WFC,36,1523798025.65,253
2022-04,COIN,37,1505171095.91,245
2022-04,T,38,1407961334.0,253
2022-04,JNJ,39,1403578755.69,253
2022-04,ROKU,40,1384130625.86,253
2022-04,PG,41,1353713239.25,253
2022-04,SNAP,42,1314248660.37,253
2022-04,RBLX,43,1306019324.12,253
2022-04,WMT,44,1301236746.6,253
2022-04,LCID,45,1281907834.87,253
2022-04,SNOW,46,1260803201.68,253
2022-04,CSCO,47,1250521598.0,253
2022-04,AVGO,48,1246084530.78,253
2022-04,SE,49,1237017618.81,253
2022-04,TSM,50,1221038393.5,253
2022-04,AMAT,51,1218026537.57,253
2022-04,UBER,52,1206075519.78,253
2022-04,VZ,53,1197782971.72,253
2022-04,GS,54,1166019453.35,253
2022-04,MRK,55,1156833571.82,253
2022-04,COST,56,1143448118.36,253
2022-04,CMCSA,57,1112749566.07,253
2022-04,NKE,58,1110916887.54,253
2022-04,PLTR,59,1105399069.74,253
2022-04,ABNB,60,1104614698.18,253
2022-04,GM,61,1088376797.37,253
2022-04,ZM,62,1069985190.5,253
2022-04,KO,63,1049149026.55,253
2022-04,ORCL,64,1045981144.6,253
2022-04,MS,65,1045047789.58,253
2022-04,UPST,66,1043911403.51,253
2022-04,TXN,67,1000854611.01,253
2022-04,ABBV,68,987443498.54,253
2022-04,PTON,69,955994341.02,253
2022-04,TMO,70,942282964.63,253
2022-04,CRWD,71,942088392.48,253
2022-04,LRCX,72,931423012.09,253
2022-04,LOW,73,918538527.01,253
2022-04,TGT,74,917865910.57,253
2022-04,GME,75,917847879.11,253
2022-04,BKNG,76,910530218.24,253
2022-04,JD,77,909565230.95,253
2022-04,AFRM,78,904890513.49,253
2022-04,PEP,79,889828300.91,253
2022-04,INTU,80,878397569.9,253
2022-04,FCX,81,873877099.39,253
2022-04,NOW,82,866238042.98,253
2022-04,BIDU,83,863151456.1,253
2022-04,NVAX,84,858174031.07,253
2022-04,GE,85,855281237.82,253
2022-04,BMY,86,852507978.02,253
2022-04,BNTX,87,850169053.69,253
2022-04,LLY,88,846964653.09,253
2022-04,CCL,89,846487347.89,253
2022-04,SBUX,90,835586649.27,253
2022-04,CAT,91,834200004.51,253
2022-04,ACN,92,833693372.63,253
2022-04,DHR,93,832266664.7,253
2022-04,ABT,94,818792535.23,253
2022-04,CHTR,95,815044868.51,253
2022-04,BRK.A,96,791518955.26,253
2022-04,OXY,97,788574116.86,253
2022-04,PDD,98,781498491.04,253
2022-04,UNP,99,780618267.21,253
2022-04,MCD,100,773631176.56,253
2022-04,IBM,101,773178224.81,253
2022-04,DE,102,745921861.87,253
2022-04,DOCU,103,742946209.46,253
2022-04,MDT,104,740572327.57,253
2022-04,MELI,105,740075326.59,253
2022-04,AMGN,106,739275862.57,253
2022-04,NEE,107,739239215.72,253
2022-04,PLUG,108,734160149.06,253
2022-04,HON,109,730659545.13,253
2022-04,SPGI,110,726537762.3,253
2022-04,TWLO,111,718146740.97,253
2022-04,AXP,112,717770107.62,253
2022-04,ASML,113,714585558.07,253
2022-04,AAL,114,711889655.26,253
2022-04,ADI,115,711379979.9,253
2022-04,UPS,116,710189659.25,253
2022-04,TMUS,117,702495170.87,253
2022-04,PANW,118,699796475.82,253
2022-04,LMT,119,690209908.8,253
2022-04,FDX,120,686730985.55,253
2022-04,DKNG,121,680906084.52,253
2022-04,COP,122,680201845.62,253
2022-04,SPCE,123,654894908.92,253
2022-04,PINS,124,651452633.39,253
2022-04,LIN,125,645599043.53,253
2022-04,UAL,126,645564027.11,253
2022-04,CVS,127,642562095.2,253
2022-04,DASH,128,642500103.91,253
2022-04,MRVL,129,624428968.08,253
2022-04,SCHW,130,613064956.92,253
2022-04,VALE,131,605518880.64,253
2022-04,ISRG,132,602976127.43,253
2022-04,GILD,133,593864210.69,253
2022-04,BLK,134,580568127.48,253
2022-04,DAL,135,577301594.34,253
2022-04,PM,136,576086995.48,253
2022-04,RTX,137,574911244.65,253
2022-04,ZS,138,572576245.91,253
2022-04,ETSY,139,571351574.72,253
2022-04,NXPI,140,566617898.13,253
2022-04,CLF,141,562569049.75,253
2022-04,XLNX,142,548390438.63,220
2022-04,NET,143,546003824.33,253
2022-04,MMM,144,541914648.6,253
2022-04,AMT,145,537234242.83,253
2022-04,BX,146,535532936.34,253
2022-04,FUTU,147,530634518.62,253
2022-04,EBAY,148,526103780.75,253
2022-04,ELV,149,519422762.36,253
2022-04,TJX,150,518024679.37,253
2022-05,TSLA,1,21909110347.01,252
2022-05,AAPL,2,14541076963.87,252
2022-05,AMZN,3,12099689713.54,252
2022-05,NVDA,4,10513979409.29,252
2022-05,MSFT,5,9445144432.68,252
2022-05,AMD,6,7942868857.01,252
2022-05,META,7,7285611577.48,252
2022-05,GOOGL,8,4674275237.05,252
2022-05,BABA,9,3831039606.56,252
2022-05,GOOG,10,3797942367.48,252
2022-05,AMC,11,3704524601.8,252
2022-05,MRNA,12,3584928254.48,252
2022-05,PYPL,13,2579914254.61,252
2022-05,BA,14,2416596592.72,252
2022-05,JPM,15,2360335913.64,252
2022-05,BAC,16,2338492449.18,252
2022-05,V,17,2195480751.21,252
2022-05,XYZ,18,2185565976.32,252
2022-05,NIO,19,1992965161.4,252
2022-05,DIS,20,1904672424.24,252
2022-05,XOM,21,1886824798.18,252
2022-05,SHOP,22,1858829362.32,252
2022-05,PFE,23,1793409974.42,252
2022-05,MU,24,1740719866.46,252
2022-05,INTC,25,1726367351.8,252
2022-05,CRM,26,1710486461.7,252
2022-05,CVX,27,1686922789.2,252
2022-05,MA,28,1671741947.48,252
2022-05,ADBE,29,1654595973.76,252
2022-05,BRK.B,30,1635202652.05,252
2022-05,QCOM,31,1634386281.71,252
2022-05,C,32,1627783046.93,252
2022-05,UNH,33,1590311715.46,252
2022-05,F,34,1590311316.28,252
2022-05,HD,35,1575820716.4,252
2022-05,WFC,36,1527770348.4,252
2022-05,JNJ,37,1437798903.3,252
2022-05,T,38,1423592797.56,252
2022-05,PG,39,1370720524.36,252
2022-05,ROKU,40,1342481091.79,252
2022-05,RBLX,41,1340587783.53,252
2022-05,WMT,42,1317786046.58,252
2022-05,SNOW,43,1305980621.89,252
2022-05,LCID,44,1293497264.76,252
2022-05,AVGO,45,1282179186.29,252
2022-05,CSCO,46,1267198171.19,252
2022-05,SNAP,47,1259698370.58,252
2022-05,VZ,48,1246180059.25,252
2022-05,TSM,49,1230312295.19,252
2022-05,SE,50,1226454263.38,252
2022-05,COIN,51,1208277173.0,252
2022-05,COST,52,1207152167.68,252
2022-05,UBER,53,1201261028.23,252
2022-05,AMAT,54,1190064645.32,252
2022-05,MRK,55,1177061081.38,252
2022-05,GS,56,1171313324.9,252
2022-05,CMCSA,57,1131793908.03,252
2022-05,ABNB,58,1116414684.32,252
2022-05,NKE,59,1110698982.07,252
2022-05,UPST,60,1090468332.78,252
2022-05,KO,61,1087852532.21,252
2022-05,GM,62,1074328400.6,252
2022-05,ABBV,63,1055794449.7,252
2022-05,PLTR,64,1052215144.6,252
2022-05,MS,65,1048792597.03,252
2022-05,ZM,66,1026370286.58,252
2022-05,TXN,67,1022075554.29,252
2022-05,ORCL,68,1013895057.35,252
2022-05,TMO,69,962459863.8,252
2022-05,CRWD,70,957920871.27,252
2022-05,TGT,71,948814223.28,252
2022-05,LOW,72,934427115.52,252
2022-05,AFRM,73,923142036.3,252
2022-05,INTU,74,913254896.93,252
2022-05,LRCX,75,912812992.44,252
2022-05,PEP,76,899088367.49,252
2022-05,BKNG,77,896801641.52,252
2022-05,BMY,78,895310451.45,252
2022-05,JD,79,894924020.75,252
2022-05,PTON,80,892216087.56,252
2022-05,FCX,81,880762420.68,252
2022-05,LLY,82,878742061.47,252
2022-05,OXY,83,875296451.77,252
2022-05,NOW,84,871271264.22,252
2022-05,ACN,85,859011977.46,252
2022-05,BRK.A,86,858945085.61,252
2022-05,DHR,87,858529952.58,252
2022-05,GME,88,849763299.76,252
2022-05,CAT,89,849480756.28,252
2022-05,GE,90,845843326.11,252
2022-05,SBUX,91,844941967.59,252
2022-05,BNTX,92,837273870.86,252
2022-05,CHTR,93,835753785.05,252
2022-05,CCL,94,832139388.54,252
2022-05,NVAX,95,827289223.1,252
2022-05,ABT,96,822610712.31,252
2022-05,UNP,97,821420012.97,252
2022-05,MCD,98,786436266.64,252
2022-05,BIDU,99,776233751.36,252
2022-05,PDD,100,775034308.81,252
2022-05,IBM,101,772243644.38,252
2022-05,DE,102,765498893.9,252
2022-05,NEE,103,758591240.11,252
2022-05,SPGI,104,753974080.55,252
2022-05,AMGN,105,751641192.63,252
2022-05,MDT,106,746972242.75,252
2022-05,DOCU,107,737271972.3,252
2022-05,AXP,108,736767683.51,252
2022-05,PANW,109,735160459.78,252
2022-05,HON,110,732226204.33,252
2022-05,MELI,111,731665054.29,252
2022-05,ADI,112,728416757.61,252
2022-05,TMUS,113,727577945.96,252
2022-05,ASML,114,722466178.91,252
2022-05,UPS,115,714856812.0,252
2022-05,LMT,116,713371216.04,252
2022-05,TWLO,117,710579306.63,252
2022-05,AAL,118,707880513.19,252
2022-05,COP,119,705086609.9,252
2022-05,PLUG,120,692792960.33,252
2022-05,FDX,121,687222475.73,252
2022-05,CVS,122,659849483.35,252
2022-05,LIN,123,659603521.41,252
2022-05,DASH,124,650854756.24,252
2022-05,DKNG,125,648871309.93,252
2022-05,SPCE,126,642823590.29,252
2022-05,SCHW,127,639729043.3,252
2022-05,MRVL,128,639339262.05,252
2022-05,UAL,129,635464101.28,252
2022-05,VALE,130,621470597.27,252
2022-05,ISRG,131,613457184.38,252
2022-05,GILD,132,600866158.75,252
2022-05,BLK,133,600070065.49,252
2022-05,PM,134,593806696.64,252
2022-05,DAL,135,587736705.48,252
2022-05,PINS,136,585532339.58,252
2022-05,ZS,137,583063430.69,252
2022-05,CLF,138,582819492.98,252
2022-05,RTX,139,577043572.84,252
2022-05,NXPI,140,569073844.98,252
2022-05,ETSY,141,567425959.33,252
2022-05,BX,142,555334997.73,252
2022-05,NET,143,551919396.57,252
2022-05,AMT,144,545963958.22,252
2022-05,ELV,145,542835076.05,252
2022-05,MMM,146,540490148.03,252
2022-05,TJX,147,528482666.49,252
2022-05,DDOG,148,524610395.65,252
2022-05,DVN,149,519630679.07,252
2022-05,MDLZ,150,517371909.76,252
2022-06,TSLA,1,22267113947.49,253
2022-06,AAPL,2,15063848145.15,253
2022-06,AMZN,3,12094553715.73,253
2022-06,NVDA,4,11042389635.87,253
2022-06,MSFT,5,9735918022.07,253
2022-06,AMD,6,8732925156.75,253
2022-06,META,7,7344657811.27,253
2022-06,GOOGL,8,4759536495.49,253
2022-06,GOOG,9,3871470573.2,253
2022-06,BABA,10,3595631035.41,253
2022-06,MRNA,11,3526103070.43,253
2022-06,AMC,12,3311784455.35,253
2022-06,PYPL,13,2532392355.55,253
2022-06,BAC,14,2307804480.51,253
2022-06,JPM,15,2305692300.17,253
2022-06,BA,16,2215588169.23,253
2022-06,V,17,2198137405.44,253
2022-06,XYZ,18,2089518743.88,253
2022-06,XOM,19,1968254336.01,253
2022-06,SHOP,20,1859947644.25,253
2022-06,DIS,21,1855805982.39,253
2022-06,NIO,22,1805616924.63,253
2022-06,PFE,23,1797411145.4,253
2022-06,INTC,24,1744263317.57,253
2022-06,CVX,25,1735758787.71,253
2022-06,MU,26,1720438143.04,253
2022-06,ADBE,27,1691689530.8,253
2022-06,CRM,28,1664871630.86,253
2022-06,QCOM,29,1655773759.26,253
2022-06,MA,30,1652319198.45,253
2022-06,UNH,31,1628962723.09,253
2022-06,BRK.B,32,1618279853.84,253
2022-06,C,33,1600963108.62,253
2022-06,HD,34,1563925632.57,253
2022-06,F,35,1499989358.91,253
2022-06,WFC,36,1490989495.73,253
2022-06,JNJ,37,1436653746.47,253
2022-06,AVGO,38,1363115532.91,253
2022-06,PG,39,1335896119.08,253
2022-06,WMT,40,1327513045.59,253
2022-06,RBLX,41,1309519712.15,253
2022-06,LCID,42,1307150738.33,253
2022-06,COST,43,1292929773.61,253
2022-06,SNOW,44,1288688478.79,253
2022-06,CSCO,45,1282444179.79,253
2022-06,T,46,1265822805.77,253
2022-06,ROKU,47,1263181628.32,253
2022-06,SNAP,48,1236355808.71,253
2022-06,VZ,49,1225544613.7,253
2022-06,TSM,50,1206363801.83,253
2022-06,MRK,51,1186052777.58,253
2022-06,SE,52,1179405854.27,253
2022-06,UBER,53,1156631028.73,253
2022-06,COIN,54,1152571457.94,253
2022-06,AMAT,55,1149554737.62,253
2022-06,GS,56,1136028026.63,253
2022-06,CMCSA,57,1133689017.18,253
2022-06,KO,58,1117874522.93,253
2022-06,UPST,59,1111205483.11,253
2022-06,NKE,60,1100860245.76,253
2022-06,ABNB,61,1085025661.53,253
2022-06,ABBV,62,1053605803.56,253
2022-06,TXN,63,1039141068.76,253
2022-06,GM,64,1035600312.79,253
2022-06,MS,65,1014676196.8,253
2022-06,ZM,66,1003887530.07,253
2022-06,OXY,67,986325161.72,253
2022-06,TGT,68,979620878.34,253
2022-06,ORCL,69,974133480.77,253
2022-06,CRWD,70,973196419.95,253
2022-06,TMO,71,960135372.04,253
2022-06,INTU,72,948847455.75,253
2022-06,AFRM,73,947420271.39,253
2022-06,PEP,74,937043452.43,253
2022-06,BMY,75,935705452.0,253
2022-06,PLTR,76,929064636.0,253
2022-06,LOW,77,915921930.13,253
2022-06,BKNG,78,913006716.61,253
2022-06,LLY,79,900256327.15,253
2022-06,LRCX,80,887701719.78,253
2022-06,JD,81,886578353.52,253
2022-06,SBUX,82,880516305.12,253
2022-06,NOW,83,867132791.26,253
2022-06,ACN,84,865346464.22,253
2022-06,DHR,85,864870937.04,253
2022-06,BRK.A,86,860805550.09,253
2022-06,CHTR,87,843458277.19,253
2022-06,CAT,88,830120141.03,253
2022-06,UNP,89,820645894.72,253
2022-06,ABT,90,820073615.67,253
2022-06,FCX,91,818566394.67,253
2022-06,SPGI,92,805478340.2,253
2022-06,NVAX,93,796906532.02,253
2022-06,CCL,94,796156548.07,253
2022-06,MCD,95,794172911.44,253
2022-06,BNTX,96,790577081.26,253
2022-06,PANW,97,787946298.06,253
2022-06,GE,98,786579783.92,253
2022-06,NEE,99,767509430.74,253
2022-06,IBM,100,765723711.33,253
2022-06,AMGN,101,761973034.4,253
2022-06,DE,102,757317909.36,253
2022-06,PDD,103,742191233.78,253
2022-06,HON,104,742163460.5,253
2022-06,AXP,105,736144981.2,253
2022-06,GME,106,735172118.09,253
2022-06,MDT,107,734129508.36,253
2022-06,COP,108,728767964.93,253
2022-06,PTON,109,728506843.59,253
2022-06,ADI,110,726147132.63,253
2022-06,ASML,111,723591875.58,253
2022-06,MELI,112,723411940.67,253
2022-06,DOCU,113,720042186.34,253
2022-06,TMUS,114,712778840.97,253
2022-06,LMT,115,712655288.69,253
2022-06,BIDU,116,704984074.02,253
2022-06,UPS,117,704385592.86,253
2022-06,AAL,118,690606495.2,253
2022-06,FDX,119,670232009.58,253
2022-06,LIN,120,666344853.34,253
2022-06,TWLO,121,665306335.15,253
2022-06,MRVL,122,663334315.59,253
2022-06,PLUG,123,640730663.19,253
2022-06,SCHW,124,633409367.6,253
2022-06,DASH,125,629747317.21,253
2022-06,UAL,126,626209868.13,253
2022-06,BLK,127,623883581.36,253
2022-06,CVS,128,617311964.9,253
2022-06,PM,129,612911648.54,253
2022-06,ISRG,130,611599138.31,253
2022-06,GILD,131,605384036.25,253
2022-06,DKNG,132,593228153.24,253
2022-06,ZS,133,588183582.68,253
2022-06,VALE,134,584348001.61,253
2022-06,BX,135,574890062.99,253
2022-06,DAL,136,574412951.62,253
2022-06,NXPI,137,569880984.4,253
2022-06,DVN,138,565895630.93,253
2022-06,ETSY,139,562465856.35,253
2022-06,RTX,140,562407213.44,253
2022-06,CLF,141,561992560.6,253
2022-06,ELV,142,558648798.06,253
2022-06,NET,143,557151128.54,253
2022-06,DDOG,144,556548453.84,253
2022-06,SPCE,145,547421644.97,253
2022-06,MMM,146,540307440.87,253
2022-06,PINS,147,538769064.09,253
2022-06,AMT,148,533616882.21,253
2022-06,MDLZ,149,532770344.67,253
2022-06,KLAC,150,527438738.45,253
2022-07,TSLA,1,22937846835.89,252
2022-07,AAPL,2,15275937158.46,252
2022-07,AMZN,3,12034291881.81,252
2022-07,NVDA,4,11058417333.4,252
2022-07,MSFT,5,9910756894.31,252
2022-07,AMD,6,9239409511.5,252
2022-07,META,7,7363365987.29,252
2022-07,GOOGL,8,4860015832.6,252
2022-07,GOOG,9,3884632614.93,252
2022-07,BABA,10,3623711108.0,252
2022-07,MRNA,11,3420385179.93,252
2022-07,PYPL,12,2489610170.43,252
2022-07,BAC,13,2243939490.51,252
2022-07,JPM,14,2178024526.48,252
2022-07,V,15,2133826887.88,252
2022-07,XOM,16,2070996409.14,252
2022-07,BA,17,2022142454.95,252
2022-07,XYZ,18,2013359821.99,252
2022-07,DIS,19,1810704990.01,252
2022-07,PFE,20,1802862624.94,252
2022-07,CVX,21,1800636891.27,252
2022-07,SHOP,22,1790244704.08,252
2022-07,INTC,23,1757375795.22,252
2022-07,ADBE,24,1693741673.46,252
2022-07,AMC,25,1692980455.75,252
2022-07,QCOM,26,1688928593.41,252
2022-07,MU,27,1688307702.3,252
2022-07,CRM,28,1673779964.5,252
2022-07,UNH,29,1645019905.17,252
2022-07,NIO,30,1630530779.76,252
2022-07,MA,31,1625154344.47,252
2022-07,BRK.B,32,1597744159.21,252
2022-07,HD,33,1549114894.67,252
2022-07,C,34,1518666091.67,252
2022-07,WFC,35,1444532578.59,252
2022-07,JNJ,36,1438218512.41,252
2022-07,F,37,1400695433.39,252
2022-07,AVGO,38,1399839184.42,252
2022-07,COST,39,1341407545.68,252
2022-07,PG,40,1316004082.45,252
2022-07,WMT,41,1302847461.12,252
2022-07,LCID,42,1302716321.02,252
2022-07,CSCO,43,1298978052.5,252
2022-07,RBLX,44,1261846397.01,252
2022-07,SNOW,45,1250468003.82,252
2022-07,VZ,46,1223709716.46,252
2022-07,T,47,1220131164.47,252
2022-07,ROKU,48,1188842732.93,252
2022-07,TSM,49,1182362853.78,252
2022-07,SNAP,50,1179771486.66,252
2022-07,MRK,51,1167195936.36,252
2022-07,CMCSA,52,1145803207.92,252
2022-07,SE,53,1139984250.75,252
2022-07,COIN,54,1138778541.78,252
2022-07,AMAT,55,1134912058.75,252
2022-07,KO,56,1131520248.05,252
2022-07,UBER,57,1127063980.89,252
2022-07,OXY,58,1099944274.22,252
2022-07,GS,59,1095522708.84,252
2022-07,ABBV,60,1070919174.74,252
2022-07,TXN,61,1066853401.04,252
2022-07,UPST,62,1063709050.96,252
2022-07,NKE,63,1056115749.69,252
2022-07,ABNB,64,1045696396.41,252
2022-07,TGT,65,994891732.33,252
2022-07,MS,66,984085953.44,252
2022-07,GM,67,968471475.4,252
2022-07,AFRM,68,961930818.51,252
2022-07,INTU,69,959169306.56,252
2022-07,BMY,70,953315670.43,252
2022-07,PEP,71,951443611.52,252
2022-07,CRWD,72,946099948.75,252
2022-07,ZM,73,942381997.18,252
2022-07,BKNG,74,934903487.84,252
2022-07,ORCL,75,926142831.58,252
2022-07,TMO,76,904834324.46,252
2022-07,LOW,77,902788840.45,252
2022-07,SBUX,78,890662981.02,252
2022-07,JD,79,884236974.02,252
2022-07,LLY,80,882429526.29,252
2022-07,LRCX,81,882180395.65,252
2022-07,ACN,82,874642592.05,252
2022-07,BRK.A,83,865873498.92,252
2022-07,NOW,84,852926033.13,252
2022-07,CHTR,85,843957952.24,252
2022-07,DHR,86,838888647.8,252
2022-07,SPGI,87,831997820.84,252
2022-07,UNP,88,817329652.11,252
2022-07,PANW,89,814966611.48,252
2022-07,MCD,90,802164514.81,252
2022-07,PLTR,91,796974824.85,252
2022-07,AMGN,92,793342138.06,252
2022-07,CAT,93,781735051.79,252
2022-07,FCX,94,777370583.63,252
2022-07,NEE,95,773817900.64,252
2022-07,IBM,96,769392546.68,252
2022-07,COP,97,765361685.88,252
2022-07,BNTX,98,758768094.93,252
2022-07,ABT,99,756849696.85,252
2022-07,CCL,100,756490382.08,252
2022-07,GE,101,748551000.64,252
2022-07,NVAX,102,746206679.76,252
2022-07,PDD,103,744025858.26,252
2022-07,HON,104,741268325.14,252
2022-07,ADI,105,737421775.41,252
2022-07,DE,106,726585265.75,252
2022-07,AXP,107,726432998.36,252
2022-07,TMUS,108,724541444.36,252
2022-07,ASML,109,723974472.25,252
2022-07,MDT,110,723776489.49,252
2022-07,MELI,111,717817572.97,252
2022-07,LMT,112,717727737.61,252
2022-07,AAL,113,680681756.47,252
2022-07,UPS,114,678876172.26,252
2022-07,LIN,115,677420702.23,252
2022-07,DOCU,116,675561982.14,252
2022-07,BIDU,117,673703193.42,252
2022-07,MRVL,118,671078300.33,252
2022-07,PTON,119,658875811.54,252
2022-07,FDX,120,656604883.19,252
2022-07,BLK,121,625211705.16,252
2022-07,TWLO,122,623750560.35,252
2022-07,SCHW,123,621749037.88,252
2022-07,ISRG,124,615402962.94,252
2022-07,CVS,125,614586803.42,252
2022-07,UAL,126,611958140.57,252
2022-07,DVN,127,611940547.55,252
2022-07,GILD,128,607128615.88,252
2022-07,PM,129,606339603.01,252
2022-07,DASH,130,590657777.95,252
2022-07,ZS,131,588022966.63,252
2022-07,DDOG,132,583072247.68,252
2022-07,PLUG,133,580200735.19,252
2022-07,NXPI,134,571335027.86,252
2022-07,DAL,135,568317517.92,252
2022-07,ELV,136,567174055.75,252
2022-07,BX,137,563109080.33,252
2022-07,VALE,138,557876269.29,252
2022-07,AMT,139,552947353.88,252
2022-07,RTX,140,549647400.28,252
2022-07,DKNG,141,543390366.17,252
2022-07,NET,142,541880247.81,252
2022-07,ETSY,143,540524023.32,252
2022-07,KLAC,144,538974430.02,252
2022-07,MDLZ,145,538114871.64,252
2022-07,MPC,146,534876290.61,252
2022-07,WDAY,147,530534893.03,252
2022-07,MMM,148,529944572.95,252
2022-07,GME,149,527891914.41,252
2022-07,REGN,150,525204501.0,252
2022-08,TSLA,1,23616828018.12,251
2022-08,AAPL,2,15100192605.99,251
2022-08,AMZN,3,11497013498.52,251
2022-08,NVDA,4,11180659331.17,251
2022-08,MSFT,5,9925751594.23,251
2022-08,AMD,6,9387706499.34,251
2022-08,META,7,7301591135.41,251
2022-08,GOOGL,8,4921568502.25,251
2022-08,GOOG,9,3947579683.43,251
2022-08,BABA,10,3482034465.91,251
2022-08,MRNA,11,2947187431.96,251
2022-08,PYPL,12,2417457741.41,251
2022-08,BAC,13,2192689654.28,251
2022-08,XOM,14,2131918693.96,251
2022-08,JPM,15,2119748755.55,251
2022-08,V,16,2069960939.42,251
2022-08,XYZ,17,1954557190.06,251
2022-08,BA,18,1890702728.16,251
2022-08,CVX,19,1830554880.17,251
2022-08,PFE,20,1795382809.8,251
2022-08,INTC,21,1775382817.38,251
2022-08,DIS,22,1761538052.32,251
2022-08,QCOM,23,1705391528.65,251
2022-08,SHOP,24,1702969992.91,251
2022-08,UNH,25,1690003932.35,251
2022-08,ADBE,26,1689526994.14,251
2022-08,MU,27,1661418929.39,251
2022-08,CRM,28,1612534510.34,251
2022-08,BRK.B,29,1595591164.51,251
2022-08,MA,30,1593611375.79,251
2022-08,HD,31,1537540018.92,251
2022-08,C,32,1496109400.26,251
2022-08,NIO,33,1466138989.06,251
2022-08,JNJ,34,1433106220.66,251
2022-08,AVGO,35,1426668262.04,251
2022-08,WFC,36,1412089173.5,251
2022-08,AMC,37,1405150361.54,251
2022-08,F,38,1398630867.87,251
2022-08,COST,39,1384747825.27,251
2022-08,RBLX,40,1315403116.63,251
2022-08,PG,41,1313343737.11,251
2022-08,WMT,42,1313307134.21,251
2022-08,LCID,43,1305811367.57,251
2022-08,CSCO,44,1301393290.66,251
2022-08,SNOW,45,1261064826.64,251
2022-08,VZ,46,1237781739.11,251
2022-08,T,47,1201971239.34,251
2022-08,MRK,48,1183914878.61,251
2022-08,TSM,49,1182094384.23,251
2022-08,OXY,50,1174974057.47,251
2022-08,CMCSA,51,1154780337.72,251
2022-08,COIN,52,1145632456.24,251
2022-08,KO,53,1140407572.5,251
2022-08,AMAT,54,1118247959.94,251
2022-08,SE,55,1112606202.7,251
2022-08,SNAP,56,1110467006.58,251
2022-08,ROKU,57,1103167417.25,251
2022-08,UBER,58,1097198877.66,251
2022-08,ABBV,59,1090695312.1,251
2022-08,GS,60,1084927764.45,251
2022-08,TXN,61,1083261007.49,251
2022-08,UPST,62,1055202706.52,251
2022-08,NKE,63,1042430468.19,251
2022-08,ABNB,64,1028897953.37,251
2022-08,AFRM,65,982966437.66,251
2022-08,TGT,66,981806238.87,251
2022-08,INTU,67,969662767.66,251
2022-08,BMY,68,967797002.32,251
2022-08,MS,69,957298836.49,251
2022-08,PEP,70,955550491.67,251
2022-08,GM,71,944620142.51,251
2022-08,BKNG,72,941411261.62,251
2022-08,CRWD,73,936677044.24,251
2022-08,TMO,74,921193594.71,251
2022-08,BRK.A,75,902799238.61,251
2022-08,LOW,76,901271469.14,251
2022-08,LLY,77,896486488.06,251
2022-08,ZM,78,883838556.11,251
2022-08,NOW,79,878006040.32,251
2022-08,ACN,80,874586609.51,251
2022-08,SBUX,81,871716041.06,251
2022-08,LRCX,82,871375707.59,251
2022-08,ORCL,83,867983164.83,251
2022-08,CHTR,84,848857238.66,251
2022-08,SPGI,85,846249229.08,251
2022-08,DHR,86,843086838.34,251
2022-08,PANW,87,841390936.04,251
2022-08,JD,88,828960949.5,251
2022-08,AMGN,89,804961271.16,251
2022-08,MCD,90,804542295.07,251
2022-08,UNP,91,804242586.55,251
2022-08,NEE,92,788319526.31,251
2022-08,FCX,93,780554425.44,251
2022-08,IBM,94,780282097.95,251
2022-08,COP,95,779091271.5,251
2022-08,PLTR,96,774789414.82,251
2022-08,CAT,97,766126660.88,251
2022-08,ABT,98,752149880.45,251
2022-08,ADI,99,745451692.47,251
2022-08,ASML,100,736373550.83,251
2022-08,TMUS,101,735041633.87,251
2022-08,CCL,102,734719755.39,251
2022-08,LMT,103,731051503.49,251
2022-08,NVAX,104,729025088.62,251
2022-08,GE,105,726003117.58,251
2022-08,DE,106,723916116.33,251
2022-08,MDT,107,722419991.02,251
2022-08,MELI,108,717460662.0,251
2022-08,AXP,109,715900079.71,251
2022-08,PDD,110,707029543.58,251
2022-08,LIN,111,699056321.64,251
2022-08,BNTX,112,697918950.13,251
2022-08,HON,113,690316798.57,251
2022-08,MRVL,114,684692337.87,251
2022-08,UPS,115,668948175.78,251
2022-08,AAL,116,667738291.38,251
2022-08,DOCU,117,643096016.31,251
2022-08,FDX,118,639582437.45,251
2022-08,DVN,119,636296575.05,251
2022-08,BIDU,120,621604793.21,251
2022-08,SCHW,121,618216344.28,251
2022-08,PM,122,617965353.26,251
2022-08,CVS,123,616312677.38,251
2022-08,ISRG,124,615892935.94,251
2022-08,BLK,125,611625270.16,251
2022-08,DDOG,126,609814492.64,251
2022-08,PTON,127,609169705.72,251
2022-08,GILD,128,604490708.16,251
2022-08,TWLO,129,602878342.9,251
2022-08,UAL,130,596063868.85,251
2022-08,DASH,131,595385834.65,251
2022-08,ZS,132,587993370.81,251
2022-08,NXPI,133,575563670.14,251
2022-08,PLUG,134,573571579.4,251
2022-08,ELV,135,569727513.45,251
2022-08,BX,136,568118747.28,251
2022-08,DAL,137,558848151.35,251
2022-08,KLAC,138,554257858.63,251
2022-08,VALE,139,554039407.56,251
2022-08,RTX,140,550347377.38,251
2022-08,AMT,141,549957971.69,251
2022-08,MPC,142,544756461.69,251
2022-08,MDLZ,143,543646290.44,251
2022-08,NET,144,540780255.79,251
2022-08,ETSY,145,539441315.7,251
2022-08,CSX,146,533101084.22,251
2022-08,ENPH,147,529663330.54,251
2022-08,MMM,148,529626403.37,251
2022-08,PLD,149,529054319.79,251
2022-08,WDAY,150,528689991.56,251
2022-09,TSLA,1,24451045127.48,252
2022-09,AAPL,2,15207859067.43,252
2022-09,NVDA,3,11459122869.67,252
2022-09,AMZN,4,11251847761.37,252
2022-09,MSFT,5,9916453491.12,252
2022-09,AMD,6,9177994869.88,252
2022-09,META,7,7310180154.89,252
2022-09,GOOGL,8,4888529098.48,252
2022-09,GOOG,9,3926456061.9,252
2022-09,BABA,10,3210264429.16,252
2022-09,PYPL,11,2389060027.03,252
2022-09,MRNA,12,2220802128.08,252
2022-09,XOM,13,2197633782.74,252
2022-09,BAC,14,2135056756.3,252
2022-09,JPM,15,2102343320.8,252
2022-09,V,16,2034497678.77,252
2022-09,CVX,17,1863151576.76,252
2022-09,XYZ,18,1832501580.25,252
2022-09,INTC,19,1811407150.55,252
2022-09,BA,20,1810553046.59,252
2022-09,DIS,21,1763814826.96,252
2022-09,UNH,22,1709486020.44,252
2022-09,QCOM,23,1701460876.38,252
2022-09,ADBE,24,1696682537.93,252
2022-09,PFE,25,1676413871.6,252
2022-09,SHOP,26,1675803181.57,252
2022-09,BRK.B,27,1600226791.07,252
2022-09,MU,28,1584943929.95,252
2022-09,CRM,29,1572421457.83,252
2022-09,MA,30,1556182941.02,252
2022-09,HD,31,1541669140.25,252
2022-09,AVGO,32,1463262893.86,252
2022-09,C,33,1460295449.25,252
2022-09,JNJ,34,1457678480.79,252
2022-09,F,35,1423364120.0,252
2022-09,COST,36,1413460248.29,252
2022-09,NIO,37,1377781791.84,252
2022-09,WFC,38,1359186637.49,252
2022-09,RBLX,39,1339957506.84,252
2022-09,PG,40,1319697691.33,252
2022-09,WMT,41,1313532341.47,252
2022-09,LCID,42,1313179197.36,252
2022-09,OXY,43,1310226033.67,252
2022-09,CSCO,44,1301085157.66,252
2022-09,RIVN,45,1295912082.35,203
2022-09,SNOW,46,1248119723.53,252
2022-09,VZ,47,1245155054.95,252
2022-09,TSM,48,1195580576.62,252
2022-09,AMC,49,1194981395.28,252
2022-09,MRK,50,1190025062.61,252
2022-09,T,51,1186674209.81,252
2022-09,CMCSA,52,1168912211.43,252
2022-09,COIN,53,1148864687.86,252
2022-09,KO,54,1146910150.22,252
2022-09,TXN,55,1106264061.4,252
2022-09,AMAT,56,1095659818.61,252
2022-09,ABBV,57,1094560655.5,252
2022-09,UBER,58,1081234598.94,252
2022-09,SNAP,59,1078893314.96,252
2022-09,GS,60,1062805295.59,252
2022-09,SE,61,1059047486.21,252
2022-09,ROKU,62,1044590932.57,252
2022-09,NKE,63,1031436642.46,252
2022-09,ABNB,64,1002689788.6,252
2022-09,BMY,65,984208581.54,252
2022-09,INTU,66,978791218.09,252
2022-09,AFRM,67,978503816.26,252
2022-09,UPST,68,974512810.43,252
2022-09,PEP,69,970117819.19,252
2022-09,TGT,70,968790675.42,252
2022-09,BRK.A,71,962974712.41,252
2022-09,BKNG,72,944246963.29,252
2022-09,MS,73,943092875.31,252
2022-09,TMO,74,927265068.52,252
2022-09,LLY,75,916395629.52,252
2022-09,GM,76,900782350.21,252
2022-09,LOW,77,896260234.5,252
2022-09,CRWD,78,896064659.88,252
2022-09,NOW,79,889192572.56,252
2022-09,ACN,80,875838768.93,252
2022-09,LRCX,81,871782473.11,252
2022-09,SBUX,82,858774991.29,252
2022-09,SPGI,83,854954582.17,252
2022-09,PANW,84,852718232.45,252
2022-09,ORCL,85,843648024.83,252
2022-09,DHR,86,834822916.5,252
2022-09,CHTR,87,832863247.86,252
2022-09,MCD,88,811547514.13,252
2022-09,AMGN,89,810826333.1,252
2022-09,COP,90,806312979.36,252
2022-09,UNP,91,800664395.63,252
2022-09,JD,92,799835885.9,252
2022-09,ZM,93,792388575.51,252
2022-09,NEE,94,788070063.99,252
2022-09,IBM,95,780228875.01,252
2022-09,FCX,96,770979836.4,252
2022-09,CAT,97,746431421.92,252
2022-09,ABT,98,744504880.06,252
2022-09,ASML,99,738149663.2,252
2022-09,LMT,100,736924068.91,252
2022-09,TMUS,101,730618547.56,252
2022-09,DE,102,729451044.77,252
2022-09,CCL,103,715720066.19,252
2022-09,PDD,104,714990458.45,252
2022-09,MDT,105,713738163.35,252
2022-09,ADI,106,711663163.28,252
2022-09,MELI,107,710591117.21,252
2022-09,LIN,108,703626858.64,252
2022-09,MRVL,109,700976711.4,252
2022-09,AXP,110,698382933.48,252
2022-09,PLTR,111,695108486.5,252
2022-09,HON,112,690139128.11,252
2022-09,DVN,113,686519874.85,252
2022-09,GE,114,678853073.13,252
2022-09,MMM,115,678177953.61,252
2022-09,UPS,116,669013540.2,252
2022-09,AAL,117,646579967.11,252
2022-09,SCHW,118,632607268.82,252
2022-09,PM,119,623902807.2,252
2022-09,BLK,120,619887834.86,252
2022-09,FDX,121,619703199.87,252
2022-09,DOCU,122,618481989.33,252
2022-09,CVS,123,618328147.61,252
2022-09,NVAX,124,616859895.74,252
2022-09,DDOG,125,612208161.81,252
2022-09,ISRG,126,609376251.67,252
2022-09,GILD,127,601968814.41,252
2022-09,TWLO,128,599780833.85,252
2022-09,PLUG,129,591126626.25,252
2022-09,ZS,130,587551867.46,252
2022-09,DASH,131,583963683.48,252
2022-09,ENPH,132,583026833.05,252
2022-09,BIDU,133,580520977.33,252
2022-09,UAL,134,577948448.55,252
2022-09,KLAC,135,573637122.31,252
2022-09,ELV,136,570500758.28,252
2022-09,BX,137,568399642.02,252
2022-09,NXPI,138,567546642.35,252
2022-09,PTON,139,562645749.96,252
2022-09,MPC,140,555163474.93,252
2022-09,RTX,141,554518731.34,252
2022-09,AMT,142,551829331.58,252
2022-09,CSX,143,549396163.06,252
2022-09,VALE,144,545322363.07,252
2022-09,MDLZ,145,542521464.02,252
2022-09,DAL,146,542116149.85,252
2022-09,SLB,147,539938265.42,252
2022-09,NET,148,537449780.32,252
2022-09,WDAY,149,533933544.95,252
2022-09,PLD,150,530509038.64,252
2022-10,TSLA,1,24787482868.13,252
2022-10,AAPL,2,15447706100.88,252
2022-10,NVDA,3,11710840838.95,252
2022-10,AMZN,4,10985330449.48,252
2022-10,MSFT,5,9887154863.12,252
2022-10,AMD,6,9316685166.02,252
2022-10,META,7,7186800666.93,252
2022-10,GOOGL,8,4805847949.42,252
2022-10,GOOG,9,3857495292.57,252
2022-10,BABA,10,3017161508.21,252
2022-10,PYPL,11,2349792979.49,252
2022-10,XOM,12,2250342432.17,252
2022-10,BAC,13,2078088809.25,252
2022-10,JPM,14,2059462863.02,252
2022-10,V,15,1983996654.2,252
2022-10,CVX,16,1924017945.24,252
2022-10,INTC,17,1824792208.05,252
2022-10,MRNA,18,1784759062.76,252
2022-10,XYZ,19,1770635298.25,252
2022-10,BA,20,1730434966.82,252
2022-10,UNH,21,1729534812.72,252
2022-10,DIS,22,1720572144.36,252
2022-10,ADBE,23,1715203133.97,252
2022-10,QCOM,24,1708679703.74,252
2022-10,SHOP,25,1650301354.94,252
2022-10,PFE,26,1650156800.51,252
2022-10,BRK.B,27,1579939859.44,252
2022-10,MU,28,1566909819.17,252
2022-10,HD,29,1550745359.22,252
2022-10,CRM,30,1523255170.38,252
2022-10,MA,31,1510454576.82,252
2022-10,AVGO,32,1507565875.33,252
2022-10,JNJ,33,1487228711.44,252
2022-10,COST,34,1443936204.59,252
2022-10,F,35,1437532493.46,252
2022-10,C,36,1417519376.36,252
2022-10,OXY,37,1414408321.29,252
2022-10,RBLX,38,1360400505.62,252
2022-10,NIO,39,1345210763.46,252
2022-10,PG,40,1315863047.21,252
2022-10,WFC,41,1300786348.05,252
2022-10,WMT,42,1300225029.31,252
2022-10,CSCO,43,1286088482.09,252
2022-10,RIVN,44,1255635317.72,224
2022-10,VZ,45,1249876348.38,252
2022-10,LCID,46,1233310192.02,252
2022-10,SNOW,47,1219259370.71,252
2022-10,TSM,48,1196217813.57,252
2022-10,CMCSA,49,1166387222.96,252
2022-10,T,50,1166080552.78,252
2022-10,MRK,51,1163923724.46,252
2022-10,KO,52,1151145036.15,252
2022-10,COIN,53,1143900696.93,252
2022-10,TXN,54,1140846937.17,252
2022-10,ABBV,55,1076067756.44,252
2022-10,AMAT,56,1063630718.88,252
2022-10,UBER,57,1045822129.82,252
2022-10,GS,58,1035700615.52,252
2022-10,BRK.A,59,1016991155.06,252
2022-10,SNAP,60,1008233462.21,252
2022-10,NKE,61,1005652321.38,252
2022-10,PEP,62,1002777646.76,252
2022-10,BMY,63,997329011.94,252
2022-10,ROKU,64,983055408.06,252
2022-10,INTU,65,981103161.99,252
2022-10,SE,66,971472215.33,252
2022-10,ABNB,67,970131684.58,252
2022-10,AMC,68,965015731.67,252
2022-10,TGT,69,962483846.55,252
2022-10,BKNG,70,957933845.36,252
2022-10,LLY,71,950498313.07,252
2022-10,MS,72,935454065.1,252
2022-10,TMO,73,908597089.82,252
2022-10,LOW,74,908439207.96,252
2022-10,NOW,75,891066334.61,252
2022-10,GM,76,880957205.59,252
2022-10,SBUX,77,878084776.34,252
2022-10,SPGI,78,873192085.52,252
2022-10,ACN,79,869021808.59,252
2022-10,PANW,80,864108471.93,252
2022-10,CRWD,81,862705044.65,252
2022-10,LRCX,82,848476162.47,252
2022-10,UPST,83,848265328.58,252
2022-10,AFRM,84,840321428.95,252
2022-10,DHR,85,834032048.44,252
2022-10,COP,86,830266771.24,252
2022-10,AMGN,87,819770351.65,252
2022-10,MCD,88,819263268.61,252
2022-10,CHTR,89,813333946.32,252
2022-10,NEE,90,806945420.05,252
2022-10,ORCL,91,794316122.52,252
2022-10,UNP,92,788745214.1,252
2022-10,IBM,93,783765869.33,252
2022-10,JD,94,761980692.18,252
2022-10,MMM,95,759389400.69,252
2022-10,FCX,96,755245423.4,252
2022-10,ABT,97,743317701.72,252
2022-10,LMT,98,739921745.23,252
2022-10,TMUS,99,728343639.19,252
2022-10,CAT,100,725753823.37,252
2022-10,DVN,101,724960995.32,252
2022-10,MDT,102,722758977.75,252
2022-10,MRVL,103,718611594.3,252
2022-10,MELI,104,711852485.91,252
2022-10,LIN,105,707578034.22,252
2022-10,ASML,106,707084720.54,252
2022-10,PDD,107,704074756.43,252
2022-10,DE,108,701785180.32,252
2022-10,ZM,109,695884504.02,252
2022-10,CCL,110,694937357.53,252
2022-10,HON,111,693198677.68,252
2022-10,AXP,112,687645929.06,252
2022-10,UPS,113,682814432.74,252
2022-10,ADI,114,669707145.58,252
2022-10,ENPH,115,657488523.57,252
2022-10,SCHW,116,644967388.36,252
2022-10,GE,117,630698249.15,252
2022-10,AAL,118,627782716.74,252
2022-10,BLK,119,627080161.9,252
2022-10,CVS,120,624458089.84,252
2022-10,FDX,121,623441533.0,252
2022-10,PM,122,620908572.22,252
2022-10,DDOG,123,613762019.56,252
2022-10,GILD,124,609428298.61,252
2022-10,KLAC,125,593762385.45,252
2022-10,PLUG,126,593191483.68,252
2022-10,ISRG,127,590734058.8,252
2022-10,PLTR,128,583503992.7,252
2022-10,ZS,129,580025307.47,252
2022-10,TWLO,130,579442647.45,252
2022-10,DOCU,131,575731826.22,252
2022-10,MPC,132,573919212.04,252
2022-10,ELV,133,570197491.24,252
2022-10,CSX,134,567980360.21,252
2022-10,UAL,135,562112307.01,252
2022-10,NXPI,136,560587095.08,252
2022-10,PLD,137,552934666.3,252
2022-10,SLB,138,551902346.91,252
2022-10,RTX,139,551793250.49,252
2022-10,BX,140,547986803.97,252
2022-10,AMT,141,546497328.25,252
2022-10,MDLZ,142,546277796.63,252
2022-10,BIDU,143,544730176.11,252
2022-10,NVAX,144,540930177.47,252
2022-10,DASH,145,539861362.46,252
2022-10,VALE,146,538416696.67,252
2022-10,WDAY,147,537480467.15,252
2022-10,DAL,148,532236764.91,252
2022-10,EOG,149,527309549.16,252
2022-10,NET,150,525803079.0,252
2022-11,TSLA,1,24394879188.41,252
2022-11,AAPL,2,15639871080.7,252
2022-11,NVDA,3,11884019565.25,252
2022-11,AMZN,4,10788116954.93,252
2022-11,MSFT,5,9890706791.97,252
2022-11,AMD,6,9367427494.24,252
2022-11,META,7,6935104385.81,252
2022-11,GOOGL,8,4665922348.85,252
2022-11,GOOG,9,3805879606.4,252
2022-11,BABA,10,2861804221.49,252
2022-11,XOM,11,2331146029.98,252
2022-11,PYPL,12,2188049867.82,252
2022-11,JPM,13,2057506603.78,252
2022-11,BAC,14,2048895350.17,252
2022-11,CVX,15,1959309669.29,252
2022-11,V,16,1957950796.85,252
2022-11,INTC,17,1785357999.22,252
2022-11,UNH,18,1763878762.19,252
2022-11,QCOM,19,1710999124.32,252
2022-11,ADBE,20,1704860162.65,252
2022-11,XYZ,21,1698625361.42,252
2022-11,BA,22,1678006929.8,252
2022-11,DIS,23,1671392666.51,252
2022-11,PFE,24,1657482293.84,252
2022-11,SHOP,25,1608350222.94,252
2022-11,BRK.B,26,1596176305.03,252
2022-11,MU,27,1564973104.74,252
2022-11,HD,28,1546252619.57,252
2022-11,AVGO,29,1528583649.21,252
2022-11,MRNA,30,1522462836.22,252
2022-11,CRM,31,1505345114.65,252
2022-11,JNJ,32,1497750581.83,252
2022-11,OXY,33,1474913332.77,252
2022-11,MA,34,1473894054.49,252
2022-11,COST,35,1466782297.18,252
2022-11,F,36,1407013701.81,252
2022-11,RBLX,37,1389992161.71,252
2022-11,C,38,1379553237.55,252
2022-11,PG,39,1316163720.26,252
2022-11,NIO,40,1303102511.92,252
2022-11,CSCO,41,1292435520.94,252
2022-11,WMT,42,1288333731.12,252
2022-11,WFC,43,1270309343.5,252
2022-11,SNOW,44,1247556452.13,252
2022-11,VZ,45,1244722780.37,252
2022-11,TSM,46,1222447381.89,252
2022-11,RIVN,47,1196297125.28,245
2022-11,TXN,48,1173479039.44,252
2022-11,CMCSA,49,1155168920.75,252
2022-11,KO,50,1153763327.65,252
2022-11,T,51,1143266037.52,252
2022-11,LCID,52,1120291660.23,252
2022-11,MRK,53,1107450213.81,252
2022-11,ABBV,54,1084678968.2,252
2022-11,AMAT,55,1063391454.71,252
2022-11,BRK.A,56,1063163613.88,252
2022-11,COIN,57,1057806120.14,252
2022-11,PEP,58,1034302166.29,252
2022-11,UBER,59,1033517203.17,252
2022-11,GS,60,1018613534.09,252
2022-11,NKE,61,995040578.14,252
2022-11,BMY,62,994895668.1,252
2022-11,LLY,63,979998545.79,252
2022-11,INTU,64,979238271.19,252
2022-11,ABNB,65,973586509.1,252
2022-11,BKNG,66,966592626.26,252
2022-11,TGT,67,949034492.53,252
2022-11,ROKU,68,932121461.78,252
2022-11,TMO,69,931300550.49,252
2022-11,MS,70,924443433.31,252
2022-11,SE,71,917651806.23,252
2022-11,SNAP,72,911614502.93,252
2022-11,LOW,73,911043391.61,252
2022-11,NOW,74,903409992.82,252
2022-11,SPGI,75,877308671.64,252
2022-11,SBUX,76,873532552.82,252
2022-11,ACN,77,871668446.7,252
2022-11,PANW,78,869430255.01,252
2022-11,LRCX,79,867974935.9,252
2022-11,AMC,80,857736382.08,252
2022-11,COP,81,855691837.45,252
2022-11,DHR,82,851351866.96,252
2022-11,CRWD,83,840850951.01,252
2022-11,GM,84,838026972.15,252
2022-11,MCD,85,837704456.72,252
2022-11,AMGN,86,834018790.19,252
2022-11,NEE,87,818041456.38,252
2022-11,CHTR,88,806975535.91,252
2022-11,UNP,89,790520719.08,252
2022-11,ORCL,90,784007601.8,252
2022-11,IBM,91,766659725.74,252
2022-11,MMM,92,760506491.23,252
2022-11,LMT,93,753323907.69,252
2022-11,DVN,94,751222432.78,252
2022-11,ABT,95,750640766.88,252
2022-11,JD,96,746078250.93,252
2022-11,TMUS,97,742672105.16,252
2022-11,FCX,98,734846242.27,252
2022-11,UPST,99,733343250.73,252
2022-11,LIN,100,728971734.01,252
2022-11,MRVL,101,726738747.85,252
2022-11,CAT,102,724810541.78,252
2022-11,PDD,103,718692154.56,252
2022-11,MDT,104,713073202.62,252
2022-11,ENPH,105,711964634.53,252
2022-11,MELI,106,709800047.22,252
2022-11,HON,107,707344823.5,252
2022-11,DE,108,704664926.5,252
2022-11,ASML,109,702656416.26,252
2022-11,CCL,110,686393141.96,252
2022-11,AXP,111,683573346.95,252
2022-11,UPS,112,680794454.86,252
2022-11,ADI,113,671205989.58,252
2022-11,SCHW,114,664571690.92,252
2022-11,ZM,115,648050074.21,252
2022-11,CVS,116,644939423.38,252
2022-11,AFRM,117,644340384.46,252
2022-11,BLK,118,631995497.98,252
2022-11,PM,119,625316530.38,252
2022-11,GILD,120,624826717.33,252
2022-11,AAL,121,624238837.67,252
2022-11,FDX,122,620552728.62,252
2022-11,KLAC,123,618424950.14,252
2022-11,DDOG,124,612340712.31,252
2022-11,GE,125,611479985.85,252
2022-11,ISRG,126,587966882.7,252
2022-11,SLB,127,585956482.33,252
2022-11,ELV,128,579254079.7,252
2022-11,PLD,129,575610496.83,252
2022-11,CSX,130,573369626.02,252
2022-11,ZS,131,572220025.8,252
2022-11,MPC,132,568144357.29,252
2022-11,VALE,133,562283171.57,252
2022-11,RTX,134,557290689.72,252
2022-11,NXPI,135,555826565.76,252
2022-11,UAL,136,554471241.89,252
2022-11,AMT,137,553613236.84,252
2022-11,MDLZ,138,552441480.56,252
2022-11,DOCU,139,550689597.37,252
2022-11,BX,140,547974249.65,252
2022-11,PLUG,141,543506179.48,252
2022-11,EOG,142,538868237.01,252
2022-11,PLTR,143,535155459.15,252
2022-11,DASH,144,533542010.52,252
2022-11,REGN,145,533008059.84,252
2022-11,WDAY,146,532219555.13,252
2022-11,CI,147,531009491.52,252
2022-11,DAL,148,526817107.77,252
2022-11,ON,149,525858302.46,252
2022-11,MO,150,524547531.67,252
2022-12,TSLA,1,22898940017.29,252
2022-12,AAPL,2,15592729971.54,252
2022-12,NVDA,3,11185600935.78,252
2022-12,AMZN,4,10475800085.27,252
2022-12,MSFT,5,9774914051.83,252
2022-12,AMD,6,9026472646.24,252
2022-12,META,7,6766829367.12,252
2022-12,GOOGL,8,4571949286.72,252
2022-12,GOOG,9,3763858183.57,252
2022-12,BABA,10,2785401817.98,252
2022-12,XOM,11,2381501729.55,252
2022-12,JPM,12,2026719444.98,252
2022-12,BAC,13,1974119365.7,252
2022-12,CVX,14,1964019014.53,252
2022-12,PYPL,15,1932618319.78,252
2022-12,V,16,1814907077.2,252
2022-12,UNH,17,1798065514.78,252
2022-12,INTC,18,1750614467.19,252
2022-12,ADBE,19,1673480163.18,252
2022-12,XYZ,20,1634135221.73,252
2022-12,DIS,21,1594734368.85,252
2022-12,BA,22,1587033691.84,252
2022-12,BRK.B,23,1581173954.84,252
2022-12,QCOM,24,1580745888.13,252
2022-12,AVGO,25,1550404893.07,252
2022-12,HD,26,1548440995.97,252
2022-12,SHOP,27,1533694630.67,252
2022-12,OXY,28,1524861336.45,252
2022-12,PFE,29,1524587618.34,252
2022-12,MU,30,1509447986.55,252
2022-12,JNJ,31,1472298908.01,252
2022-12,CRM,32,1469575565.01,252
2022-12,COST,33,1459290902.58,252
2022-12,MA,34,1356832378.93,252
2022-12,C,35,1318486915.86,252
2022-12,PG,36,1299729663.53,252
2022-12,F,37,1281009016.59,252
2022-12,WMT,38,1263013002.86,252
2022-12,CSCO,39,1253693854.34,252
2022-12,TSM,40,1234709844.64,252
2022-12,WFC,41,1224621931.6,252
2022-12,SNOW,42,1219847877.0,252
2022-12,VZ,43,1217769998.27,252
2022-12,NIO,44,1215634081.61,252
2022-12,MRNA,45,1206311652.72,252
2022-12,TXN,46,1185898744.32,252
2022-12,CMCSA,47,1152077579.11,252
2022-12,KO,48,1148739652.99,252
2022-12,RBLX,49,1140008957.49,252
2022-12,BRK.A,50,1112349121.08,252
2022-12,T,51,1101952912.72,252
2022-12,ABBV,52,1095248644.85,252
2022-12,MRK,53,1076052976.99,252
2022-12,PEP,54,1058113038.29,252
2022-12,AMAT,55,1035579038.65,252
2022-12,GS,56,1008580167.84,252
2022-12,LLY,57,1006203923.46,252
2022-12,BMY,58,988823967.82,252
2022-12,COIN,59,983931775.99,252
2022-12,UBER,60,980308676.78,252
2022-12,NKE,61,968848635.63,252
2022-12,INTU,62,960110132.55,252
2022-12,TGT,63,946226040.2,252
2022-12,BKNG,64,942576478.72,252
2022-12,TMO,65,917588574.1,252
2022-12,ABNB,66,903032983.57,252
2022-12,LOW,67,899006651.24,252
2022-12,NOW,68,892574873.08,252
2022-12,PANW,69,885059432.2,252
2022-12,MS,70,884848056.7,252
2022-12,COP,71,875731078.81,252
2022-12,ROKU,72,875704158.16,252
2022-12,SPGI,73,872108241.53,252
2022-12,LRCX,74,865683777.47,252
2022-12,SBUX,75,862558635.76,252
2022-12,AMGN,76,859860859.49,252
2022-12,SNAP,77,858054508.32,252
2022-12,MCD,78,854382169.81,252
2022-12,ACN,79,839536588.97,252
2022-12,DHR,80,832906479.1,252
2022-12,CRWD,81,821647569.23,252
2022-12,RIVN,82,814100071.43,252
2022-12,SE,83,812258079.15,252
2022-12,NEE,84,811141515.6,252
2022-12,UNP,85,799604678.29,252
2022-12,CHTR,86,792012893.56,252
2022-12,DVN,87,779726183.03,252
2022-12,GM,88,779679803.96,252
2022-12,ENPH,89,766376936.47,252
2022-12,LMT,90,762220489.66,252
2022-12,TMUS,91,761310879.49,252
2022-12,ORCL,92,760309238.77,252
2022-12,IBM,93,757385314.88,252
2022-12,AMC,94,753957814.16,252
2022-12,MMM,95,747475682.81,252
2022-12,PDD,96,746986534.14,252
2022-12,LIN,97,730782729.94,252
2022-12,ABT,98,730733428.57,252
2022-12,MRVL,99,729698225.59,252
2022-12,LCID,100,728000399.88,252
2022-12,CAT,101,724959743.62,252
2022-12,JD,102,723661799.32,252
2022-12,HON,103,722102836.78,252
2022-12,FCX,104,714408095.91,252
2022-12,ASML,105,713022201.88,252
2022-12,DE,106,706418953.87,252
2022-12,MDT,107,703062013.59,252
2022-12,MELI,108,681022196.07,252
2022-12,ADI,109,680811786.94,252
2022-12,UPS,110,672969736.64,252
2022-12,SCHW,111,671987179.45,252
2022-12,CCL,112,666543999.25,252
2022-12,AXP,113,657549163.9,252
2022-12,CVS,114,644919755.98,252
2022-12,GILD,115,643089489.54,252
2022-12,UPST,116,640948396.36,252
2022-12,BLK,117,640444799.76,252
2022-12,KLAC,118,628969526.63,252
2022-12,PM,119,615531886.56,252
2022-12,FDX,120,614358704.18,252
2022-12,SLB,121,609765439.65,252
2022-12,AAL,122,596948154.72,252
2022-12,DDOG,123,591230454.19,252
2022-12,ISRG,124,590506381.96,252
2022-12,ELV,125,590227241.06,252
2022-12,PLD,126,581335538.48,252
2022-12,CSX,127,576250368.23,252
2022-12,GE,128,575653205.06,252
2022-12,ZM,129,568989959.01,252
2022-12,VALE,130,566009180.69,252
2022-12,MPC,131,563885309.34,252
2022-12,MDLZ,132,554194398.38,252
2022-12,RTX,133,552529223.25,252
2022-12,EOG,134,545986677.92,252
2022-12,AMT,135,544982319.42,252
2022-12,CI,136,543669877.67,252
2022-12,ZS,137,543227444.89,252
2022-12,NXPI,138,538978859.22,252
2022-12,REGN,139,537447345.62,252
2022-12,BX,140,533278287.44,252
2022-12,ON,141,531667951.18,252
2022-12,DOCU,142,528659137.65,252
2022-12,UAL,143,528074705.89,252
2022-12,AFRM,144,526908668.2,252
2022-12,VLO,145,526736466.67,252
2022-12,TEAM,146,526235400.73,252
2022-12,MO,147,523231380.47,252
2022-12,LULU,148,521016246.36,252
2022-12,WDAY,149,519202870.47,252
2022-12,NEM,150,515604411.2,252
2023-01,TSLA,1,22596914823.17,251
2023-01,AAPL,2,14851999428.04,251
2023-01,NVDA,3,10461859649.23,251
2023-01,AMZN,4,10156580794.72,251
2023-01,MSFT,5,9544042280.55,251
2023-01,AMD,6,8698856592.54,251
2023-01,META,7,6486534737.36,251
2023-01,GOOGL,8,4439682359.5,251
2023-01,GOOG,9,3673927731.59,251
2023-01,BABA,10,2658568145.75,251
2023-01,XOM,11,2431071401.66,251
2023-01,CVX,12,1964494938.43,251
2023-01,JPM,13,1952783843.86,251
2023-01,BAC,14,1886164888.85,251
2023-01,PYPL,15,1817558072.37,251
2023-01,UNH,16,1769575795.98,251
2023-01,V,17,1758086413.04,251
2023-01,INTC,18,1690257415.06,251
2023-01,ADBE,19,1558715158.24,251
2023-01,OXY,20,1556611038.33,251
2023-01,DIS,21,1543596976.23,251
2023-01,BRK.B,22,1539932982.21,251
2023-01,XYZ,23,1533382240.56,251
2023-01,AVGO,24,1525432256.69,251
2023-01,BA,25,1519726647.83,251
2023-01,QCOM,26,1517455895.75,251
2023-01,HD,27,1488188722.17,251
2023-01,SHOP,28,1470251609.35,251
2023-01,CRM,29,1439193697.78,251
2023-01,JNJ,30,1436872034.37,251
2023-01,COST,31,1431330645.2,251
2023-01,MU,32,1426093383.84,251
2023-01,PFE,33,1353727922.96,251
2023-01,MA,34,1293164162.57,251
2023-01,C,35,1254595469.57,251
2023-01,PG,36,1243312256.85,251
2023-01,TSM,37,1240789501.5,251
2023-01,CSCO,38,1213814643.22,251
2023-01,WMT,39,1192883261.79,251
2023-01,F,40,1186327384.54,251
2023-01,WFC,41,1182980572.51,251
2023-01,TXN,42,1181742936.04,251
2023-01,VZ,43,1180418078.05,251
2023-01,BRK.A,44,1173638317.39,251
2023-01,SNOW,45,1168644490.79,251
2023-01,CMCSA,46,1121543553.25,251
2023-01,NIO,47,1105592658.43,251
2023-01,KO,48,1101874686.3,251
2023-01,ABBV,49,1078041110.79,251
2023-01,PEP,50,1066800472.16,251
2023-01,MRK,51,1062050141.71,251
2023-01,MRNA,52,1057249271.68,251
2023-01,T,53,1023156940.36,251
2023-01,RBLX,54,1021128959.09,251
2023-01,AMAT,55,1001931108.42,251
2023-01,LLY,56,997599498.83,251
2023-01,GS,57,975527058.78,251
2023-01,BMY,58,968883956.49,251
2023-01,NKE,59,963398846.59,251
2023-01,BKNG,60,929341373.65,251
2023-01,COIN,61,927331050.27,251
2023-01,UBER,62,913981079.49,251
2023-01,TGT,63,909175987.52,251
2023-01,INTU,64,903885809.15,251
2023-01,TMO,65,896050103.14,251
2023-01,COP,66,885660814.91,251
2023-01,AMGN,67,871918220.27,251
2023-01,LOW,68,866553070.39,251
2023-01,SPGI,69,866395954.36,251
2023-01,PANW,70,864176177.33,251
2023-01,NOW,71,859362977.07,251
2023-01,SBUX,72,857857944.74,251
2023-01,ABNB,73,855270626.67,251
2023-01,MS,74,853326334.56,251
2023-01,MCD,75,840991512.48,251
2023-01,LRCX,76,838520772.87,251
2023-01,ENPH,77,816739655.17,251
2023-01,SNAP,78,809626909.84,251
2023-01,ACN,79,801604846.48,251
2023-01,CRWD,80,796042881.74,251
2023-01,DHR,81,795857940.96,251
2023-01,UNP,82,788641983.8,251
2023-01,NEE,83,786906574.19,251
2023-01,DVN,84,785685246.56,251
2023-01,TMUS,85,780557657.48,251
2023-01,PDD,86,779699860.44,251
2023-01,CHTR,87,764353460.21,251
2023-01,LMT,88,760108250.15,251
2023-01,ROKU,89,758088240.12,251
2023-01,IBM,90,744710910.83,251
2023-01,MMM,91,738550522.12,251
2023-01,CAT,92,730987973.91,251
2023-01,RIVN,93,728445605.84,251
2023-01,SE,94,726326522.64,251
2023-01,LIN,95,724236904.97,251
2023-01,GM,96,723519444.15,251
2023-01,HON,97,713784549.19,251
2023-01,ASML,98,712585783.27,251
2023-01,DE,99,705751500.73,251
2023-01,ORCL,100,701713338.65,251
2023-01,FCX,101,699854355.0,251
2023-01,ABT,102,698166307.46,251
2023-01,JD,103,683187581.88,251
2023-01,UPS,104,676055431.27,251
2023-01,ADI,105,672951516.12,251
2023-01,MRVL,106,672824655.86,251
2023-01,SCHW,107,670164037.85,251
2023-01,GILD,108,662153586.37,251
2023-01,MDT,109,662003514.47,251
2023-01,MELI,110,641848140.69,251
2023-01,BLK,111,640325408.66,251
2023-01,AMC,112,638421438.38,251
2023-01,CVS,113,634260297.21,251
2023-01,AXP,114,630051630.41,251
2023-01,SLB,115,627805322.84,251
2023-01,KLAC,116,622859741.67,251
2023-01,PM,117,617859152.53,251
2023-01,CCL,118,615142091.16,251
2023-01,FDX,119,599930271.82,251
2023-01,ELV,120,587199178.72,251
2023-01,ISRG,121,585637584.99,251
2023-01,CSX,122,574396064.57,251
2023-01,VALE,123,572469404.73,251
2023-01,PLD,124,570025562.49,251
2023-01,MPC,125,568745186.24,251
2023-01,UPST,126,567087382.99,251
2023-01,GE,127,564421441.8,251
2023-01,AAL,128,563506166.88,251
2023-01,EOG,129,555940888.19,251
2023-01,DDOG,130,551305124.57,251
2023-01,MDLZ,131,551049826.66,251
2023-01,VLO,132,546856569.95,251
2023-01,RTX,133,545036219.23,251
2023-01,TEAM,134,541614532.56,251
2023-01,CI,135,541538727.02,251
2023-01,REGN,136,537558951.17,251
2023-01,BX,137,530510354.56,251
2023-01,LULU,138,530458844.32,251
2023-01,AMT,139,529754253.25,251
2023-01,ON,140,527703689.24,251
2023-01,NXPI,141,525560251.48,251
2023-01,LCID,142,520985112.54,251
2023-01,HUM,143,516678389.24,251
2023-01,WDAY,144,516048423.77,251
2023-01,MO,145,516032986.09,251
2023-01,ZM,146,511445011.06,251
2023-01,VRTX,147,501438446.74,251
2023-01,NEM,148,501151375.81,251
2023-01,UAL,149,499116112.19,251
2023-01,ADP,150,492615705.79,251
2023-02,TSLA,1,22147482617.25,251
2023-02,AAPL,2,14178687338.25,251
2023-02,NVDA,3,10025712146.25,251
2023-02,AMZN,4,9778673982.53,251
2023-02,MSFT,5,8980317435.15,251
2023-02,AMD,6,8186978146.91,251
2023-02,META,7,6226693924.39,251
2023-02,GOOGL,8,4264927237.75,251
2023-02,GOOG,9,3530202975.01,251
2023-02,BABA,10,2607033162.38,251
2023-02,XOM,11,2400237888.99,251
2023-02,CVX,12,1931692902.42,251
2023-02,JPM,13,1809978260.42,251
2023-02,UNH,14,1764501630.53,251
2023-02,BAC,15,1761643442.16,251
2023-02,PYPL,16,1690272075.26,251
2023-02,V,17,1666443216.89,251
2023-02,INTC,18,1593311012.15,251
2023-02,OXY,19,1553981665.01,251
2023-02,AVGO,20,1478395369.27,251
2023-02,DIS,21,1474011926.62,251
2023-02,BRK.B,22,1472051631.43,251
2023-02,BA,23,1461380733.55,251
2023-02,QCOM,24,1449092653.6,251
2023-02,ADBE,25,1447550464.78,251
2023-02,XYZ,26,1447321818.39,251
2023-02,JNJ,27,1413738523.89,251
2023-02,CRM,28,1407302031.16,251
2023-02,HD,29,1397733426.38,251
2023-02,COST,30,1389318618.24,251
2023-02,SHOP,31,1358732366.71,251
2023-02,MU,32,1339631424.19,251
2023-02,PFE,33,1270998057.19,251
2023-02,BRK.A,34,1251486003.64,251
2023-02,MA,35,1215079415.36,251
2023-02,PG,36,1190051266.88,251
2023-02,C,37,1178506905.47,251
2023-02,TXN,38,1167046521.2,251
2023-02,TSM,39,1163934102.03,251
2023-02,CSCO,40,1160167887.28,251
2023-02,WMT,41,1155833123.66,251
2023-02,VZ,42,1148135567.63,251
2023-02,SNOW,43,1141422544.55,251
2023-02,WFC,44,1088117844.16,251
2023-02,CMCSA,45,1085021188.7,251
2023-02,KO,46,1059637316.8,251
2023-02,ABBV,47,1052462473.19,251
2023-02,PEP,48,1046424716.3,251
2023-02,MRK,49,1041546842.2,251
2023-02,NIO,50,1031988738.74,251
2023-02,LLY,51,1003156504.76,251
2023-02,F,52,971145541.6,251
2023-02,MRNA,53,960552064.53,251
2023-02,BMY,54,945307472.51,251
2023-02,NKE,55,945026077.34,251
2023-02,GS,56,939949406.01,251
2023-02,T,57,936271048.62,251
2023-02,AMAT,58,931050831.14,251
2023-02,RBLX,59,928664629.64,251
2023-02,BKNG,60,915047050.4,251
2023-02,COIN,61,901116423.37,251
2023-02,TMO,62,882136847.82,251
2023-02,TGT,63,873463228.13,251
2023-02,COP,64,868311848.62,251
2023-02,ENPH,65,868030400.06,251
2023-02,UBER,66,868011642.09,251
2023-02,AMGN,67,866206954.68,251
2023-02,INTU,68,851362921.5,251
2023-02,SPGI,69,849396412.22,251
2023-02,PANW,70,840792961.47,251
2023-02,LOW,71,827185147.79,251
2023-02,ABNB,72,826487486.38,251
2023-02,MCD,73,824804670.48,251
2023-02,SBUX,74,823017427.22,251
2023-02,NOW,75,816565865.36,251
2023-02,MS,76,802003836.32,251
2023-02,PDD,77,796222429.89,251
2023-02,LRCX,78,794344150.18,251
2023-02,TMUS,79,791634124.48,251
2023-02,DVN,80,767485412.51,251
2023-02,UNP,81,764916633.15,251
2023-02,DHR,82,763903933.42,251
2023-02,CRWD,83,763571063.41,251
2023-02,SNAP,84,761174660.79,251
2023-02,LMT,85,755239734.94,251
2023-02,NEE,86,753919555.1,251
2023-02,ACN,87,752866441.09,251
2023-02,CHTR,88,739451799.2,251
2023-02,MMM,89,727345671.46,251
2023-02,LIN,90,726952147.88,251
2023-02,CAT,91,719801679.96,251
2023-02,IBM,92,716750042.9,251
2023-02,HON,93,706720267.27,251
2023-02,ROKU,94,703397057.42,251
2023-02,DE,95,689063235.88,251
2023-02,ASML,96,683593528.26,251
2023-02,ORCL,97,678157228.16,251
2023-02,FCX,98,672794251.71,251
2023-02,UPS,99,669051015.03,251
2023-02,RIVN,100,660103455.69,251
2023-02,SCHW,101,659157737.06,251
2023-02,ADI,102,658708893.06,251
2023-02,ABT,103,658082046.6,251
2023-02,GM,104,656083521.63,251
2023-02,GILD,105,655273174.19,251
2023-02,MDT,106,640543814.62,251
2023-02,JD,107,639013033.91,251
2023-02,CVS,108,637485557.61,251
2023-02,BLK,109,625357828.6,251
2023-02,MRVL,110,623376503.2,251
2023-02,SLB,111,621550214.92,251
2023-02,MELI,112,620662971.22,251
2023-02,SE,113,612129672.55,251
2023-02,AXP,114,611368766.63,251
2023-02,KLAC,115,610424158.34,251
2023-02,PM,116,600628144.79,251
2023-02,ELV,117,589961630.83,251
2023-02,CCL,118,585374030.23,251
2023-02,AMC,119,579621210.5,251
2023-02,FDX,120,577777912.2,251
2023-02,ISRG,121,567668392.84,251
2023-02,CSX,122,563662613.45,251
2023-02,GE,123,562918717.85,251
2023-02,VALE,124,561269901.32,251
2023-02,VLO,125,558707811.5,251
2023-02,MPC,126,558218556.99,251
2023-02,AAL,127,549621598.12,251
2023-02,PLD,128,548749032.52,251
2023-02,CI,129,545297682.49,251
2023-02,EOG,130,540318001.6,251
2023-02,RTX,131,538297271.05,251
2023-02,LULU,132,537335157.73,251
2023-02,REGN,133,534285378.95,251
2023-02,MDLZ,134,528608455.31,251
2023-02,DDOG,135,525473573.61,251
2023-02,ON,136,521666586.22,251
2023-02,UPST,137,516866584.01,251
2023-02,AMT,138,509879746.25,251
2023-02,BX,139,509808465.39,251
2023-02,NXPI,140,509135857.7,251
2023-02,VRTX,141,503147846.84,251
2023-02,UAL,142,500588240.55,251
2023-02,MO,143,498162338.59,251
2023-02,TEAM,144,496842934.91,251
2023-02,ADP,145,494851282.09,251
2023-02,HUM,146,494121378.99,251
2023-02,WDAY,147,491183371.02,251
2023-02,NEM,148,490475657.4,251
2023-02,DG,149,487016553.52,251
2023-02,NOC,150,473810210.43,251
2023-03,TSLA,1,23410899475.57,251
2023-03,AAPL,2,13840099349.33,251
2023-03,NVDA,3,9895011478.2,251
2023-03,AMZN,4,9271084263.79,251
2023-03,MSFT,5,8767446413.2,251
2023-03,AMD,6,7468815906.25,251
2023-03,META,7,5737896903.0,251
2023-03,GOOGL,8,4109566046.91,251
2023-03,GOOG,9,3409391889.84,251
2023-03,BABA,10,2586340735.55,251
2023-03,XOM,11,2325102200.39,251
2023-03,CVX,12,1872061123.36,251
2023-03,UNH,13,1769091286.66,251
2023-03,JPM,14,1714991142.6,251
2023-03,BAC,15,1654967392.03,251
2023-03,V,16,1567145983.3,251
2023-03,OXY,17,1550052207.14,251
2023-03,INTC,18,1539115281.76,251
2023-03,AVGO,19,1460375234.09,251
2023-03,PYPL,20,1453136562.05,251
2023-03,DIS,21,1417642556.24,251
2023-03,BRK.B,22,1402374178.51,251
2023-03,BA,23,1402192336.44,251
2023-03,JNJ,24,1401842701.11,251
2023-03,ADBE,25,1391065148.28,251
2023-03,CRM,26,1369733158.53,251
2023-03,COST,27,1363815530.62,251
2023-03,QCOM,28,1350696569.2,251
2023-03,BRK.A,29,1343347741.3,251
2023-03,HD,30,1340203253.21,251
2023-03,XYZ,31,1304130485.77,251
2023-03,SHOP,32,1267594508.72,251
2023-03,MU,33,1253898099.25,251
2023-03,PFE,34,1199512550.94,251
2023-03,TSM,35,1158741553.51,251
2023-03,TXN,36,1145209306.49,251
2023-03,PG,37,1142300568.03,251
2023-03,CSCO,38,1140732561.96,251
2023-03,WMT,39,1127500260.88,251
2023-03,MA,40,1127417468.99,251
2023-03,SNOW,41,1115460130.32,251
2023-03,C,42,1107907334.8,251
2023-03,VZ,43,1102761092.69,251
2023-03,CMCSA,44,1051260853.16,251
2023-03,PEP,45,1035659333.1,251
2023-03,LLY,46,1032526584.96,251
2023-03,MRK,47,1021260780.25,251
2023-03,ABBV,48,1016269174.71,251
2023-03,KO,49,1014396404.08,251
2023-03,WFC,50,1006811514.57,251
2023-03,NIO,51,968316075.29,251
2023-03,COIN,52,943251029.69,251
2023-03,NKE,53,920532522.09,251
2023-03,MRNA,54,918710197.29,251
2023-03,GS,55,917528775.28,251
2023-03,F,56,904742577.44,251
2023-03,AMAT,57,903647263.97,251
2023-03,BMY,58,899463113.11,251
2023-03,ENPH,59,899200857.73,251
2023-03,BKNG,60,878219923.59,251
2023-03,T,61,876153715.19,251
2023-03,COP,62,865401398.09,251
2023-03,TMO,63,855581535.32,251
2023-03,AMGN,64,852280432.28,251
2023-03,UBER,65,845593276.59,251
2023-03,TGT,66,844969609.31,251
2023-03,PANW,67,840785177.2,251
2023-03,INTU,68,830519693.93,251
2023-03,PDD,69,827769533.75,251
2023-03,RBLX,70,824125455.51,251
2023-03,MCD,71,813827609.03,251
2023-03,SBUX,72,813403016.49,251
2023-03,ABNB,73,810246031.41,251
2023-03,SPGI,74,807629767.43,251
2023-03,LOW,75,802104334.58,251
2023-03,NOW,76,798779100.59,251
2023-03,TMUS,77,794858564.12,251
2023-03,LRCX,78,781697777.97,251
2023-03,DVN,79,764414937.49,251
2023-03,MS,80,760581522.27,251
2023-03,UNP,81,759136631.01,251
2023-03,LIN,82,755340894.08,251
2023-03,CRWD,83,749246472.85,251
2023-03,NEE,84,747097590.5,251
2023-03,DHR,85,746542328.65,251
2023-03,LMT,86,725189688.85,251
2023-03,CAT,87,718981834.06,251
2023-03,ACN,88,717925106.68,251
2023-03,MMM,89,700142246.27,251
2023-03,IBM,90,700124791.74,251
2023-03,HON,91,699790776.44,251
2023-03,ASML,92,682144083.4,251
2023-03,CHTR,93,675581074.02,251
2023-03,DE,94,673460497.32,251
2023-03,ORCL,95,669643309.87,251
2023-03,ADI,96,665179288.11,251
2023-03,FCX,97,643166178.64,251
2023-03,SCHW,98,640589533.47,251
2023-03,GILD,99,636394907.15,251
2023-03,CVS,100,635950701.22,251
2023-03,ROKU,101,632874474.56,251
2023-03,JD,102,632716392.84,251
2023-03,ABT,103,632076390.95,251
2023-03,UPS,104,631171012.11,251
2023-03,GM,105,623395586.97,251
2023-03,SNAP,106,622214370.74,251
2023-03,MDT,107,618048066.06,251
2023-03,MELI,108,610360391.07,251
2023-03,SLB,109,607012604.62,251
2023-03,RIVN,110,606823201.62,251
2023-03,BLK,111,606373919.62,251
2023-03,KLAC,112,600666034.92,251
2023-03,MRVL,113,598490407.64,251
2023-03,ELV,114,585077303.08,251
2023-03,AXP,115,583713448.32,251
2023-03,VLO,116,564318653.7,251
2023-03,PM,117,562544986.58,251
2023-03,FDX,118,560321353.06,251
2023-03,CSX,119,560074586.59,251
2023-03,CCL,120,552774338.27,251
2023-03,ISRG,121,552444287.37,251
2023-03,MPC,122,549366572.27,251
2023-03,CI,123,549074075.6,251
2023-03,GE,124,542927415.57,251
2023-03,VALE,125,541465835.12,251
2023-03,ON,126,540331238.16,251
2023-03,LULU,127,538764234.68,251
2023-03,REGN,128,535790034.52,251
2023-03,EOG,129,534889430.58,251
2023-03,PLD,130,533766824.05,251
2023-03,AMC,131,533488146.4,251
2023-03,AAL,132,520873035.25,251
2023-03,MDLZ,133,519038500.94,251
2023-03,RTX,134,514580368.94,251
2023-03,AMT,135,502568253.38,251
2023-03,VRTX,136,500530229.78,251
2023-03,BIDU,137,497887563.24,251
2023-03,ADP,138,497112005.57,251
2023-03,TEAM,139,496875497.16,251
2023-03,NXPI,140,496439845.57,251
2023-03,SE,141,495057990.65,251
2023-03,HUM,142,493602519.18,251
2023-03,DDOG,143,493351883.64,251
2023-03,MO,144,488950976.39,251
2023-03,DG,145,484558379.79,251
2023-03,BX,146,482100333.33,251
2023-03,WDAY,147,480324241.37,251
2023-03,UAL,148,478991009.11,251
2023-03,NOC,149,473889042.02,251
2023-03,NEM,150,472423818.85,251
2023-04,TSLA,1,23738110873.83,251
2023-04,AAPL,2,13306003552.32,251
2023-04,NVDA,3,9856793610.41,251
2023-04,AMZN,4,8753248862.77,251
2023-04,MSFT,5,8678465376.07,251
2023-04,AMD,6,6954667771.87,251
2023-04,META,7,5648873319.14,251
2023-04,GOOGL,8,4038414010.24,251
2023-04,GOOG,9,3339871759.98,251
2023-04,BABA,10,2352163561.12,251
2023-04,XOM,11,2215561153.1,251
2023-04,UNH,12,1734940262.15,251
2023-04,JPM,13,1720230924.89,251
2023-04,CVX,14,1661976148.11,251
2023-04,BAC,15,1661225654.39,251
2023-04,V,16,1533228308.12,251
2023-04,INTC,17,1504678415.71,251
2023-04,AVGO,18,1480656047.62,251
2023-04,BRK.A,19,1422051135.47,251
2023-04,CRM,20,1391213145.07,251
2023-04,JNJ,21,1372590428.01,251
2023-04,OXY,22,1370637808.41,251
2023-04,DIS,23,1361478038.48,251
2023-04,PYPL,24,1341478042.1,251
2023-04,BRK.B,25,1338120601.4,251
2023-04,BA,26,1332794984.11,251
2023-04,COST,27,1323048057.5,251
2023-04,ADBE,28,1322796439.95,251
2023-04,HD,29,1290186831.47,251
2023-04,QCOM,30,1277296909.04,251
2023-04,XYZ,31,1179102861.31,251
2023-04,SHOP,32,1149448918.63,251
2023-04,MU,33,1142788321.53,251
2023-04,TXN,34,1140045363.29,251
2023-04,PFE,35,1118754404.96,251
2023-04,PG,36,1109857985.99,251
2023-04,WMT,37,1107993080.39,251
2023-04,CSCO,38,1104986496.34,251
2023-04,TSM,39,1100217281.82,251
2023-04,MA,40,1074477745.03,251
2023-04,LLY,41,1047594272.88,251
2023-04,C,42,1042523292.41,251
2023-04,SNOW,43,1033251477.15,251
2023-04,VZ,44,1029024756.07,251
2023-04,MRK,45,1027970780.49,251
2023-04,PEP,46,1025282705.35,251
2023-04,CMCSA,47,1024045435.11,251
2023-04,ABBV,48,1006785491.64,251
2023-04,COIN,49,999553824.9,251
2023-04,KO,50,980337927.29,251
2023-04,WFC,51,960660396.14,251
2023-04,ENPH,52,921014566.93,251
2023-04,GS,53,906216808.13,251
2023-04,AMAT,54,893048191.29,251
2023-04,NKE,55,881815293.38,251
2023-04,F,56,873906539.2,251
2023-04,BKNG,57,860386012.1,251
2023-04,NIO,58,844407603.29,251
2023-04,MRNA,59,840047274.6,251
2023-04,BMY,60,839641856.7,251
2023-04,AMGN,61,835775422.6,251
2023-04,COP,62,832463780.26,251
2023-04,T,63,832038581.73,251
2023-04,TMO,64,831688846.28,251
2023-04,PDD,65,816418376.04,251
2023-04,UBER,66,807155716.25,251
2023-04,TMUS,67,804941733.4,251
2023-04,SCHW,68,804405151.61,251
2023-04,PANW,69,804223779.41,251
2023-04,INTU,70,803540159.07,251
2023-04,TGT,71,800662951.81,251
2023-04,ABNB,72,785200838.57,251
2023-04,MCD,73,784321047.81,251
2023-04,RBLX,74,778829737.73,251
2023-04,LRCX,75,775043484.92,251
2023-04,SBUX,76,773751842.96,251
2023-04,NOW,77,770059066.41,251
2023-04,LOW,78,763376122.28,251
2023-04,LIN,79,749491924.13,251
2023-04,DVN,80,735478330.71,251
2023-04,MS,81,735051480.03,251
2023-04,NEE,82,728862743.11,251
2023-04,DHR,83,727590104.11,251
2023-04,UNP,84,721840959.9,251
2023-04,SPGI,85,721173231.65,251
2023-04,IBM,86,713721397.02,251
2023-04,CAT,87,708605253.06,251
2023-04,CRWD,88,703036800.43,251
2023-04,ACN,89,699861565.62,251
2023-04,HON,90,688678327.27,251
2023-04,MMM,91,682039751.42,251
2023-04,ADI,92,669394801.03,251
2023-04,ASML,93,666410485.7,251
2023-04,LMT,94,654083134.87,251
2023-04,ORCL,95,646819135.32,251
2023-04,CVS,96,636205838.18,251
2023-04,DE,97,635111613.48,251
2023-04,UPS,98,630740904.56,251
2023-04,CHTR,99,623758881.01,251
2023-04,ROKU,100,622382270.96,251
2023-04,ABT,101,616307559.22,251
2023-04,GILD,102,614533704.41,251
2023-04,FCX,103,607023402.16,251
2023-04,GM,104,600181255.4,251
2023-04,MELI,105,599501782.76,251
2023-04,KLAC,106,594494130.09,251
2023-04,MDT,107,588534219.75,251
2023-04,BLK,108,586677816.0,251
2023-04,VLO,109,582316457.01,251
2023-04,MRVL,110,582129918.69,251
2023-04,SNAP,111,577962001.62,251
2023-04,SLB,112,574676088.98,251
2023-04,RIVN,113,574540854.34,251
2023-04,ELV,114,566963745.91,251
2023-04,AXP,115,563963416.19,251
2023-04,LULU,116,563075675.43,251
2023-04,ON,117,558839038.88,251
2023-04,GE,118,558200875.74,251
2023-04,CI,119,555116445.65,251
2023-04,JD,120,550040250.1,251
2023-04,FDX,121,547675991.12,251
2023-04,MPC,122,543841107.24,251
2023-04,REGN,123,541568073.53,251
2023-04,PM,124,537768340.55,251
2023-04,CSX,125,533559597.08,251
2023-04,ISRG,126,529918009.11,251
2023-04,CCL,127,524416455.83,251
2023-04,PLD,128,522750905.25,251
2023-04,EOG,129,515918036.41,251
2023-04,VALE,130,511182760.83,251
2023-04,MDLZ,131,506743520.42,251
2023-04,ADP,132,501559543.98,251
2023-04,VRTX,133,497108849.92,251
2023-04,HUM,134,492056099.57,251
2023-04,AMT,135,491481818.35,251
2023-04,RTX,136,488265153.18,251
2023-04,NXPI,137,482441653.03,251
2023-04,DG,138,482215180.6,251
2023-04,BX,139,477059239.06,251
2023-04,MO,140,476676178.87,251
2023-04,AAL,141,472827087.1,251
2023-04,TEAM,142,472269922.16,251
2023-04,DDOG,143,470071555.78,251
2023-04,BIDU,144,462272142.6,251
2023-04,WDAY,145,457009581.08,251
2023-04,NOC,146,456989377.24,251
2023-04,SE,147,446927690.98,251
2023-04,UAL,148,446195953.57,251
2023-04,MDB,149,443577113.52,251
2023-04,USB,150,442875750.08,251
2023-05,TSLA,1,23571708300.66,250
2023-05,AAPL,2,12855719014.15,250
2023-05,NVDA,3,9724531767.12,250
2023-05,MSFT,4,8608160005.95,250
2023-05,AMZN,5,8423229211.28,250
2023-05,AMD,6,6639629412.4,250
2023-05,META,7,5512020702.94,250
2023-05,GOOGL,8,3921576180.92,250
2023-05,GOOG,9,3254563395.76,250
2023-05,BABA,10,2305129982.6,250
2023-05,XOM,11,2172436753.24,250
2023-05,UNH,12,1726076969.43,250
2023-05,JPM,13,1685171413.15,250
2023-05,BAC,14,1614039646.91,250
2023-05,CVX,15,1608701684.35,250
2023-05,BRK.A,16,1505677007.42,250
2023-05,V,17,1499553596.34,250
2023-05,INTC,18,1476250665.89,250
2023-05,AVGO,19,1460033832.51,250
2023-05,CRM,20,1351842949.47,250
2023-05,JNJ,21,1335344931.79,250
2023-05,OXY,22,1304229492.14,250
2023-05,BA,23,1299574872.9,250
2023-05,ADBE,24,1288477135.19,250
2023-05,BRK.B,25,1285319226.2,250
2023-05,DIS,26,1279967794.21,250
2023-05,COST,27,1276062337.88,250
2023-05,HD,28,1251260807.37,250
2023-05,PYPL,29,1251062282.54,250
2023-05,QCOM,30,1184507340.46,250
2023-05,TXN,31,1114559410.88,250
2023-05,MU,32,1114178083.95,250
2023-05,XYZ,33,1103588323.83,250
2023-05,CSCO,34,1095057888.23,250
2023-05,PG,35,1073999972.5,250
2023-05,PFE,36,1073674174.67,250
2023-05,WMT,37,1073125725.1,250
2023-05,TSM,38,1066178144.88,250
2023-05,LLY,39,1056866250.3,250
2023-05,SHOP,40,1043999374.33,250
2023-05,MA,41,1038161725.16,250
2023-05,COIN,42,1022194485.42,250
2023-05,PEP,43,1011073115.57,250
2023-05,SNOW,44,1009131610.28,250
2023-05,C,45,998756005.31,250
2023-05,MRK,46,993937570.54,250
2023-05,CMCSA,47,992038166.04,250
2023-05,VZ,48,964453391.39,250
2023-05,ENPH,49,955661575.23,250
2023-05,ABBV,50,944348143.28,250
2023-05,KO,51,943907625.16,250
2023-05,WFC,52,929242857.62,250
2023-05,GS,53,878489450.61,250
2023-05,AMAT,54,863124992.99,250
2023-05,NKE,55,851170215.95,250
2023-05,BKNG,56,850370964.11,250
2023-05,F,57,842868145.63,250
2023-05,SCHW,58,837704164.94,250
2023-05,COP,59,824076039.6,250
2023-05,MRNA,60,815313326.12,250
2023-05,AMGN,61,814051064.27,250
2023-05,TMO,62,812222534.47,250
2023-05,TMUS,63,810991998.6,250
2023-05,PDD,64,802035475.18,250
2023-05,PANW,65,788634702.76,250
2023-05,UBER,66,786929877.02,250
2023-05,INTU,67,786140609.35,250
2023-05,MCD,68,785746840.76,250
2023-05,T,69,781250602.09,250
2023-05,BMY,70,778898689.74,250
2023-05,ABNB,71,777406444.57,250
2023-05,NIO,72,773853137.72,250
2023-05,LRCX,73,772203118.19,250
2023-05,NOW,74,764555696.1,250
2023-05,TGT,75,761177504.7,250
2023-05,SBUX,76,753568892.86,250
2023-05,RBLX,77,747577801.79,250
2023-05,LIN,78,743308125.9,250
2023-05,LOW,79,731535971.73,250
2023-05,DVN,80,721128013.3,250
2023-05,DHR,81,719577357.8,250
2023-05,MS,82,708911722.08,250
2023-05,NEE,83,703152283.05,250
2023-05,CAT,84,701647454.74,250
2023-05,IBM,85,695608927.55,250
2023-05,SPGI,86,688802124.48,250
2023-05,HON,87,683858553.48,250
2023-05,ACN,88,682966548.9,250
2023-05,UNP,89,680416534.33,250
2023-05,MMM,90,673596182.68,250
2023-05,CRWD,91,668519871.34,250
2023-05,ASML,92,663336048.64,250
2023-05,ADI,93,661046230.76,250
2023-05,ORCL,94,651380284.79,250
2023-05,CVS,95,636263918.33,250
2023-05,LMT,96,636180171.12,250
2023-05,DE,97,629288454.08,250
2023-05,UPS,98,617818694.28,250
2023-05,ROKU,99,609867946.22,250
2023-05,ABT,100,609554702.37,250
2023-05,GILD,101,609431719.12,250
2023-05,MELI,102,595478308.54,250
2023-05,KLAC,103,588650366.7,250
2023-05,CHTR,104,588108530.36,250
2023-05,VLO,105,588071992.46,250
2023-05,FCX,106,583467982.31,250
2023-05,MDT,107,578941636.04,250
2023-05,GM,108,577401304.24,250
2023-05,SLB,109,567033003.37,250
2023-05,ON,110,566376538.37,250
2023-05,MRVL,111,564613202.74,250
2023-05,BLK,112,564321149.37,250
2023-05,CI,113,562172312.9,250
2023-05,ELV,114,559849434.79,250
2023-05,LULU,115,557044783.59,250
2023-05,GE,116,554779592.63,250
2023-05,RIVN,117,553242011.93,250
2023-05,AXP,118,550823658.69,250
2023-05,FDX,119,544563897.12,250
2023-05,MPC,120,544355809.52,250
2023-05,REGN,121,536460806.57,250
2023-05,JD,122,532992558.18,250
2023-05,CSX,123,530437815.11,250
2023-05,ISRG,124,524522723.4,250
2023-05,SNAP,125,518517666.76,250
2023-05,PM,126,515057708.93,250
2023-05,EOG,127,508135222.89,250
2023-05,PLD,128,501274630.53,250
2023-05,MDLZ,129,498236991.69,250
2023-05,CCL,130,496411243.94,250
2023-05,ADP,131,493992328.93,250
2023-05,HUM,132,493277429.42,250
2023-05,VALE,133,487867179.95,250
2023-05,VRTX,134,484873502.37,250
2023-05,AMT,135,478692973.76,250
2023-05,RTX,136,474852373.34,250
2023-05,DG,137,470181826.79,250
2023-05,BX,138,468025718.9,250
2023-05,NXPI,139,464990315.61,250
2023-05,MO,140,463688446.41,250
2023-05,DDOG,141,457028070.51,250
2023-05,NOC,142,453320079.73,250
2023-05,USB,143,452300188.39,250
2023-05,TEAM,144,451226334.33,250
2023-05,CMG,145,451021008.09,250
2023-05,WDAY,146,449613187.65,250
2023-05,BIDU,147,449291798.41,250
2023-05,AAL,148,446695441.02,250
2023-05,MDB,149,438000663.59,250
2023-05,FISV,150,426971102.65,250
2023-06,TSLA,1,23385392504.23,251
2023-06,AAPL,2,12223655886.45,251
2023-06,NVDA,3,10235084057.64,251
2023-06,MSFT,4,8525723524.91,251
2023-06,AMZN,5,7999012212.69,251
2023-06,AMD,6,6237248841.91,251
2023-06,META,7,5419036893.87,251
2023-06,GOOGL,8,3908734810.96,251
2023-06,GOOG,9,3201439249.96,251
2023-06,BABA,10,2273404947.61,251
2023-06,XOM,11,2044792109.76,251
2023-06,BRK.A,12,1670947390.42,251
2023-06,UNH,13,1670433135.87,251
2023-06,JPM,14,1635196607.72,251
2023-06,BAC,15,1552022693.33,251
2023-06,CVX,16,1527214174.15,251
2023-06,AVGO,17,1512080389.94,251
2023-06,V,18,1445997709.47,251
2023-06,INTC,19,1444922842.29,251
2023-06,CRM,20,1336772139.94,251
2023-06,JNJ,21,1289239055.87,251
2023-06,ADBE,22,1286441412.4,251
2023-06,DIS,23,1249762100.84,251
2023-06,BA,24,1246381421.19,251
2023-06,PYPL,25,1245837803.93,251
2023-06,HD,26,1243098295.18,251
2023-06,BRK.B,27,1230162983.39,251
2023-06,OXY,28,1198026517.41,251
2023-06,COST,29,1196740918.68,251
2023-06,QCOM,30,1147065507.28,251
2023-06,MU,31,1115173405.88,251
2023-06,TSM,32,1094551379.26,251
2023-06,TXN,33,1091688084.25,251
2023-06,LLY,34,1090884803.08,251
2023-06,CSCO,35,1054893102.49,251
2023-06,PFE,36,1036007933.88,251
2023-06,PG,37,1026960390.86,251
2023-06,MA,38,1017546258.79,251
2023-06,WMT,39,995627659.25,251
2023-06,PEP,40,984114559.63,251
2023-06,XYZ,41,983047865.66,251
2023-06,SNOW,42,981954230.24,251
2023-06,ENPH,43,968097177.98,251
2023-06,SHOP,44,964875872.77,251
2023-06,CMCSA,45,964478986.58,251
2023-06,COIN,46,962541552.5,251
2023-06,MRK,47,945608369.01,251
2023-06,C,48,927713603.91,251
2023-06,VZ,49,917532979.11,251
2023-06,ABBV,50,909098439.27,251
2023-06,WFC,51,902800679.63,251
2023-06,KO,52,882585903.66,251
2023-06,GS,53,855531559.66,251
2023-06,SCHW,54,854576197.42,251
2023-06,BKNG,55,844710782.46,251
2023-06,NKE,56,842886308.05,251
2023-06,AMAT,57,841013273.02,251
2023-06,TMUS,58,833747427.3,251
2023-06,F,59,828574527.03,251
2023-06,PDD,60,812305645.71,251
2023-06,TMO,61,802480342.44,251
2023-06,COP,62,799249882.58,251
2023-06,AMGN,63,785685110.53,251
2023-06,INTU,64,783437833.18,251
2023-06,UBER,65,782690969.51,251
2023-06,LRCX,66,780771827.15,251
2023-06,PANW,67,780714922.41,251
2023-06,MCD,68,770858223.89,251
2023-06,MRNA,69,767674667.57,251
2023-06,NOW,70,754746925.09,251
2023-06,ABNB,71,754595353.64,251
2023-06,T,72,745531808.3,251
2023-06,LIN,73,726899103.96,251
2023-06,SBUX,74,724894282.81,251
2023-06,DHR,75,721009048.17,251
2023-06,BMY,76,715338276.34,251
2023-06,NIO,77,712316429.28,251
2023-06,LOW,78,702143747.01,251
2023-06,CAT,79,696282720.9,251
2023-06,MS,80,691839906.42,251
2023-06,TGT,81,690489959.35,251
2023-06,ACN,82,680095663.55,251
2023-06,DVN,83,673197430.3,251
2023-06,IBM,84,672319380.86,251
2023-06,ADI,85,670863417.85,251
2023-06,RBLX,86,670751535.22,251
2023-06,ASML,87,670458069.9,251
2023-06,ORCL,88,665353445.99,251
2023-06,NEE,89,664847696.89,251
2023-06,MMM,90,655247571.27,251
2023-06,HON,91,654849115.39,251
2023-06,UNP,92,650844840.36,251
2023-06,CRWD,93,641275036.13,251
2023-06,CVS,94,630854046.91,251
2023-06,DE,95,621089695.8,251
2023-06,LMT,96,618501007.36,251
2023-06,SPGI,97,612549423.97,251
2023-06,GILD,98,596783602.63,251
2023-06,UPS,99,596087769.81,251
2023-06,MRVL,100,595347302.73,251
2023-06,MELI,101,591842936.65,251
2023-06,ON,102,589299507.03,251
2023-06,ABT,103,582320154.42,251
2023-06,KLAC,104,580833239.14,251
2023-06,ROKU,105,574188435.07,251
2023-06,VLO,106,568254519.97,251
2023-06,MDT,107,566856782.07,251
2023-06,LULU,108,562783056.08,251
2023-06,CI,109,558429896.44,251
2023-06,FCX,110,554648069.41,251
2023-06,SLB,111,554465221.11,251
2023-06,CHTR,112,554066605.3,251
2023-06,GE,113,553535129.52,251
2023-06,GM,114,551247540.5,251
2023-06,AXP,115,538523920.3,251
2023-06,ELV,116,535335999.61,251
2023-06,MPC,117,532739261.04,251
2023-06,REGN,118,530177797.76,251
2023-06,FDX,119,526986797.88,251
2023-06,BLK,120,526742060.2,251
2023-06,ISRG,121,518624735.58,251
2023-06,RIVN,122,514854993.84,251
2023-06,JD,123,503965526.23,251
2023-06,CSX,124,501572023.98,251
2023-06,HUM,125,494376716.86,251
2023-06,PM,126,489837411.91,251
2023-06,EOG,127,488760790.23,251
2023-06,ADP,128,487229110.82,251
2023-06,MDLZ,129,483112604.25,251
2023-06,VRTX,130,478176935.5,251
2023-06,CCL,131,475213020.06,251
2023-06,USB,132,466815350.15,251
2023-06,AMT,133,466778827.33,251
2023-06,CMG,134,465310987.25,251
2023-06,VALE,135,460713630.58,251
2023-06,RTX,136,456319330.64,251
2023-06,PLD,137,455720031.55,251
2023-06,NXPI,138,452945981.8,251
2023-06,FSLR,139,452146778.82,251
2023-06,DG,140,451147193.07,251
2023-06,SNAP,141,447575125.07,251
2023-06,BIDU,142,443571268.57,251
2023-06,BX,143,441581519.1,251
2023-06,NOC,144,441278917.64,251
2023-06,TEAM,145,441118923.92,251
2023-06,DDOG,146,438913894.19,251
2023-06,MDB,147,431838843.38,251
2023-06,FISV,148,431680463.9,251
2023-06,MO,149,430173273.7,251
2023-06,WDAY,150,428398466.47,251
2023-07,TSLA,1,24861529138.83,251
2023-07,AAPL,2,12116303300.04,251
2023-07,NVDA,3,11219031150.85,251
2023-07,MSFT,4,8531799330.64,251
2023-07,AMZN,5,7775487711.09,251
2023-07,AMD,6,6212830208.28,251
2023-07,META,7,5469869209.61,251
2023-07,GOOGL,8,3856396385.72,251
2023-07,GOOG,9,3149678381.76,251
2023-07,BABA,10,2070957182.7,251
2023-07,XOM,11,1906951345.09,251
2023-07,BRK.A,12,1874305150.71,251
2023-07,UNH,13,1659249911.26,251
2023-07,AVGO,14,1648856671.73,251
2023-07,JPM,15,1604175050.57,251
2023-07,BAC,16,1516394152.43,251
2023-07,V,17,1465893275.14,251
2023-07,CVX,18,1451311960.4,251
2023-07,INTC,19,1448717375.12,251
2023-07,ADBE,20,1367877080.14,251
2023-07,CRM,21,1331769043.13,251
2023-07,JNJ,22,1252723817.06,251
2023-07,DIS,23,1246389376.32,251
2023-07,PYPL,24,1241422306.43,251
2023-07,HD,25,1228432492.74,251
2023-07,BA,26,1221996263.19,251
2023-07,BRK.B,27,1200765382.25,251
2023-07,COST,28,1158037794.95,251
2023-07,TSM,29,1120298792.72,251
2023-07,MU,30,1112661406.68,251
2023-07,QCOM,31,1107316239.79,251
2023-07,LLY,32,1095726517.5,251
2023-07,OXY,33,1074646382.79,251
2023-07,TXN,34,1073998576.48,251
2023-07,CSCO,35,1027291936.79,251
2023-07,PFE,36,1015739593.45,251
2023-07,MA,37,1012659566.95,251
2023-07,SNOW,38,996904208.47,251
2023-07,PG,39,991792039.99,251
2023-07,COIN,40,985458092.85,251
2023-07,WMT,41,981996526.39,251
2023-07,PEP,42,972821924.39,251
2023-07,ENPH,43,971351012.84,251
2023-07,CMCSA,44,930838312.15,251
2023-07,SHOP,45,917746507.76,251
2023-07,XYZ,46,917212731.91,251
2023-07,MRK,47,909139271.44,251
2023-07,ABBV,48,891465822.84,251
2023-07,PANW,49,885215809.82,251
2023-07,VZ,50,884605646.56,251
2023-07,C,51,883549438.51,251
2023-07,WFC,52,871839026.56,251
2023-07,TMUS,53,868305194.43,251
2023-07,KO,54,859595534.71,251
2023-07,SCHW,55,857244710.24,251
2023-07,NKE,56,852222199.77,251
2023-07,GS,57,851125596.4,251
2023-07,F,58,838455672.81,251
2023-07,BKNG,59,835475594.05,251
2023-07,AMAT,60,832580962.22,251
2023-07,TMO,61,818856060.69,251
2023-07,UBER,62,795525053.71,251
2023-07,LRCX,63,794413074.21,251
2023-07,PDD,64,787130477.88,251
2023-07,INTU,65,782305566.25,251
2023-07,MCD,66,761992739.99,251
2023-07,COP,67,753836483.71,251
2023-07,NOW,68,750909698.13,251
2023-07,ORCL,69,749740736.37,251
2023-07,AMGN,70,747984340.86,251
2023-07,ABNB,71,734418929.83,251
2023-07,MRNA,72,731017156.79,251
2023-07,SBUX,73,724096190.04,251
2023-07,T,74,718520202.85,251
2023-07,DHR,75,718332050.08,251
2023-07,CAT,76,699364073.21,251
2023-07,LOW,77,690391268.78,251
2023-07,ACN,78,687127908.26,251
2023-07,ASML,79,684989764.84,251
2023-07,MS,80,681074578.86,251
2023-07,TGT,81,678841724.19,251
2023-07,ADI,82,676767309.32,251
2023-07,BMY,83,662616484.45,251
2023-07,LIN,84,659470652.69,251
2023-07,IBM,85,657251227.1,251
2023-07,MMM,86,652919859.65,251
2023-07,NEE,87,645864414.75,251
2023-07,HON,88,640505641.72,251
2023-07,CVS,89,640435399.57,251
2023-07,UNP,90,637446473.27,251
2023-07,CRWD,91,629594954.2,251
2023-07,NIO,92,628734517.06,251
2023-07,DE,93,627117163.9,251
2023-07,DVN,94,622855110.01,251
2023-07,MRVL,95,620913984.08,251
2023-07,RBLX,96,620892241.69,251
2023-07,LMT,97,600395861.84,251
2023-07,MELI,98,597546801.91,251
2023-07,UPS,99,594722458.76,251
2023-07,GILD,100,590230401.95,251
2023-07,LULU,101,589317739.76,251
2023-07,KLAC,102,576460932.02,251
2023-07,ABT,103,568886340.84,251
2023-07,ON,104,565285819.96,251
2023-07,SPGI,105,563595821.27,251
2023-07,GE,106,556054900.93,251
2023-07,MDT,107,549974662.96,251
2023-07,CI,108,547604928.44,251
2023-07,ROKU,109,547093652.08,251
2023-07,GM,110,545294285.06,251
2023-07,ELV,111,542262671.21,251
2023-07,SLB,112,530489486.39,251
2023-07,AXP,113,529567437.06,251
2023-07,REGN,114,529285536.8,251
2023-07,FCX,115,528288301.61,251
2023-07,CHTR,116,526656878.17,251
2023-07,VLO,117,521844918.96,251
2023-07,HUM,118,518745807.72,251
2023-07,ISRG,119,516747216.25,251
2023-07,RIVN,120,515758908.29,251
2023-07,BLK,121,508679166.64,251
2023-07,FDX,122,508497680.92,251
2023-07,CCL,123,498104817.68,251
2023-07,CSX,124,488057732.35,251
2023-07,CMG,125,482579200.53,251
2023-07,ADP,126,482030288.32,251
2023-07,DG,127,480658799.17,251
2023-07,MDLZ,128,477999633.0,251
2023-07,MPC,129,476980462.18,251
2023-07,USB,130,471143155.63,251
2023-07,FSLR,131,469528604.98,251
2023-07,VRTX,132,469527605.0,251
2023-07,PM,133,467751346.35,251
2023-07,MDB,134,467712370.7,251
2023-07,EOG,135,462743578.71,251
2023-07,JD,136,462348883.56,251
2023-07,PLTR,137,460902621.67,251
2023-07,RTX,138,453996760.2,251
2023-07,FISV,139,451093164.73,251
2023-07,VALE,140,440198028.82,251
2023-07,TEAM,141,439333345.31,251
2023-07,AMT,142,436298670.96,251
2023-07,PLD,143,435210130.0,251
2023-07,NOC,144,428886512.03,251
2023-07,NXPI,145,427996754.33,251
2023-07,BIDU,146,423876935.85,251
2023-07,DDOG,147,422606032.12,251
2023-07,WDAY,148,418772662.34,251
2023-07,BX,149,418476348.78,251
2023-07,SNAP,150,418416172.16,251
2023-08,TSLA,1,25681001394.01,251
2023-08,NVDA,2,12065836384.61,251
2023-08,AAPL,3,11939336625.9,251
2023-08,MSFT,4,8814307002.73,251
2023-08,AMZN,5,7655747875.05,251
2023-08,AMD,6,6177397347.17,251
2023-08,META,7,5817441548.48,251
2023-08,GOOGL,8,3818243930.83,251
2023-08,GOOG,9,3097211254.94,251
2023-08,BRK.A,10,2107913209.81,251
2023-08,BABA,11,2010471231.52,251
2023-08,XOM,12,1887108123.44,251
2023-08,AVGO,13,1731143436.03,251
2023-08,UNH,14,1692699659.0,251
2023-08,JPM,15,1621988653.69,251
2023-08,BAC,16,1519344877.31,251
2023-08,V,17,1459631077.44,251
2023-08,CVX,18,1422878285.75,251
2023-08,INTC,19,1420389156.7,251
2023-08,ADBE,20,1412170373.49,251
2023-08,CRM,21,1350216514.66,251
2023-08,JNJ,22,1291296019.27,251
2023-08,DIS,23,1273708875.25,251
2023-08,HD,24,1229262027.32,251
2023-08,PYPL,25,1227916786.78,251
2023-08,BA,26,1218670688.28,251
2023-08,BRK.B,27,1180988141.62,251
2023-08,COST,28,1130958121.32,251
2023-08,LLY,29,1115121965.28,251
2023-08,TSM,30,1111669341.26,251
2023-08,MU,31,1089005190.94,251
2023-08,QCOM,32,1076282270.15,251
2023-08,TXN,33,1067620915.04,251
2023-08,COIN,34,1051806209.3,251
2023-08,CSCO,35,1031846292.1,251
2023-08,MA,36,1013722227.23,251
2023-08,OXY,37,1006871191.72,251
2023-08,PFE,38,997955592.9,251
2023-08,SNOW,39,989405828.92,251
2023-08,PEP,40,987127991.06,251
2023-08,PG,41,984424934.52,251
2023-08,ENPH,42,961387151.7,251
2023-08,WMT,43,950600262.38,251
2023-08,PANW,44,919806462.7,251
2023-08,CMCSA,45,912957719.59,251
2023-08,MRK,46,895671156.24,251
2023-08,XYZ,47,890646962.19,251
2023-08,VZ,48,888983120.57,251
2023-08,SHOP,49,886110699.91,251
2023-08,ABBV,50,879146514.36,251
2023-08,SCHW,51,878160943.98,251
2023-08,TMUS,52,864905242.09,251
2023-08,WFC,53,862646669.42,251
2023-08,C,54,857057791.89,251
2023-08,GS,55,850588416.6,251
2023-08,AMAT,56,846062810.73,251
2023-08,NKE,57,844818574.62,251
2023-08,KO,58,843415000.04,251
2023-08,BKNG,59,843223706.71,251
2023-08,F,60,839815818.81,251
2023-08,UBER,61,828286575.0,251
2023-08,TMO,62,824746470.46,251
2023-08,PDD,63,806490717.99,251
2023-08,LRCX,64,804469506.5,251
2023-08,INTU,65,788651161.36,251
2023-08,ORCL,66,780890763.28,251
2023-08,MCD,67,759288586.31,251
2023-08,ABNB,68,745133946.15,251
2023-08,COP,69,740238136.8,251
2023-08,AMGN,70,737023191.67,251
2023-08,SBUX,71,733484472.9,251
2023-08,DHR,72,732716516.71,251
2023-08,NOW,73,732489993.41,251
2023-08,T,74,728724166.85,251
2023-08,CAT,75,706328594.84,251
2023-08,ASML,76,703124472.7,251
2023-08,MRNA,77,699557204.36,251
2023-08,MS,78,684889648.33,251
2023-08,ACN,79,680635194.38,251
2023-08,ADI,80,679342621.39,251
2023-08,TGT,81,677788327.44,251
2023-08,LOW,82,676442427.99,251
2023-08,CVS,83,652451303.25,251
2023-08,HON,84,650198520.98,251
2023-08,LIN,85,646941583.34,251
2023-08,RIVN,86,646260037.35,251
2023-08,UNP,87,645896930.86,251
2023-08,MMM,88,644913288.58,251
2023-08,BMY,89,643227911.73,251
2023-08,NEE,90,633082479.64,251
2023-08,DE,91,632652509.59,251
2023-08,MRVL,92,630564054.91,251
2023-08,IBM,93,628023370.76,251
2023-08,CRWD,94,621651572.2,251
2023-08,MELI,95,618030378.6,251
2023-08,NIO,96,618008241.14,251
2023-08,DVN,97,606133239.87,251
2023-08,LMT,98,598817074.97,251
2023-08,UPS,99,595770871.51,251
2023-08,LULU,100,593843576.2,251
2023-08,GILD,101,593554089.13,251
2023-08,ON,102,580863008.34,251
2023-08,KLAC,103,573299964.85,251
2023-08,ABT,104,564109201.89,251
2023-08,GE,105,559830978.77,251
2023-08,RBLX,106,557087867.71,251
2023-08,ELV,107,556933021.27,251
2023-08,ROKU,108,556795008.31,251
2023-08,SPGI,109,551853482.97,251
2023-08,GM,110,546783748.57,251
2023-08,SLB,111,546321379.77,251
2023-08,HUM,112,542512524.01,251
2023-08,MDT,113,540046794.92,251
2023-08,REGN,114,538475048.94,251
2023-08,ISRG,115,537272425.98,251
2023-08,CI,116,531711090.5,251
2023-08,AXP,117,519653449.84,251
2023-08,CHTR,118,517138769.95,251
2023-08,VLO,119,515987288.07,251
2023-08,PLTR,120,515831955.45,251
2023-08,FDX,121,515430746.1,251
2023-08,FCX,122,511098394.09,251
2023-08,BLK,123,508617758.07,251
2023-08,CCL,124,507505640.87,251
2023-08,CMG,125,500901574.34,251
2023-08,FSLR,126,488238474.71,251
2023-08,USB,127,487174182.37,251
2023-08,CSX,128,484922526.74,251
2023-08,ADP,129,484253590.2,251
2023-08,MDLZ,130,480867756.16,251
2023-08,DG,131,476732375.98,251
2023-08,RTX,132,475830486.48,251
2023-08,MDB,133,473898252.43,251
2023-08,MPC,134,467405389.11,251
2023-08,JD,135,463033271.42,251
2023-08,VRTX,136,462866773.79,251
2023-08,PM,137,456332909.44,251
2023-08,EOG,138,453228720.43,251
2023-08,FISV,139,446734161.44,251
2023-08,AI,140,440333569.9,251
2023-08,AMT,141,439134075.85,251
2023-08,NXPI,142,434943172.5,251
2023-08,TEAM,143,433330261.85,251
2023-08,PLD,144,429468417.79,251
2023-08,VALE,145,428814858.85,251
2023-08,MCHP,146,427389967.1,251
2023-08,NOC,147,425223894.11,251
2023-08,EL,148,424813710.29,251
2023-08,WDAY,149,422623832.17,251
2023-08,ALB,150,421138557.26,251
2023-09,TSLA,1,26050519087.46,251
2023-09,NVDA,2,13659680250.29,251
2023-09,AAPL,3,11797132872.04,251
2023-09,MSFT,4,8824081714.1,251
2023-09,AMZN,5,7619552392.1,251
2023-09,AMD,6,6146830652.45,251
2023-09,META,7,5932366724.45,251
2023-09,GOOGL,8,3860016613.79,251
2023-09,GOOG,9,3114783934.43,251
2023-09,BRK.A,10,2376917993.03,251
2023-09,BABA,11,1961676209.2,251
2023-09,JNJ,12,1901100139.14,251
2023-09,XOM,13,1849972626.87,251
2023-09,AVGO,14,1804388105.2,251
2023-09,UNH,15,1679372250.68,251
2023-09,JPM,16,1588559074.67,251
2023-09,BAC,17,1490928207.61,251
2023-09,V,18,1432363769.4,251
2023-09,ADBE,19,1421865669.12,251
2023-09,CVX,20,1396127746.5,251
2023-09,INTC,21,1378452220.92,251
2023-09,CRM,22,1339881552.02,251
2023-09,DIS,23,1258259953.87,251
2023-09,BA,24,1212200666.96,251
2023-09,HD,25,1211882390.19,251
2023-09,PYPL,26,1192215194.63,251
2023-09,LLY,27,1176192975.12,251
2023-09,BRK.B,28,1158284863.45,251
2023-09,COST,29,1096800994.01,251
2023-09,TSM,30,1081039450.57,251
2023-09,MU,31,1077714692.81,251
2023-09,QCOM,32,1070616981.45,251
2023-09,TXN,33,1051248919.07,251
2023-09,CSCO,34,1032055295.92,251
2023-09,COIN,35,1002301483.77,251
2023-09,MA,36,1002070147.01,251
2023-09,PFE,37,983609669.96,251
2023-09,PEP,38,981319336.76,251
2023-09,PG,39,958632878.53,251
2023-09,PANW,40,957161867.98,251
2023-09,SNOW,41,942210491.72,251
2023-09,ENPH,42,917453055.23,251
2023-09,WMT,43,911979003.78,251
2023-09,CMCSA,44,893096723.39,251
2023-09,MRK,45,891276173.08,251
2023-09,OXY,46,880810795.88,251
2023-09,SCHW,47,869164046.9,251
2023-09,VZ,48,868103472.13,251
2023-09,ABBV,49,861962958.54,251
2023-09,TMUS,50,859593362.82,251
2023-09,BKNG,51,853076639.82,251
2023-09,SHOP,52,851458932.83,251
2023-09,WFC,53,849488881.37,251
2023-09,NKE,54,846326075.83,251
2023-09,C,55,841627204.36,251
2023-09,AMAT,56,839259436.02,251
2023-09,XYZ,57,839194708.52,251
2023-09,GS,58,836586609.74,251
2023-09,UBER,59,826447114.31,251
2023-09,KO,60,825602304.17,251
2023-09,TMO,61,818886487.88,251
2023-09,ORCL,62,818239222.94,251
2023-09,PDD,63,808102877.33,251
2023-09,F,64,796387931.79,251
2023-09,LRCX,65,791754155.8,251
2023-09,INTU,66,778500380.77,251
2023-09,MCD,67,759011801.03,251
2023-09,SBUX,68,733378032.67,251
2023-09,CAT,69,732028152.57,251
2023-09,ABNB,70,729635672.65,251
2023-09,AMGN,71,727244079.39,251
2023-09,DHR,72,723721713.91,251
2023-09,NOW,73,719269881.94,251
2023-09,COP,74,715437852.37,251
2023-09,T,75,713859788.84,251
2023-09,ASML,76,709377845.3,251
2023-09,ADI,77,676970229.48,251
2023-09,TGT,78,673678277.17,251
2023-09,ACN,79,672340225.6,251
2023-09,MS,80,669423366.41,251
2023-09,MRNA,81,668209875.53,251
2023-09,RIVN,82,665746825.01,251
2023-09,CVS,83,664520729.8,251
2023-09,HON,84,647072412.49,251
2023-09,LOW,85,645651276.33,251
2023-09,MRVL,86,643336726.63,251
2023-09,UNP,87,641188963.25,251
2023-09,LIN,88,641061210.8,251
2023-09,BMY,89,640329772.3,251
2023-09,DE,90,634691446.92,251
2023-09,IBM,91,629296805.75,251
2023-09,NEE,92,625881464.48,251
2023-09,MELI,93,624193142.6,251
2023-09,NIO,94,618379324.41,251
2023-09,CRWD,95,606721582.79,251
2023-09,LULU,96,603897977.05,251
2023-09,UPS,97,600561650.5,251
2023-09,PLTR,98,590237508.86,251
2023-09,GILD,99,589201311.84,251
2023-09,LMT,100,587250061.12,251
2023-09,ON,101,566221459.52,251
2023-09,DVN,102,564037137.36,251
2023-09,HUM,103,561109183.71,251
2023-09,KLAC,104,560055154.26,251
2023-09,ABT,105,559267642.94,251
2023-09,GE,106,556563252.79,251
2023-09,ELV,107,556495578.79,251
2023-09,SLB,108,545713417.78,251
2023-09,REGN,109,541364333.32,251
2023-09,ISRG,110,540843631.6,251
2023-09,GM,111,532678919.38,251
2023-09,MDT,112,529113891.81,251
2023-09,ROKU,113,527605574.93,251
2023-09,SPGI,114,524874018.96,251
2023-09,FDX,115,517858950.89,251
2023-09,CI,116,515116322.54,251
2023-09,VLO,117,514462537.24,251
2023-09,AXP,118,514118653.75,251
2023-09,CHTR,119,513920059.09,251
2023-09,CMG,120,508446173.19,251
2023-09,FCX,121,499367262.11,251
2023-09,CCL,122,498577253.53,251
2023-09,RBLX,123,497222971.68,251
2023-09,USB,124,495967722.95,251
2023-09,BLK,125,492810611.48,251
2023-09,FSLR,126,488311608.73,251
2023-09,MMM,127,487849623.17,251
2023-09,MDB,128,482168258.28,251
2023-09,RTX,129,480397852.26,251
2023-09,AI,130,479765033.61,251
2023-09,MDLZ,131,477904065.97,251
2023-09,ADP,132,477057557.83,251
2023-09,DG,133,475819938.28,251
2023-09,CSX,134,473892613.26,251
2023-09,MPC,135,471471952.8,251
2023-09,VRTX,136,451086461.92,251
2023-09,JD,137,447835553.38,251
2023-09,PM,138,443087845.26,251
2023-09,EOG,139,441342860.44,251
2023-09,NXPI,140,439465383.24,251
2023-09,EL,141,438261305.17,251
2023-09,FISV,142,433020838.58,251
2023-09,MCHP,143,428987756.5,251
2023-09,AMT,144,428833967.88,251
2023-09,NOC,145,421224726.52,251
2023-09,DDOG,146,418838231.99,251
2023-09,PLD,147,418271063.07,251
2023-09,ALB,148,417759039.65,251
2023-09,VALE,149,413918524.91,251
2023-09,ORLY,150,413655226.41,251
2023-10,TSLA,1,27091564338.37,250
2023-10,NVDA,2,14514481783.24,250
2023-10,AAPL,3,11395468273.96,250
2023-10,MSFT,4,8749665646.41,250
2023-10,AMZN,5,7598275846.42,250
2023-10,AMD,6,6086209906.53,250
2023-10,META,7,6044994645.27,250
2023-10,GOOGL,8,3847123274.15,250
2023-10,GOOG,9,3081669840.17,250
2023-10,BRK.A,10,2655203494.26,250
2023-10,BABA,11,1929649537.56,250
2023-10,JNJ,12,1869277146.01,250
2023-10,AVGO,13,1841489982.85,250
2023-10,XOM,14,1834863259.22,250
2023-10,UNH,15,1669161778.93,250
2023-10,JPM,16,1567482404.54,250
2023-10,BAC,17,1458941677.63,250
2023-10,V,18,1418980877.54,250
2023-10,ADBE,19,1393702610.42,250
2023-10,INTC,20,1390635288.51,250
2023-10,CVX,21,1335297879.68,250
2023-10,CRM,22,1322034257.16,250
2023-10,DIS,23,1268455320.21,250
2023-10,LLY,24,1212703613.87,250
2023-10,BA,25,1195461314.91,250
2023-10,HD,26,1174837421.69,250
2023-10,PYPL,27,1154283483.92,250
2023-10,BRK.B,28,1146516424.97,250
2023-10,TSM,29,1069632603.01,250
2023-10,MU,30,1067689441.45,250
2023-10,COST,31,1063023646.81,250
2023-10,QCOM,32,1051828192.97,250
2023-10,CSCO,33,1026923518.15,250
2023-10,TXN,34,1010634893.03,250
2023-10,MA,35,996401111.82,250
2023-10,PFE,36,981536041.93,250
2023-10,COIN,37,980491974.2,250
2023-10,PEP,38,956828559.7,250
2023-10,PANW,39,939880446.02,250
2023-10,PG,40,930365638.74,250
2023-10,WMT,41,901094361.76,250
2023-10,SNOW,42,890471981.23,250
2023-10,ORCL,43,887423494.94,250
2023-10,MRK,44,875450155.12,250
2023-10,CMCSA,45,867061122.73,250
2023-10,SCHW,46,865256129.87,250
2023-10,TMUS,47,854045330.62,250
2023-10,ENPH,48,850120596.93,250
2023-10,BKNG,49,845866025.62,250
2023-10,AMAT,50,843030340.96,250
2023-10,VZ,51,839972567.95,250
2023-10,WFC,52,839687644.42,250
2023-10,NKE,53,833946555.33,250
2023-10,ABBV,54,833850957.48,250
2023-10,SHOP,55,827659762.73,250
2023-10,PDD,56,823421108.29,250
2023-10,GS,57,823278248.2,250
2023-10,TMO,58,822523519.16,250
2023-10,UBER,59,817776671.89,250
2023-10,C,60,815905745.77,250
2023-10,XYZ,61,812290069.68,250
2023-10,KO,62,812088692.44,250
2023-10,LRCX,63,797889865.11,250
2023-10,ABNB,64,787207158.97,250
2023-10,OXY,65,784973473.12,250
2023-10,INTU,66,772895011.95,250
2023-10,F,67,752377598.87,250
2023-10,MCD,68,747383854.13,250
2023-10,CAT,69,733295467.02,250
2023-10,ASML,70,724647237.92,250
2023-10,AMGN,71,714945016.04,250
2023-10,DHR,72,710954369.21,250
2023-10,NOW,73,703407040.78,250
2023-10,SBUX,74,699277792.31,250
2023-10,T,75,688435147.08,250
2023-10,COP,76,684617908.16,250
2023-10,ADI,77,675872260.74,250
2023-10,CVS,78,667431211.24,250
2023-10,ACN,79,665173814.93,250
2023-10,TGT,80,659577929.31,250
2023-10,MS,81,644912868.97,250
2023-10,DE,82,641428784.26,250
2023-10,RIVN,83,641386172.01,250
2023-10,MRNA,84,639445636.82,250
2023-10,MRVL,85,638448021.23,250
2023-10,HON,86,635842059.15,250
2023-10,LIN,87,630001776.16,250
2023-10,IBM,88,628051971.78,250
2023-10,LOW,89,627234452.32,250
2023-10,PLTR,90,625266064.84,250
2023-10,BMY,91,624248595.3,250
2023-10,MELI,92,623133573.97,250
2023-10,UNP,93,621438630.25,250
2023-10,NEE,94,614230591.78,250
2023-10,CRWD,95,597542343.03,250
2023-10,UPS,96,589766008.71,250
2023-10,LULU,97,587300456.56,250
2023-10,NIO,98,580654607.11,250
2023-10,LMT,99,578962885.84,250
2023-10,GILD,100,569495711.91,250
2023-10,ON,101,557611190.74,250
2023-10,ELV,102,556153296.33,250
2023-10,GE,103,553559303.48,250
2023-10,HUM,104,552597564.0,250
2023-10,SLB,105,547076521.51,250
2023-10,ISRG,106,542747661.06,250
2023-10,ABT,107,541085084.78,250
2023-10,KLAC,108,540591189.07,250
2023-10,DVN,109,530384404.51,250
2023-10,ROKU,110,526972632.43,250
2023-10,VLO,111,522945203.34,250
2023-10,GM,112,509486615.3,250
2023-10,MDT,113,508124754.4,250
2023-10,AXP,114,507098863.84,250
2023-10,REGN,115,505176213.42,250
2023-10,CMG,116,504902732.67,250
2023-10,CHTR,117,500072255.74,250
2023-10,RTX,118,499567013.52,250
2023-10,SPGI,119,499293693.15,250
2023-10,AI,120,498522538.01,250
2023-10,USB,121,496352976.83,250
2023-10,BX,122,493153489.58,250
2023-10,DG,123,489053621.09,250
2023-10,CI,124,484035623.94,250
2023-10,CCL,125,484004394.56,250
2023-10,FCX,126,482168645.39,250
2023-10,FDX,127,481919106.29,250
2023-10,FSLR,128,477523340.59,250
2023-10,BLK,129,476271747.16,250
2023-10,MDB,130,475896180.42,250
2023-10,MDLZ,131,469051909.7,250
2023-10,MPC,132,466252662.85,250
2023-10,ADP,133,459250670.2,250
2023-10,CSX,134,458192700.32,250
2023-10,RBLX,135,455106805.93,250
2023-10,JD,136,443794795.97,250
2023-10,VRTX,137,438441368.29,250
2023-10,EOG,138,433833162.34,250
2023-10,NXPI,139,432833455.08,250
2023-10,PM,140,432462487.25,250
2023-10,EL,141,431177818.24,250
2023-10,MCHP,142,425070368.23,250
2023-10,AMT,143,419381998.95,250
2023-10,CVNA,144,412354171.01,250
2023-10,TJX,145,411795493.16,250
2023-10,FISV,146,410166278.21,250
2023-10,ALB,147,410148773.81,250
2023-10,ORLY,148,408744603.87,250
2023-10,DDOG,149,408695306.31,250
2023-10,NOC,150,408013378.65,250
2023-11,TSLA,1,27831554770.79,251
2023-11,NVDA,2,15571137666.68,251
2023-11,AAPL,3,10990640320.75,251
2023-11,MSFT,4,8716705259.65,251
2023-11,AMZN,5,7488389655.25,251
2023-11,META,6,6100627179.08,251
2023-11,AMD,7,6052612142.51,251
2023-11,GOOGL,8,3894689638.52,251
2023-11,GOOG,9,3089446194.19,251
2023-11,BRK.A,10,2903430476.22,251
2023-11,AVGO,11,1890974133.01,251
2023-11,BABA,12,1854557536.57,251
2023-11,XOM,13,1847324307.96,251
2023-11,JNJ,14,1845598781.84,251
2023-11,UNH,15,1648017735.87,251
2023-11,JPM,16,1537449784.4,251
2023-11,BAC,17,1439223758.41,251
2023-11,ADBE,18,1397831092.64,251
2023-11,V,19,1394940372.38,251
2023-11,INTC,20,1381242149.55,251
2023-11,CVX,21,1339115101.82,251
2023-11,CRM,22,1294489048.5,251
2023-11,LLY,23,1288106614.83,251
2023-11,DIS,24,1264376624.87,251
2023-11,BA,25,1193114714.29,251
2023-11,HD,26,1153706357.75,251
2023-11,BRK.B,27,1119748205.02,251
2023-11,PYPL,28,1115255208.45,251
2023-11,COST,29,1048740281.74,251
2023-11,TSM,30,1041939159.6,251
2023-11,MU,31,1032333620.76,251
2023-11,QCOM,32,1027181681.1,251
2023-11,CSCO,33,1009256704.25,251
2023-11,MA,34,989664952.81,251
2023-11,PFE,35,970816502.56,251
2023-11,TXN,36,969565224.39,251
2023-11,COIN,37,967719724.14,251
2023-11,PEP,38,952198454.31,251
2023-11,PANW,39,947123360.15,251
2023-11,PG,40,922378767.95,251
2023-11,WMT,41,898957739.67,251
2023-11,ORCL,42,891811125.15,251
2023-11,CMCSA,43,852905197.23,251
2023-11,SCHW,44,849801973.98,251
2023-11,MRK,45,848470359.39,251
2023-11,BKNG,46,845389026.76,251
2023-11,SNOW,47,840704831.94,251
2023-11,TMUS,48,830272426.67,251
2023-11,NKE,49,828601498.03,251
2023-11,AMAT,50,827920612.81,251
2023-11,PDD,51,824444067.47,251
2023-11,ABBV,52,818798339.02,251
2023-11,TMO,53,818448923.76,251
2023-11,VZ,54,817655965.01,251
2023-11,WFC,55,816727886.98,251
2023-11,UBER,56,815359407.01,251
2023-11,KO,57,809209941.72,251
2023-11,GS,58,808450080.08,251
2023-11,C,59,807767152.28,251
2023-11,ENPH,60,796011388.93,251
2023-11,SHOP,61,790918802.17,251
2023-11,XYZ,62,788721931.24,251
2023-11,ABNB,63,786168008.74,251
2023-11,INTU,64,775858401.71,251
2023-11,LRCX,65,757843518.31,251
2023-11,MCD,66,745568925.36,251
2023-11,CAT,67,739076971.26,251
2023-11,F,68,735130050.47,251
2023-11,OXY,69,725608219.41,251
2023-11,ASML,70,714811191.52,251
2023-11,AMGN,71,712565883.01,251
2023-11,DHR,72,702027699.19,251
2023-11,NOW,73,683906956.11,251
2023-11,SBUX,74,682349570.33,251
2023-11,PLTR,75,680045530.22,251
2023-11,RIVN,76,669618531.98,251
2023-11,ADI,77,665336034.01,251
2023-11,T,78,658621036.84,251
2023-11,LULU,79,658073891.08,251
2023-11,COP,80,654398350.42,251
2023-11,ACN,81,653983092.49,251
2023-11,TGT,82,653721922.6,251
2023-11,NEE,83,650140684.98,251
2023-11,MS,84,649028245.41,251
2023-11,CVS,85,645452796.99,251
2023-11,DE,86,632891552.93,251
2023-11,MRVL,87,623616790.15,251
2023-11,BMY,88,623350022.23,251
2023-11,HON,89,620804133.94,251
2023-11,LIN,90,618171774.79,251
2023-11,IBM,91,614097812.07,251
2023-11,MRNA,92,609200194.94,251
2023-11,UNP,93,605672312.26,251
2023-11,MELI,94,605564526.5,251
2023-11,LOW,95,603139792.79,251
2023-11,CRWD,96,603020279.24,251
2023-11,UPS,97,584891677.72,251
2023-11,LMT,98,579040874.94,251
2023-11,ON,99,564553681.17,251
2023-11,GE,100,561861659.34,251
2023-11,ELV,101,549987820.88,251
2023-11,HUM,102,549787055.62,251
2023-11,GILD,103,546577083.29,251
2023-11,ISRG,104,546205271.36,251
2023-11,RTX,105,539521797.66,251
2023-11,NIO,106,537141326.69,251
2023-11,ABT,107,527719590.85,251
2023-11,KLAC,108,518993564.31,251
2023-11,VLO,109,516001478.12,251
2023-11,ROKU,110,515575986.12,251
2023-11,MDT,111,513711856.12,251
2023-11,SLB,112,513652549.05,251
2023-11,AI,113,507845050.59,251
2023-11,GM,114,505441700.97,251
2023-11,DVN,115,502150738.74,251
2023-11,AXP,116,500914755.5,251
2023-11,CMG,117,497255299.68,251
2023-11,DG,118,491466738.38,251
2023-11,BX,119,489478749.6,251
2023-11,USB,120,488795444.59,251
2023-11,CHTR,121,487196677.87,251
2023-11,REGN,122,479260181.87,251
2023-11,SPGI,123,478029852.14,251
2023-11,SMCI,124,472718173.59,251
2023-11,MDB,125,472594878.15,251
2023-11,MPC,126,471137646.95,251
2023-11,FCX,127,470760704.81,251
2023-11,FSLR,128,468687536.95,251
2023-11,MDLZ,129,468465270.32,251
2023-11,CCL,130,467810755.89,251
2023-11,CI,131,462646352.67,251
2023-11,FDX,132,461861555.38,251
2023-11,BLK,133,460707450.77,251
2023-11,ADP,134,448522379.48,251
2023-11,CSX,135,447091080.91,251
2023-11,JD,136,430744155.27,251
2023-11,NXPI,137,430633522.81,251
2023-11,VRTX,138,430164059.43,251
2023-11,PM,139,423423735.56,251
2023-11,MCHP,140,420150349.32,251
2023-11,EL,141,416695004.24,251
2023-11,EOG,142,416663688.23,251
2023-11,ANET,143,414413214.33,251
2023-11,CVNA,144,411874118.58,251
2023-11,TJX,145,411016442.57,251
2023-11,ALB,146,410135784.39,251
2023-11,WDAY,147,408301750.7,251
2023-11,ORLY,148,406751303.75,251
2023-11,RBLX,149,406105996.51,251
2023-11,AMT,150,404967959.06,251
2023-12,TSLA,1,28791779829.8,251
2023-12,NVDA,2,16628702404.59,251
2023-12,AAPL,3,10703035190.17,251
2023-12,MSFT,4,8883839233.03,251
2023-12,AMZN,5,7259423494.88,251
2023-12,AMD,6,6089613578.56,251
2023-12,META,7,6068062925.72,251
2023-12,GOOGL,8,3881642192.45,251
2023-12,BRK.A,9,3146304294.01,251
2023-12,GOOG,10,3056918415.25,251
2023-12,AVGO,11,2006244116.06,251
2023-12,XOM,12,1860492780.36,251
2023-12,JNJ,13,1825707644.2,251
2023-12,BABA,14,1793325375.91,251
2023-12,UNH,15,1600266120.5,251
2023-12,JPM,16,1510617017.79,251
2023-12,BAC,17,1436458260.4,251
2023-12,ADBE,18,1421093401.28,251
2023-12,INTC,19,1409587572.19,251
2023-12,V,20,1392070041.86,251
2023-12,LLY,21,1365386019.11,251
2023-12,CVX,22,1350245221.81,251
2023-12,CRM,23,1300673720.61,251
2023-12,DIS,24,1216810624.36,251
2023-12,BA,25,1183724559.55,251
2023-12,BRK.B,26,1111536912.78,251
2023-12,HD,27,1103519501.93,251
2023-12,PYPL,28,1069317116.73,251
2023-12,COST,29,1031535772.24,251
2023-12,MU,30,1027619204.1,251
2023-12,QCOM,31,1022876611.75,251
2023-12,CSCO,32,1010436911.32,251
2023-12,TSM,33,1005684815.74,251
2023-12,MA,34,994084381.51,251
2023-12,PANW,35,986191557.83,251
2023-12,COIN,36,977100183.67,251
2023-12,PFE,37,961159928.72,251
2023-12,TXN,38,940509615.42,251
2023-12,PEP,39,934931527.98,251
2023-12,PG,40,925764384.14,251
2023-12,WMT,41,922921015.87,251
2023-12,ORCL,42,907165890.23,251
2023-12,UBER,43,869840372.68,251
2023-12,SCHW,44,850325562.85,251
2023-12,SNOW,45,850147433.41,251
2023-12,BKNG,46,845488650.87,251
2023-12,CMCSA,47,836346597.8,251
2023-12,MRK,48,831956773.0,251
2023-12,NKE,49,829846189.72,251
2023-12,PDD,50,829465506.9,251
2023-12,AMAT,51,822103126.87,251
2023-12,TMO,52,817645343.19,251
2023-12,ABBV,53,809711300.92,251
2023-12,VZ,54,809004527.86,251
2023-12,WFC,55,804880009.33,251
2023-12,KO,56,804875456.34,251
2023-12,TMUS,57,800764269.18,251
2023-12,C,58,798420339.79,251
2023-12,SHOP,59,792659913.82,251
2023-12,GS,60,780692629.81,251
2023-12,ABNB,61,780257212.11,251
2023-12,PLTR,62,773934096.99,251
2023-12,XYZ,63,773477563.72,251
2023-12,INTU,64,760584101.99,251
2023-12,CAT,65,738280207.15,251
2023-12,MCD,66,735170001.55,251
2023-12,ENPH,67,732447094.76,251
2023-12,LRCX,68,731191557.02,251
2023-12,F,69,720661121.71,251
2023-12,NOW,70,698655103.88,251
2023-12,RIVN,71,690287871.4,251
2023-12,ASML,72,690070674.87,251
2023-12,SBUX,73,688561631.32,251
2023-12,DHR,74,688144097.09,251
2023-12,AMGN,75,674435935.72,251
2023-12,OXY,76,674407658.92,251
2023-12,NEE,77,660850049.36,251
2023-12,LULU,78,660499317.67,251
2023-12,ACN,79,655839663.84,251
2023-12,MS,80,653943014.11,251
2023-12,ADI,81,652482671.13,251
2023-12,T,82,636381271.05,251
2023-12,CVS,83,631737369.44,251
2023-12,COP,84,628955997.78,251
2023-12,DE,85,623818794.55,251
2023-12,TGT,86,623284469.39,251
2023-12,BMY,87,619640703.89,251
2023-12,MRVL,88,618118176.43,251
2023-12,LIN,89,618048314.07,251
2023-12,IBM,90,606933943.71,251
2023-12,MELI,91,606843097.66,251
2023-12,CRWD,92,597626920.66,251
2023-12,HON,93,595509448.65,251
2023-12,LOW,94,588612861.7,251
2023-12,UPS,95,584709205.14,251
2023-12,UNP,96,578925931.34,251
2023-12,MRNA,97,570458205.42,251
2023-12,RTX,98,570402256.51,251
2023-12,GE,99,566823249.48,251
2023-12,LMT,100,564477571.54,251
2023-12,ON,101,564034153.25,251
2023-12,HUM,102,557167737.53,251
2023-12,ROKU,103,544598653.76,251
2023-12,SMCI,104,540600368.72,251
2023-12,ISRG,105,537363315.23,251
2023-12,ELV,106,533769479.89,251
2023-12,ABT,107,532556485.2,251
2023-12,AI,108,527251639.62,251
2023-12,GILD,109,521468544.33,251
2023-12,GM,110,512736087.62,251
2023-12,KLAC,111,507119251.42,251
2023-12,VLO,112,502276255.13,251
2023-12,NIO,113,500699254.31,251
2023-12,CMG,114,500544536.1,251
2023-12,AXP,115,498501525.95,251
2023-12,MDT,116,497948312.15,251
2023-12,SLB,117,490845731.87,251
2023-12,MDB,118,487270275.43,251
2023-12,DG,119,482276555.25,251
2023-12,USB,120,480393011.26,251
2023-12,BX,121,477367784.79,251
2023-12,CHTR,122,472397015.6,251
2023-12,MPC,123,469912207.81,251
2023-12,MDLZ,124,468824286.71,251
2023-12,SPGI,125,466894674.87,251
2023-12,DVN,126,465607631.46,251
2023-12,REGN,127,464921852.34,251
2023-12,CI,128,457363867.72,251
2023-12,FSLR,129,456526501.94,251
2023-12,FCX,130,454263882.61,251
2023-12,CCL,131,453387305.44,251
2023-12,FDX,132,450177014.74,251
2023-12,BLK,133,443836820.22,251
2023-12,ADP,134,438570136.25,251
2023-12,CSX,135,435706440.32,251
2023-12,NXPI,136,430641183.38,251
2023-12,VRTX,137,426668187.87,251
2023-12,PM,138,425731414.27,251
2023-12,ANET,139,424558776.63,251
2023-12,TJX,140,419638284.04,251
2023-12,DDOG,141,417838238.18,251
2023-12,CVNA,142,415796008.99,251
2023-12,MCHP,143,415763232.05,251
2023-12,WDAY,144,411715769.56,251
2023-12,JD,145,409418507.37,251
2023-12,ALB,146,406791117.17,251
2023-12,EL,147,406163463.94,251
2023-12,AMT,148,405561650.4,251
2023-12,EOG,149,404150684.66,251
2023-12,RBLX,150,401430608.95,251
2024-01,TSLA,1,29429055682.35,250
2024-01,NVDA,2,17497643149.15,250
2024-01,AAPL,3,10536784128.33,250
2024-01,MSFT,4,9003383525.01,250
2024-01,AMZN,5,7241351363.49,250
2024-01,AMD,6,6475397205.6,250
2024-01,META,7,6209272242.22,250
2024-01,GOOGL,8,3972660924.18,250
2024-01,BRK.A,9,3398710103.86,250
2024-01,GOOG,10,3116653107.75,250
2024-01,AVGO,11,2262982535.84,250
2024-01,XOM,12,1890433250.53,250
2024-01,JNJ,13,1832473544.98,250
2024-01,BABA,14,1767487671.72,250
2024-01,UNH,15,1624525927.5,250
2024-01,JPM,16,1530483025.43,250
2024-01,ADBE,17,1495281747.68,250
2024-01,INTC,18,1469072573.52,250
2024-01,BAC,19,1436387420.42,250
2024-01,LLY,20,1425875326.7,250
2024-01,V,21,1396255033.71,250
2024-01,CVX,22,1376086054.69,250
2024-01,CRM,23,1296738394.71,250
2024-01,BA,24,1204990913.23,250
2024-01,DIS,25,1193979978.43,250
2024-01,HD,26,1124018278.93,250
2024-01,BRK.B,27,1119700537.04,250
2024-01,COIN,28,1117107827.21,250
2024-01,UBER,29,1062491765.51,250
2024-01,COST,30,1057172102.46,250
2024-01,PYPL,31,1050643105.45,250
2024-01,MU,32,1049026400.54,250
2024-01,PANW,33,1032761008.89,250
2024-01,QCOM,34,1027697605.64,250
2024-01,MA,35,1011817530.73,250
2024-01,PFE,36,1008491894.21,250
2024-01,CSCO,37,1001960010.42,250
2024-01,TSM,38,997963034.71,250
2024-01,ORCL,39,969091813.01,250
2024-01,WMT,40,963605673.11,250
2024-01,PG,41,933393944.72,250
2024-01,TXN,42,931539296.16,250
2024-01,PEP,43,921580508.49,250
2024-01,SCHW,44,867761138.56,250
2024-01,SNOW,45,864932090.86,250
2024-01,BKNG,46,859479916.58,250
2024-01,NKE,47,846947160.21,250
2024-01,PLTR,48,839442915.79,250
2024-01,PDD,49,838784734.22,250
2024-01,TMO,50,829832166.98,250
2024-01,MRK,51,828937781.92,250
2024-01,AMAT,52,823216344.6,250
2024-01,KO,53,819259259.9,250
2024-01,CMCSA,54,818646506.21,250
2024-01,ABBV,55,812969783.68,250
2024-01,WFC,56,811226589.86,250
2024-01,C,57,810377471.92,250
2024-01,ABNB,58,795782443.22,250
2024-01,VZ,59,790622333.25,250
2024-01,SHOP,60,789617007.2,250
2024-01,GS,61,788162326.48,250
2024-01,TMUS,62,786771662.36,250
2024-01,XYZ,63,785755465.62,250
2024-01,INTU,64,766567467.91,250
2024-01,CAT,65,757029997.51,250
2024-01,MCD,66,749279129.22,250
2024-01,LRCX,67,737338263.37,250
2024-01,NOW,68,719068851.52,250
2024-01,RIVN,69,718904499.99,250
2024-01,F,70,715447218.21,250
2024-01,ENPH,71,703475504.45,250
2024-01,DHR,72,695012352.1,250
2024-01,SBUX,73,692789113.89,250
2024-01,ASML,74,687516583.25,250
2024-01,NEE,75,678775012.87,250
2024-01,LULU,76,673354194.07,250
2024-01,OXY,77,669187711.05,250
2024-01,ACN,78,662576302.93,250
2024-01,MS,79,662233068.42,250
2024-01,AMGN,80,655473892.81,250
2024-01,ADI,81,650771568.78,250
2024-01,LIN,82,646437213.62,250
2024-01,CVS,83,643919127.72,250
2024-01,COP,84,639462937.23,250
2024-01,DE,85,635886405.71,250
2024-01,T,86,630943360.29,250
2024-01,BMY,87,629585876.19,250
2024-01,MRVL,88,619636393.87,250
2024-01,IBM,89,616359429.51,250
2024-01,TGT,90,615922083.01,250
2024-01,MELI,91,611879028.71,250
2024-01,CRWD,92,605766264.91,250
2024-01,SMCI,93,601765719.44,250
2024-01,LOW,94,597199842.68,250
2024-01,RTX,95,587562963.96,250
2024-01,HON,96,586684067.2,250
2024-01,UNP,97,585341541.53,250
2024-01,UPS,98,582083749.59,250
2024-01,HUM,99,580682961.78,250
2024-01,GE,100,571781197.5,250
2024-01,ON,101,567473294.43,250
2024-01,ROKU,102,563996288.61,250
2024-01,LMT,103,560377498.13,250
2024-01,AI,104,555340904.31,250
2024-01,ELV,105,537552736.38,250
2024-01,ABT,106,536574437.19,250
2024-01,GM,107,535470174.92,250
2024-01,ISRG,108,529693701.76,250
2024-01,MDB,109,520535540.44,250
2024-01,AXP,110,515398864.95,250
2024-01,NIO,111,504020113.14,250
2024-01,CMG,112,501073208.57,250
2024-01,GILD,113,498580720.86,250
2024-01,VLO,114,496866545.06,250
2024-01,KLAC,115,494709960.31,250
2024-01,SLB,116,489726425.19,250
2024-01,MDT,117,488130416.48,250
2024-01,MRNA,118,486241887.09,250
2024-01,FDX,119,484256726.68,250
2024-01,USB,120,481580773.61,250
2024-01,CI,121,478887955.22,250
2024-01,MARA,122,474258304.46,250
2024-01,BX,123,471891841.28,250
2024-01,DG,124,471611865.57,250
2024-01,MPC,125,470741105.32,250
2024-01,CCL,126,468176564.89,250
2024-01,REGN,127,465397462.3,250
2024-01,MDLZ,128,463865937.79,250
2024-01,SPGI,129,463606564.47,250
2024-01,FCX,130,460349986.41,250
2024-01,DVN,131,455594462.86,250
2024-01,CVNA,132,453925772.29,250
2024-01,CHTR,133,451108815.92,250
2024-01,BLK,134,447710220.95,250
2024-01,FSLR,135,439992079.78,250
2024-01,VRTX,136,438267708.45,250
2024-01,ANET,137,436576182.81,250
2024-01,NXPI,138,435383535.11,250
2024-01,ADP,139,431015542.34,250
2024-01,CSX,140,430160895.04,250
2024-01,TJX,141,424279003.18,250
2024-01,DDOG,142,421217683.05,250
2024-01,WDAY,143,420714866.36,250
2024-01,MCHP,144,416784933.28,250
2024-01,ALB,145,415681408.57,250
2024-01,PM,146,413827193.51,250
2024-01,NEM,147,413470252.22,250
2024-01,AMT,148,410507597.97,250
2024-01,JD,149,405299118.08,250
2024-01,EL,150,404575587.32,250
2024-02,TSLA,1,29165338836.31,251
2024-02,NVDA,2,18917243433.07,251
2024-02,AAPL,3,10525234103.41,251
2024-02,MSFT,4,9084777600.13,251
2024-02,AMD,5,7399067828.7,251
2024-02,AMZN,6,7177593541.55,251
2024-02,META,7,6380827724.29,251
2024-02,GOOGL,8,4011322904.57,251
2024-02,BRK.A,9,3677800242.05,251
2024-02,GOOG,10,3131690670.6,251
2024-02,AVGO,11,2399176859.97,251
2024-02,XOM,12,1900841277.88,251
2024-02,JNJ,13,1804506855.64,251
2024-02,BABA,14,1709212409.15,251
2024-02,UNH,15,1658944137.44,251
2024-02,JPM,16,1566407931.45,251
2024-02,ADBE,17,1542866033.37,251
2024-02,INTC,18,1539805670.1,251
2024-02,LLY,19,1504212029.45,251
2024-02,BAC,20,1443456007.28,251
2024-02,V,21,1405934707.21,251
2024-02,CVX,22,1356738544.17,251
2024-02,BA,23,1351074899.24,251
2024-02,CRM,24,1295316420.08,251
2024-02,COIN,25,1220038619.61,251
2024-02,DIS,26,1191419633.44,251
2024-02,BRK.B,27,1140282626.91,251
2024-02,HD,28,1130933865.03,251
2024-02,UBER,29,1130246473.12,251
2024-02,COST,30,1081589001.29,251
2024-02,MU,31,1067634269.52,251
2024-02,PYPL,32,1066743840.85,251
2024-02,PANW,33,1059419138.38,251
2024-02,QCOM,34,1037412714.24,251
2024-02,TSM,35,1019371961.89,251
2024-02,PFE,36,1017552137.13,251
2024-02,MA,37,1004401654.05,251
2024-02,CSCO,38,999826893.67,251
2024-02,ORCL,39,991936764.34,251
2024-02,WMT,40,980732923.69,251
2024-02,PG,41,951606091.07,251
2024-02,TXN,42,927043111.69,251
2024-02,PEP,43,915169107.99,251
2024-02,SNOW,44,882569864.19,251
2024-02,PLTR,45,877618648.38,251
2024-02,PDD,46,867182983.34,251
2024-02,SMCI,47,865106161.16,251
2024-02,BKNG,48,863820189.62,251
2024-02,NKE,49,853106372.87,251
2024-02,SCHW,50,848089309.66,251
2024-02,AMAT,51,847706760.37,251
2024-02,TMO,52,838503520.23,251
2024-02,MRK,53,830930343.71,251
2024-02,C,54,825985393.99,251
2024-02,KO,55,822358876.27,251
2024-02,WFC,56,813799401.91,251
2024-02,ABBV,57,809368030.81,251
2024-02,CMCSA,58,803470008.83,251
2024-02,ABNB,59,797495790.99,251
2024-02,VZ,60,793183403.8,251
2024-02,TMUS,61,781354986.07,251
2024-02,SHOP,62,774768068.73,251
2024-02,INTU,63,772241504.71,251
2024-02,XYZ,64,765962919.37,251
2024-02,GS,65,763489270.48,251
2024-02,MCD,66,763225301.53,251
2024-02,LRCX,67,753462080.81,251
2024-02,CAT,68,746982732.59,251
2024-02,NOW,69,726440236.01,251
2024-02,ASML,70,723255180.8,251
2024-02,RIVN,71,717222436.0,251
2024-02,F,72,708068113.76,251
2024-02,SBUX,73,701835568.92,251
2024-02,DHR,74,693890812.75,251
2024-02,NEE,75,671917462.06,251
2024-02,ACN,76,671673541.27,251
2024-02,MS,77,668457059.49,251
2024-02,LULU,78,666047957.18,251
2024-02,AMGN,79,660452399.41,251
2024-02,CVS,80,658563307.09,251
2024-02,OXY,81,657490117.03,251
2024-02,ENPH,82,650162286.6,251
2024-02,MRVL,83,649671632.41,251
2024-02,ADI,84,648073225.74,251
2024-02,IBM,85,646551237.39,251
2024-02,BMY,86,644345761.53,251
2024-02,COP,87,640335925.09,251
2024-02,LIN,88,639217528.63,251
2024-02,CRWD,89,636304198.73,251
2024-02,HUM,90,631627842.14,251
2024-02,T,91,630827993.59,251
2024-02,DE,92,626083126.03,251
2024-02,MARA,93,616019194.99,251
2024-02,TGT,94,611710975.58,251
2024-02,RTX,95,607353221.49,251
2024-02,MELI,96,603277322.64,251
2024-02,UPS,97,596879188.06,251
2024-02,LOW,98,593733202.03,251
2024-02,UNP,99,587154855.93,251
2024-02,ON,100,584358279.98,251
2024-02,HON,101,577380032.25,251
2024-02,ROKU,102,569786532.69,251
2024-02,GE,103,565908073.81,251
2024-02,AI,104,557879548.22,251
2024-02,GM,105,545909663.0,251
2024-02,ISRG,106,541458818.12,251
2024-02,LMT,107,539900749.67,251
2024-02,ABT,108,539390486.26,251
2024-02,ELV,109,538658144.58,251
2024-02,MDB,110,533592750.78,251
2024-02,AXP,111,520081189.98,251
2024-02,SLB,112,506804083.59,251
2024-02,FDX,113,503791188.14,251
2024-02,CMG,114,503465839.82,251
2024-02,GILD,115,498310469.35,251
2024-02,NIO,116,496128004.06,251
2024-02,KLAC,117,494393584.83,251
2024-02,VLO,118,490221099.9,251
2024-02,MDT,119,486159758.76,251
2024-02,CCL,120,480068988.54,251
2024-02,CI,121,480031387.89,251
2024-02,USB,122,477036857.69,251
2024-02,BX,123,475826669.93,251
2024-02,MPC,124,475465819.97,251
2024-02,MDLZ,125,467706415.75,251
2024-02,REGN,126,466621932.61,251
2024-02,MRNA,127,465829600.04,251
2024-02,SPGI,128,459425678.78,251
2024-02,DG,129,455674276.86,251
2024-02,CVNA,130,453513694.24,251
2024-02,FCX,131,453504667.99,251
2024-02,ANET,132,450632817.23,251
2024-02,VRTX,133,449086630.25,251
2024-02,DVN,134,448054646.71,251
2024-02,SNPS,135,447599033.11,251
2024-02,BLK,136,445391619.58,251
2024-02,NXPI,137,438846201.11,251
2024-02,CHTR,138,438116649.87,251
2024-02,DDOG,139,437901002.27,251
2024-02,FSLR,140,427699681.53,251
2024-02,CSX,141,424231372.44,251
2024-02,MCHP,142,423279842.75,251
2024-02,TJX,143,422922517.46,251
2024-02,WDAY,144,420652128.88,251
2024-02,ADP,145,416906528.34,251
2024-02,NEM,146,415041200.32,251
2024-02,AMT,147,412384689.44,251
2024-02,PM,148,411834774.99,251
2024-02,BSX,149,411816709.07,251
2024-02,ALB,150,411508730.23,251
2024-03,TSLA,1,27687574343.01,252
2024-03,NVDA,2,21085631700.14,252
2024-03,AAPL,3,10469059241.15,252
2024-03,MSFT,4,9062175193.39,252
2024-03,AMD,5,7861703601.07,252
2024-03,AMZN,6,7269889711.47,252
2024-03,META,7,6642144917.31,252
2024-03,BRK.A,8,4125326312.46,252
2024-03,GOOGL,9,3966390799.5,252
2024-03,GOOG,10,3076642260.76,252
2024-03,AVGO,11,2524104291.09,252
2024-03,XOM,12,1901009649.38,252
2024-03,SMCI,13,1868508410.03,252
2024-03,JNJ,14,1791911643.76,252
2024-03,UNH,15,1661580350.79,252
2024-03,BABA,16,1660723536.21,252
2024-03,LLY,17,1634456873.98,252
2024-03,ADBE,18,1606578034.67,252
2024-03,JPM,19,1574957172.68,252
2024-03,INTC,20,1566146399.61,252
2024-03,BAC,21,1450804956.28,252
2024-03,V,22,1427908958.0,252
2024-03,BA,23,1364552576.23,252
2024-03,CVX,24,1340622081.19,252
2024-03,CRM,25,1333181354.89,252
2024-03,COIN,26,1295247036.36,252
2024-03,PANW,27,1209276232.39,252
2024-03,DIS,28,1203662093.47,252
2024-03,UBER,29,1179792254.83,252
2024-03,BRK.B,30,1172007272.18,252
2024-03,HD,31,1123359279.55,252
2024-03,COST,32,1110541084.74,252
2024-03,MU,33,1097608957.77,252
2024-03,QCOM,34,1058513599.57,252
2024-03,PYPL,35,1053320103.64,252
2024-03,TSM,36,1053203327.58,252
2024-03,PLTR,37,1032766202.27,252
2024-03,PFE,38,1026990980.82,252
2024-03,WMT,39,1026660752.71,252
2024-03,MA,40,1025260719.9,252
2024-03,ORCL,41,1011360001.64,252
2024-03,CSCO,42,991120843.18,252
2024-03,PG,43,958557521.7,252
2024-03,SNOW,44,952463353.21,252
2024-03,PEP,45,914604206.11,252
2024-03,TXN,46,897568250.28,252
2024-03,BKNG,47,888501178.54,252
2024-03,AMAT,48,887276554.35,252
2024-03,PDD,49,866678324.8,252
2024-03,NKE,50,865209335.72,252
2024-03,SCHW,51,838130150.27,252
2024-03,TMO,52,836860466.56,252
2024-03,WFC,53,832147151.59,252
2024-03,MRK,54,830914439.65,252
2024-03,C,55,829452746.08,252
2024-03,KO,56,823749784.8,252
2024-03,CMCSA,57,811679125.96,252
2024-03,ABBV,58,808469053.19,252
2024-03,VZ,59,796939768.26,252
2024-03,ABNB,60,782445507.77,252
2024-03,MCD,61,779998631.5,252
2024-03,INTU,62,779576703.25,252
2024-03,SHOP,63,776539099.22,252
2024-03,LRCX,64,767172316.14,252
2024-03,TMUS,65,766677175.31,252
2024-03,GS,66,765055986.9,252
2024-03,MARA,67,761009013.72,252
2024-03,XYZ,68,760816054.11,252
2024-03,CAT,69,752227380.32,252
2024-03,ASML,70,745671767.58,252
2024-03,NOW,71,745392079.18,252
2024-03,RIVN,72,732516400.28,252
2024-03,SBUX,73,705104011.24,252
2024-03,F,74,692603205.99,252
2024-03,DHR,75,688919514.71,252
2024-03,AMGN,76,687561192.73,252
2024-03,ACN,77,686276582.87,252
2024-03,CRWD,78,678714463.25,252
2024-03,LULU,79,674302879.95,252
2024-03,MRVL,80,673897832.62,252
2024-03,IBM,81,668452280.93,252
2024-03,MS,82,667236979.01,252
2024-03,NEE,83,661274629.95,252
2024-03,CVS,84,660720749.65,252
2024-03,BMY,85,654744883.62,252
2024-03,ADI,86,638550541.52,252
2024-03,OXY,87,636219108.46,252
2024-03,T,88,634440366.37,252
2024-03,HUM,89,633612196.21,252
2024-03,DE,90,629111479.71,252
2024-03,COP,91,623642756.06,252
2024-03,RTX,92,620131989.34,252
2024-03,ENPH,93,615799925.81,252
2024-03,MELI,94,611152179.75,252
2024-03,TGT,95,605685185.87,252
2024-03,LIN,96,605370724.48,252
2024-03,UPS,97,601153626.32,252
2024-03,LOW,98,595498897.27,252
2024-03,GE,99,592762695.7,252
2024-03,ROKU,100,571540554.64,252
2024-03,UNP,101,569677712.84,252
2024-03,ON,102,566766858.48,252
2024-03,HON,103,566418035.25,252
2024-03,MDB,104,551890293.84,252
2024-03,ISRG,105,548842388.77,252
2024-03,ABT,106,548388256.61,252
2024-03,GM,107,545710745.36,252
2024-03,ELV,108,534193788.75,252
2024-03,LMT,109,533217605.72,252
2024-03,AXP,110,532981890.79,252
2024-03,AI,111,522007447.56,252
2024-03,CMG,112,511781732.57,252
2024-03,SLB,113,511757665.4,252
2024-03,FDX,114,509066026.85,252
2024-03,KVUE,115,508660267.55,207
2024-03,KLAC,116,501820226.91,252
2024-03,GILD,117,491348250.5,252
2024-03,VLO,118,491132024.35,252
2024-03,MDT,119,489944583.4,252
2024-03,ANET,120,486987806.15,252
2024-03,CI,121,485300920.98,252
2024-03,CCL,122,484500980.54,252
2024-03,USB,123,483996533.2,252
2024-03,NIO,124,482705615.87,252
2024-03,BX,125,480634691.05,252
2024-03,SPGI,126,477535627.73,252
2024-03,MDLZ,127,475563893.55,252
2024-03,MPC,128,473074242.31,252
2024-03,SNPS,129,470816987.6,252
2024-03,CVNA,130,463985013.04,252
2024-03,VRTX,131,462568939.73,252
2024-03,REGN,132,461945421.25,252
2024-03,CHTR,133,461626816.0,252
2024-03,DDOG,134,453552365.72,252
2024-03,FCX,135,452783926.79,252
2024-03,NXPI,136,446823454.76,252
2024-03,MRNA,137,445935510.61,252
2024-03,DG,138,444543486.79,252
2024-03,MSTR,139,443785826.6,252
2024-03,BLK,140,441065234.61,252
2024-03,FSLR,141,433679140.71,252
2024-03,WDAY,142,431776658.94,252
2024-03,TJX,143,426654414.47,252
2024-03,CSX,144,422641207.97,252
2024-03,MCHP,145,421729696.26,252
2024-03,NEM,146,420556759.54,252
2024-03,PM,147,417954321.12,252
2024-03,DVN,148,417917444.22,252
2024-03,AMT,149,416905705.24,252
2024-03,BSX,150,416617145.88,252
2024-04,TSLA,1,26823713431.43,249
2024-04,NVDA,2,24502793579.94,249
2024-04,AAPL,3,10528861687.53,249
2024-04,MSFT,4,8976646163.79,249
2024-04,AMD,5,8514581765.82,249
2024-04,AMZN,6,7283547741.41,249
2024-04,META,7,6707412516.9,249
2024-04,BRK.A,8,4655513224.37,249
2024-04,GOOGL,9,4020273475.25,249
2024-04,GOOG,10,3083163204.34,249
2024-04,AVGO,11,2811654933.65,249
2024-04,SMCI,12,2657823023.64,249
2024-04,XOM,13,1905567887.83,249
2024-04,JNJ,14,1788637409.78,249
2024-04,LLY,15,1730585149.01,249
2024-04,UNH,16,1705040421.12,249
2024-04,ADBE,17,1703788739.12,249
2024-04,INTC,18,1597615102.01,249
2024-04,BABA,19,1517534698.27,249
2024-04,JPM,20,1481380975.55,249
2024-04,COIN,21,1480913562.32,249
2024-04,V,22,1436561548.27,249
2024-04,BA,23,1408937406.04,249
2024-04,BAC,24,1347087045.29,249
2024-04,CVX,25,1333877032.13,249
2024-04,CRM,26,1327552203.52,249
2024-04,PANW,27,1280455031.39,249
2024-04,DIS,28,1243471296.47,249
2024-04,MU,29,1241867050.89,249
2024-04,UBER,30,1223285246.57,249
2024-04,TSM,31,1196669809.27,249
2024-04,BRK.B,32,1172173027.43,249
2024-04,COST,33,1164980053.55,249
2024-04,PLTR,34,1150728856.03,249
2024-04,HD,35,1117977852.96,249
2024-04,QCOM,36,1092413504.69,249
2024-04,ORCL,37,1077701611.21,249
2024-04,PFE,38,1060938975.97,249
2024-04,PYPL,39,1048008604.13,249
2024-04,MA,40,1027771059.99,249
2024-04,WMT,41,1023240462.21,249
2024-04,SNOW,42,996243158.79,249
2024-04,CSCO,43,983277982.16,249
2024-04,PG,44,956356553.44,249
2024-04,PEP,45,920597484.08,249
2024-04,AMAT,46,901233901.44,249
2024-04,PDD,47,895203879.9,249
2024-04,NKE,48,889358880.88,249
2024-04,BKNG,49,889039699.24,249
2024-04,MSTR,50,888296722.84,249
2024-04,TXN,51,885336362.97,249
2024-04,MARA,52,867066417.31,249
2024-04,MRK,53,861028445.76,249
2024-04,TMO,54,854368094.44,249
2024-04,KO,55,822034821.04,249
2024-04,CMCSA,56,816909473.33,249
2024-04,ABBV,57,815886320.58,249
2024-04,WFC,58,814621765.59,249
2024-04,C,59,804527012.64,249
2024-04,MCD,60,796249142.85,249
2024-04,VZ,61,794460685.51,249
2024-04,ABNB,62,792483052.01,249
2024-04,LRCX,63,788848554.81,249
2024-04,ASML,64,780074924.69,249
2024-04,INTU,65,775630625.47,249
2024-04,NOW,66,773526277.28,249
2024-04,SHOP,67,764999535.42,249
2024-04,TMUS,68,755397892.88,249
2024-04,GS,69,754261392.91,249
2024-04,CAT,70,750597380.49,249
2024-04,CRWD,71,746953045.51,249
2024-04,MRVL,72,729450628.63,249
2024-04,RIVN,73,728517163.08,249
2024-04,SBUX,74,708832151.99,249
2024-04,ACN,75,706009781.86,249
2024-04,BMY,76,699587419.93,249
2024-04,DHR,77,696334262.71,249
2024-04,XYZ,78,693464835.1,249
2024-04,AMGN,79,693305129.92,249
2024-04,LIN,80,691210068.69,249
2024-04,LULU,81,690270839.45,249
2024-04,IBM,82,684109529.45,249
2024-04,NEE,83,679252960.04,249
2024-04,MS,84,673773661.71,249
2024-04,F,85,665755419.64,249
2024-04,CVS,86,663707839.54,249
2024-04,SCHW,87,656877600.36,249
2024-04,RTX,88,651921408.56,249
2024-04,T,89,642159301.48,249
2024-04,HUM,90,639116430.07,249
2024-04,TGT,91,633186414.95,249
2024-04,ADI,92,630148519.61,249
2024-04,GE,93,628987794.67,249
2024-04,DE,94,625082920.67,249
2024-04,COP,95,622848731.08,249
2024-04,MELI,96,607364440.33,249
2024-04,UPS,97,605147307.08,249
2024-04,LOW,98,590004002.69,249
2024-04,OXY,99,588318947.67,249
2024-04,ENPH,100,582336396.0,249
2024-04,MDB,101,570236451.09,249
2024-04,GM,102,567253199.79,249
2024-04,ISRG,103,565200405.69,249
2024-04,ABT,104,564107767.6,249
2024-04,ON,105,555374516.75,249
2024-04,HON,106,553650284.87,249
2024-04,UNP,107,549690190.95,249
2024-04,ROKU,108,549360761.58,249
2024-04,CMG,109,539412822.91,249
2024-04,ELV,110,527097691.88,249
2024-04,AXP,111,525293673.17,249
2024-04,FDX,112,516103493.68,249
2024-04,LMT,113,515810980.5,249
2024-04,KLAC,114,514656157.86,249
2024-04,ANET,115,514362471.69,249
2024-04,SLB,116,505372941.84,249
2024-04,CCL,117,497030085.37,249
2024-04,KVUE,118,496958489.89,227
2024-04,AI,119,495334641.42,249
2024-04,CVNA,120,494287845.26,249
2024-04,MDT,121,493839969.66,249
2024-04,SNPS,122,491238280.19,249
2024-04,GILD,123,490107831.24,249
2024-04,CI,124,485387553.23,249
2024-04,SPGI,125,483826152.55,249
2024-04,VLO,126,482508424.45,249
2024-04,BX,127,477958051.58,249
2024-04,MDLZ,128,477063946.51,249
2024-04,NIO,129,475828358.33,249
2024-04,MPC,130,471647215.34,249
2024-04,VRTX,131,466413309.24,249
2024-04,NXPI,132,463595039.22,249
2024-04,CHTR,133,462478706.68,249
2024-04,FCX,134,457903727.12,249
2024-04,DDOG,135,453239527.92,249
2024-04,WDAY,136,452363201.28,249
2024-04,USB,137,445929705.07,249
2024-04,REGN,138,445253633.97,249
2024-04,DG,139,443941893.34,249
2024-04,TJX,140,441549792.65,249
2024-04,BLK,141,439613676.06,249
2024-04,MRNA,142,436966387.32,249
2024-04,NEM,143,432382717.59,249
2024-04,ETN,144,427933500.31,249
2024-04,AAL,145,425062608.52,249
2024-04,MCHP,146,424089011.88,249
2024-04,PM,147,421807394.47,249
2024-04,ALB,148,418155047.75,249
2024-04,AMT,149,417990535.43,249
2024-04,BSX,150,417773385.27,249
2024-05,NVDA,1,26785389309.81,252
2024-05,TSLA,2,26385506146.97,252
2024-05,AAPL,3,10550174373.73,252
2024-05,MSFT,4,8903383920.31,252
2024-05,AMD,5,8886704376.95,252
2024-05,AMZN,6,7318826560.41,252
2024-05,META,7,7052652361.9,252
2024-05,BRK.A,8,5166303474.05,252
2024-05,GOOGL,9,4110616438.74,252
2024-05,GOOG,10,3147426015.65,252
2024-05,SMCI,11,3081173104.64,252
2024-05,AVGO,12,2960955562.33,252
2024-05,XOM,13,1931160026.08,252
2024-05,LLY,14,1798762049.43,252
2024-05,UNH,15,1777991910.37,252
2024-05,JNJ,16,1776631472.35,252
2024-05,ADBE,17,1740814037.35,252
2024-05,INTC,18,1660470820.53,252
2024-05,COIN,19,1573201831.37,252
2024-05,JPM,20,1502682356.04,252
2024-05,V,21,1470855407.38,252
2024-05,BABA,22,1427001866.24,252
2024-05,BA,23,1418557128.42,252
2024-05,MU,24,1389567510.68,252
2024-05,CRM,25,1372325553.82,252
2024-05,BAC,26,1343825894.59,252
2024-05,CVX,27,1336203247.48,252
2024-05,PANW,28,1311838622.3,252
2024-05,TSM,29,1304368880.79,252
2024-05,UBER,30,1279414041.3,252
2024-05,DIS,31,1259868019.68,252
2024-05,BRK.B,32,1191813897.37,252
2024-05,PLTR,33,1187151490.69,252
2024-05,COST,34,1185903279.19,252
2024-05,HD,35,1146548293.59,252
2024-05,QCOM,36,1124539571.55,252
2024-05,ORCL,37,1080352961.57,252
2024-05,PFE,38,1069948329.28,252
2024-05,MSTR,39,1058063893.07,252
2024-05,PYPL,40,1043131949.78,252
2024-05,MA,41,1040635413.87,252
2024-05,WMT,42,1023364140.74,252
2024-05,SNOW,43,987986274.6,252
2024-05,PG,44,972129582.82,252
2024-05,CSCO,45,968438936.18,252
2024-05,PEP,46,933691753.35,252
2024-05,PDD,47,924023084.96,252
2024-05,AMAT,48,915998215.42,252
2024-05,NKE,49,911676244.71,252
2024-05,TXN,50,892940419.86,252
2024-05,MARA,51,891817550.78,252
2024-05,BKNG,52,885243437.19,252
2024-05,MRK,53,873133730.58,252
2024-05,TMO,54,852807736.88,252
2024-05,KO,55,830308829.62,252
2024-05,WFC,56,829714330.87,252
2024-05,CMCSA,57,828023014.95,252
2024-05,ABBV,58,824552687.97,252
2024-05,C,59,818228374.59,252
2024-05,MCD,60,815336371.18,252
2024-05,ASML,61,814702404.64,252
2024-05,LRCX,62,806906338.31,252
2024-05,VZ,63,798203241.99,252
2024-05,INTU,64,785473523.44,252
2024-05,ABNB,65,779284038.51,252
2024-05,GS,66,778516110.46,252
2024-05,NOW,67,777991712.91,252
2024-05,CAT,68,769474598.96,252
2024-05,SHOP,69,762894692.56,252
2024-05,MRVL,70,757861205.3,252
2024-05,CRWD,71,756705332.24,252
2024-05,TMUS,72,741513492.66,252
2024-05,ACN,73,733576577.7,252
2024-05,RIVN,74,728125778.82,252
2024-05,SBUX,75,717076963.28,252
2024-05,BMY,76,711136408.9,252
2024-05,LULU,77,706319679.13,252
2024-05,IBM,78,703234474.05,252
2024-05,LIN,79,702881635.54,252
2024-05,GE,80,699036599.53,252
2024-05,NEE,81,696380894.34,252
2024-05,AMGN,82,695294408.66,252
2024-05,DHR,83,684858809.1,252
2024-05,RTX,84,684546529.74,252
2024-05,MS,85,681178832.85,252
2024-05,XYZ,86,671251600.66,252
2024-05,F,87,666792521.61,252
2024-05,CVS,88,662437319.02,252
2024-05,HUM,89,645580868.15,252
2024-05,T,90,636833511.53,252
2024-05,TGT,91,635941079.02,252
2024-05,ADI,92,633696455.88,252
2024-05,COP,93,615127784.09,252
2024-05,DE,94,611959568.77,252
2024-05,MELI,95,611071521.37,252
2024-05,UPS,96,598300929.69,252
2024-05,SCHW,97,598275788.56,252
2024-05,LOW,98,587102943.27,252
2024-05,OXY,99,580828798.06,252
2024-05,GM,100,578310019.23,252
2024-05,MDB,101,575724149.29,252
2024-05,ISRG,102,565073265.03,252
2024-05,ABT,103,560267129.34,252
2024-05,ON,104,560112179.58,252
2024-05,CMG,105,553763644.0,252
2024-05,HON,106,550679151.23,252
2024-05,UNP,107,546986242.67,252
2024-05,AXP,108,546188419.63,252
2024-05,ENPH,109,542277834.63,252
2024-05,ANET,110,538614879.27,252
2024-05,ELV,111,528130723.09,252
2024-05,ROKU,112,526961771.68,252
2024-05,KLAC,113,526505032.11,252
2024-05,SLB,114,511396646.36,252
2024-05,SNPS,115,509655936.07,252
2024-05,LMT,116,509537877.44,252
2024-05,FDX,117,509114753.37,252
2024-05,CVNA,118,507271383.03,252
2024-05,CCL,119,506449489.77,252
2024-05,SPGI,120,501458806.06,252
2024-05,MDLZ,121,495577594.92,252
2024-05,FCX,122,489786061.25,252
2024-05,MDT,123,489441105.35,252
2024-05,GILD,124,488600625.54,252
2024-05,CI,125,484374218.87,252
2024-05,BX,126,478831799.56,252
2024-05,KVUE,127,478569032.21,249
2024-05,NXPI,128,478014220.04,252
2024-05,MPC,129,475216901.36,252
2024-05,VLO,130,473569865.66,252
2024-05,ETN,131,472467382.18,252
2024-05,VRTX,132,465709809.13,252
2024-05,NIO,133,459375319.86,252
2024-05,DDOG,134,457628611.62,252
2024-05,WDAY,135,455877056.55,252
2024-05,CHTR,136,455549455.51,252
2024-05,TJX,137,454396576.39,252
2024-05,AI,138,452961248.27,252
2024-05,BLK,139,452540592.4,252
2024-05,DELL,140,447768185.02,252
2024-05,NEM,141,446175583.39,252
2024-05,REGN,142,445361031.39,252
2024-05,PM,143,442601152.15,252
2024-05,DG,144,438332286.8,252
2024-05,MCHP,145,430786067.93,252
2024-05,AAL,146,430722962.01,252
2024-05,AMT,147,426014272.23,252
2024-05,NVO,148,424344132.34,252
2024-05,USB,149,423264435.51,252
2024-05,CSX,150,417856160.48,252
2024-06,NVDA,1,28972298940.54,252
2024-06,TSLA,2,25660920941.51,252
2024-06,AAPL,3,10607105435.11,252
2024-06,AMD,4,8861634604.13,252
2024-06,MSFT,5,8763412501.53,252
2024-06,AMZN,6,7295636958.96,252
2024-06,META,7,7080226547.25,252
2024-06,BRK.A,8,5639013026.05,252
2024-06,GOOGL,9,4070807211.28,252
2024-06,SMCI,10,3486895503.47,252
2024-06,GOOG,11,3105984405.48,252
2024-06,AVGO,12,3029802528.68,252
2024-06,XOM,13,1982901617.79,252
2024-06,LLY,14,1853116661.99,252
2024-06,UNH,15,1819092671.67,252
2024-06,JNJ,16,1796718011.51,252
2024-06,ADBE,17,1725941596.29,252
2024-06,COIN,18,1688443265.37,252
2024-06,INTC,19,1661896644.42,252
2024-06,V,20,1543116724.53,252
2024-06,JPM,21,1528553098.91,252
2024-06,CRM,22,1459571638.49,252
2024-06,BA,23,1438604281.6,252
2024-06,MU,24,1437760119.23,252
2024-06,BABA,25,1429739066.8,252
2024-06,TSM,26,1353013983.41,252
2024-06,BAC,27,1338275414.13,252
2024-06,PANW,28,1332927616.9,252
2024-06,CVX,29,1330412264.46,252
2024-06,UBER,30,1305923623.36,252
2024-06,DIS,31,1249989064.58,252
2024-06,COST,32,1218397676.34,252
2024-06,BRK.B,33,1212785297.6,252
2024-06,MSTR,34,1201833649.57,252
2024-06,QCOM,35,1200514289.53,252
2024-06,PLTR,36,1192208245.97,252
2024-06,HD,37,1121478280.27,252
2024-06,ORCL,38,1079613369.67,252
2024-06,PFE,39,1074125971.23,252
2024-06,WMT,40,1042718711.42,252
2024-06,MA,41,1042049200.42,252
2024-06,PDD,42,1014503658.99,252
2024-06,PG,43,973771725.4,252
2024-06,PYPL,44,971440954.55,252
2024-06,SNOW,45,965529960.72,252
2024-06,CSCO,46,959030980.49,252
2024-06,MARA,47,947766348.33,252
2024-06,AMAT,48,938526169.94,252
2024-06,PEP,49,914820769.95,252
2024-06,NKE,50,907483802.67,252
2024-06,TXN,51,904750311.59,252
2024-06,MRK,52,893311111.73,252
2024-06,BKNG,53,881656794.12,252
2024-06,TMO,54,847822322.77,252
2024-06,MCD,55,835588367.33,252
2024-06,ABBV,56,830077153.22,252
2024-06,WFC,57,828200517.8,252
2024-06,ASML,58,820431358.52,252
2024-06,C,59,817220781.48,252
2024-06,KO,60,816860461.73,252
2024-06,CMCSA,61,816072126.65,252
2024-06,GS,62,814190685.31,252
2024-06,LRCX,63,802653595.92,252
2024-06,CAT,64,794819522.6,252
2024-06,VZ,65,793770429.79,252
2024-06,NOW,66,792455784.42,252
2024-06,CRWD,67,787266843.98,252
2024-06,INTU,68,775929343.16,252
2024-06,SBUX,69,760344751.61,252
2024-06,ABNB,70,754960810.9,252
2024-06,ACN,71,742845547.23,252
2024-06,SHOP,72,738382761.83,252
2024-06,RIVN,73,736200890.72,252
2024-06,MRVL,74,735836154.92,252
2024-06,GE,75,733233042.53,252
2024-06,TMUS,76,726954713.33,252
2024-06,NEE,77,725902703.78,252
2024-06,LULU,78,724790601.24,252
2024-06,LIN,79,724773560.77,252
2024-06,AMGN,80,722410679.24,252
2024-06,BMY,81,713109771.32,252
2024-06,RTX,82,708053063.9,252
2024-06,IBM,83,707899679.03,252
2024-06,CVS,84,698884285.0,252
2024-06,MS,85,678743290.41,252
2024-06,XYZ,86,669239041.33,252
2024-06,DHR,87,668287283.52,252
2024-06,HUM,88,660597240.85,252
2024-06,F,89,646641110.78,252
2024-06,ADI,90,631733226.48,252
2024-06,TGT,91,630826105.88,252
2024-06,T,92,625363605.83,252
2024-06,COP,93,619991827.96,252
2024-06,MELI,94,616571381.75,252
2024-06,DELL,95,607148349.08,252
2024-06,DE,96,601592739.91,252
2024-06,UPS,97,591314513.91,252
2024-06,GM,98,584521254.89,252
2024-06,LOW,99,581574079.19,252
2024-06,MDB,100,577777840.93,252
2024-06,SCHW,101,575505346.28,252
2024-06,ABT,102,572749813.4,252
2024-06,CMG,103,563596567.49,252
2024-06,ISRG,104,561837639.6,252
2024-06,AXP,105,561081645.15,252
2024-06,ANET,106,557569778.16,252
2024-06,UNP,107,556111472.29,252
2024-06,OXY,108,553457955.95,252
2024-06,HON,109,552856007.41,252
2024-06,ELV,110,538905934.93,252
2024-06,ON,111,536887624.8,252
2024-06,KLAC,112,535503921.32,252
2024-06,CVNA,113,535327704.5,252
2024-06,ENPH,114,531621140.84,252
2024-06,FCX,115,521712044.61,252
2024-06,ROKU,116,517175948.03,252
2024-06,SLB,117,513466267.45,252
2024-06,SPGI,118,511891906.42,252
2024-06,CCL,119,511500367.05,252
2024-06,FDX,120,509146565.26,252
2024-06,SNPS,121,507130587.86,252
2024-06,LMT,122,504705615.55,252
2024-06,CI,123,502376072.42,252
2024-06,KVUE,124,502107769.7,252
2024-06,ETN,125,493587562.2,252
2024-06,MDT,126,491979737.06,252
2024-06,MDLZ,127,488748241.62,252
2024-06,WDAY,128,487941745.39,252
2024-06,BX,129,486643329.51,252
2024-06,GILD,130,486505305.81,252
2024-06,NXPI,131,480975965.12,252
2024-06,TJX,132,480609608.49,252
2024-06,VRTX,133,469249807.45,252
2024-06,MPC,134,469030185.25,252
2024-06,VLO,135,466700761.79,252
2024-06,DDOG,136,460963947.08,252
2024-06,NIO,137,456311466.05,252
2024-06,BLK,138,454030603.16,252
2024-06,CHTR,139,451475394.79,252
2024-06,PM,140,447865823.54,252
2024-06,NVO,141,447135057.11,252
2024-06,NEM,142,444415656.73,252
2024-06,REGN,143,441854217.27,252
2024-06,AAL,144,440803038.3,252
2024-06,DG,145,437324741.87,252
2024-06,MRNA,146,436650287.04,252
2024-06,MCHP,147,436300493.99,252
2024-06,AMT,148,433110425.83,252
2024-06,MMM,149,429534425.14,252
2024-06,SYK,150,420957661.79,252
2024-07,NVDA,1,31157925955.69,250
2024-07,TSLA,2,23486719623.01,250
2024-07,AAPL,3,11147659301.06,250
2024-07,AMD,4,8815539273.65,250
2024-07,MSFT,5,8687662953.75,250
2024-07,AMZN,6,7321635409.52,250
2024-07,META,7,7045280548.67,250
2024-07,BRK.A,8,5620182760.21,250
2024-07,GOOGL,9,4101115425.96,250
2024-07,SMCI,10,3909439562.93,250
2024-07,AVGO,11,3453972434.12,250
2024-07,GOOG,12,3121668750.79,250
2024-07,XOM,13,2018321054.22,250
2024-07,LLY,14,1941713129.12,250
2024-07,UNH,15,1835275326.67,250
2024-07,JNJ,16,1793964340.04,250
2024-07,COIN,17,1761565356.88,250
2024-07,ADBE,18,1717354675.41,250
2024-07,MU,19,1646107993.86,250
2024-07,INTC,20,1622488066.95,250
2024-07,V,21,1610149673.77,250
2024-07,JPM,22,1561722168.49,250
2024-07,CRM,23,1507382345.29,250
2024-07,TSM,24,1470059897.66,250
2024-07,BA,25,1423104653.41,250
2024-07,BABA,26,1396668851.75,250
2024-07,BAC,27,1347687398.46,250
2024-07,MSTR,28,1335743000.32,250
2024-07,CVX,29,1321844994.76,250
2024-07,UBER,30,1318511817.27,250
2024-07,QCOM,31,1314246217.84,250
2024-07,COST,32,1268976664.09,250
2024-07,PANW,33,1255483568.77,250
2024-07,BRK.B,34,1245946083.96,250
2024-07,DIS,35,1230686211.85,250
2024-07,PLTR,36,1161047088.41,250
2024-07,HD,37,1116208468.79,250
2024-07,PFE,38,1067740198.18,250
2024-07,ORCL,39,1062739725.23,250
2024-07,PDD,40,1050785783.54,250
2024-07,WMT,41,1048453078.04,250
2024-07,MA,42,1045718728.3,250
2024-07,CRWD,43,983713764.61,250
2024-07,PG,44,983211648.52,250
2024-07,MARA,45,981210156.46,250
2024-07,AMAT,46,976085188.95,250
2024-07,CSCO,47,966814697.15,250
2024-07,SNOW,48,954222152.55,250
2024-07,PYPL,49,938441653.58,250
2024-07,MRK,50,927574226.83,250
2024-07,NKE,51,926049017.35,250
2024-07,PEP,52,918931537.4,250
2024-07,TXN,53,910175637.09,250
2024-07,BKNG,54,876439944.53,250
2024-07,WFC,55,861979508.35,250
2024-07,ASML,56,856617183.72,250
2024-07,MCD,57,856597361.46,250
2024-07,TMO,58,853248648.73,250
2024-07,ABBV,59,842607641.36,250
2024-07,CAT,60,826839161.37,250
2024-07,C,61,824174131.59,250
2024-07,CMCSA,62,823564531.06,250
2024-07,LRCX,63,820729790.26,250
2024-07,GS,64,820310021.29,250
2024-07,NOW,65,814015066.45,250
2024-07,KO,66,801770360.31,250
2024-07,INTU,67,793497230.58,250
2024-07,VZ,68,789023907.07,250
2024-07,DELL,69,788476711.84,250
2024-07,ACN,70,776896267.23,250
2024-07,SBUX,71,775139783.97,250
2024-07,GE,72,766388276.25,250
2024-07,NEE,73,754864227.87,250
2024-07,RIVN,74,748696754.4,250
2024-07,ABNB,75,743636287.46,250
2024-07,LIN,76,741650074.77,250
2024-07,LULU,77,734507855.08,250
2024-07,AMGN,78,734188891.04,250
2024-07,RTX,79,729383419.48,250
2024-07,TMUS,80,728955535.39,250
2024-07,MRVL,81,727298031.5,250
2024-07,BMY,82,725708790.04,250
2024-07,SHOP,83,718465756.58,250
2024-07,IBM,84,707641272.22,250
2024-07,CVS,85,703808172.26,250
2024-07,DHR,86,685688488.1,250
2024-07,MS,87,674144279.96,250
2024-07,XYZ,88,660654273.41,250
2024-07,HUM,89,639996656.79,250
2024-07,COP,90,637084024.4,250
2024-07,ADI,91,631971173.27,250
2024-07,T,92,627761915.03,250
2024-07,CMG,93,627093259.78,250
2024-07,F,94,624815250.34,250
2024-07,MELI,95,607654687.8,250
2024-07,GM,96,604544933.72,250
2024-07,TGT,97,601191238.51,250
2024-07,DE,98,596177548.63,250
2024-07,UPS,99,582272345.15,250
2024-07,ABT,100,580113366.31,250
2024-07,LOW,101,578385778.31,250
2024-07,ISRG,102,575263207.87,250
2024-07,ANET,103,574574623.69,250
2024-07,AXP,104,572840633.86,250
2024-07,HON,105,564898209.14,250
2024-07,UNP,106,556536994.06,250
2024-07,SCHW,107,555383009.39,250
2024-07,KLAC,108,549543674.4,250
2024-07,OXY,109,541723377.32,250
2024-07,MDB,110,539689579.71,250
2024-07,KVUE,111,533896799.16,250
2024-07,FCX,112,531112758.05,250
2024-07,SLB,113,526930193.32,250
2024-07,ELV,114,520931775.93,250
2024-07,ENPH,115,520096246.18,250
2024-07,ETN,116,517085489.98,250
2024-07,ON,117,516780590.59,250
2024-07,SPGI,118,513533493.49,250
2024-07,LMT,119,512887183.89,250
2024-07,CVNA,120,511949643.8,250
2024-07,FDX,121,511781072.42,250
2024-07,SNPS,122,508467106.19,250
2024-07,CI,123,507457837.72,250
2024-07,TJX,124,500983844.94,250
2024-07,GILD,125,500063336.95,250
2024-07,MDT,126,496354963.35,250
2024-07,ROKU,127,494873721.05,250
2024-07,WDAY,128,494296684.9,250
2024-07,BX,129,489893101.1,250
2024-07,CCL,130,487661183.07,250
2024-07,MDLZ,131,485110642.26,250
2024-07,NXPI,132,484385954.76,250
2024-07,VRTX,133,484058177.75,250
2024-07,MPC,134,476411302.43,250
2024-07,NVO,135,473313257.17,250
2024-07,DDOG,136,467023453.7,250
2024-07,VLO,137,466231794.08,250
2024-07,PM,138,456990959.45,250
2024-07,VRT,139,456316582.86,250
2024-07,BLK,140,455598910.76,250
2024-07,MCHP,141,451756224.27,250
2024-07,MRNA,142,450084487.11,250
2024-07,CHTR,143,448447877.55,250
2024-07,NEM,144,443870240.44,250
2024-07,AAL,145,441410925.61,250
2024-07,PGR,146,439488740.53,250
2024-07,REGN,147,438956145.88,250
2024-07,SHW,148,437182647.01,250
2024-07,FSLR,149,433436745.85,250
2024-07,AMT,150,433145479.77,250
2024-08,NVDA,1,32418589562.43,252
2024-08,TSLA,2,23518994659.76,252
2024-08,AAPL,3,11322383704.15,252
2024-08,AMD,4,9020806472.13,252
2024-08,MSFT,5,8478350740.04,252
2024-08,AMZN,6,7364759300.73,252
2024-08,META,7,6861777830.49,252
2024-08,BRK.A,8,5373017176.9,252
2024-08,SMCI,9,4221235015.35,252
2024-08,GOOGL,10,4094485698.02,252
2024-08,AVGO,11,3738156301.59,252
2024-08,GOOG,12,3091993841.91,252
2024-08,LLY,13,2093897502.65,252
2024-08,XOM,14,1984799581.52,252
2024-08,UNH,15,1853673313.15,252
2024-08,MU,16,1800499417.61,252
2024-08,COIN,17,1773026987.23,252
2024-08,JNJ,18,1738593007.26,252
2024-08,ADBE,19,1691143657.47,252
2024-08,TSM,20,1686095871.95,252
2024-08,V,21,1661322418.24,252
2024-08,INTC,22,1657235682.57,252
2024-08,JPM,23,1574186943.26,252
2024-08,CRM,24,1529128924.69,252
2024-08,MSTR,25,1468394821.53,252
2024-08,BA,26,1396102377.02,252
2024-08,QCOM,27,1369480532.17,252
2024-08,BAC,28,1364026705.83,252
2024-08,COST,29,1331965815.81,252
2024-08,UBER,30,1323083272.25,252
2024-08,CVX,31,1307004280.99,252
2024-08,BABA,32,1306263315.99,252
2024-08,BRK.B,33,1295074755.32,252
2024-08,ARM,34,1259926605.28,221
2024-08,PANW,35,1222667291.92,252
2024-08,CRWD,36,1218171897.16,252
2024-08,DIS,37,1195673901.85,252
2024-08,PLTR,38,1171434936.83,252
2024-08,HD,39,1128343883.63,252
2024-08,PFE,40,1087287948.78,252
2024-08,ORCL,41,1066419548.11,252
2024-08,WMT,42,1063439287.73,252
2024-08,MA,43,1062870714.13,252
2024-08,PDD,44,1046690159.29,252
2024-08,MARA,45,1012759500.13,252
2024-08,AMAT,46,1011222401.4,252
2024-08,PG,47,988447054.4,252
2024-08,NKE,48,976598126.78,252
2024-08,CSCO,49,954728795.6,252
2024-08,MRK,50,952149562.47,252
2024-08,SNOW,51,942508410.69,252
2024-08,PYPL,52,920323308.99,252
2024-08,TXN,53,911215173.16,252
2024-08,PEP,54,910015716.46,252
2024-08,ASML,55,903775674.52,252
2024-08,MCD,56,887000079.25,252
2024-08,DELL,57,882063401.21,252
2024-08,BKNG,58,876632402.95,252
2024-08,WFC,59,875262605.74,252
2024-08,NOW,60,858270598.17,252
2024-08,TMO,61,851423076.87,252
2024-08,CAT,62,849048943.77,252
2024-08,ABBV,63,845804921.39,252
2024-08,GS,64,843570203.31,252
2024-08,LRCX,65,836185076.2,252
2024-08,C,66,825872279.6,252
2024-08,CMCSA,67,821534783.62,252
2024-08,ACN,68,807859431.96,252
2024-08,SBUX,69,800463937.13,252
2024-08,GE,70,799477110.43,252
2024-08,KO,71,799448526.52,252
2024-08,INTU,72,793150064.32,252
2024-08,NEE,73,767024336.9,252
2024-08,VZ,74,756433696.31,252
2024-08,LULU,75,750064623.38,252
2024-08,LIN,76,748654163.22,252
2024-08,BMY,77,740325449.27,252
2024-08,AMGN,78,731574685.26,252
2024-08,MRVL,79,731257679.37,252
2024-08,TMUS,80,728692579.55,252
2024-08,ABNB,81,725740588.93,252
2024-08,RTX,82,723281450.24,252
2024-08,IBM,83,714709925.57,252
2024-08,SHOP,84,699621725.33,252
2024-08,CVS,85,691526579.89,252
2024-08,DHR,86,683018012.84,252
2024-08,MS,87,676704625.1,252
2024-08,CMG,88,666596045.63,252
2024-08,XYZ,89,644546882.65,252
2024-08,COP,90,640633774.86,252
2024-08,ADI,91,640260818.12,252
2024-08,RIVN,92,635245767.22,252
2024-08,F,93,630825399.04,252
2024-08,GM,94,616315629.86,252
2024-08,HUM,95,615155354.53,252
2024-08,T,96,607528235.81,252
2024-08,ABT,97,602739059.62,252
2024-08,ANET,98,602282437.65,252
2024-08,DE,99,594744828.51,252
2024-08,TGT,100,594721923.73,252
2024-08,UPS,101,590641904.63,252
2024-08,MELI,102,587688954.16,252
2024-08,LOW,103,584396948.75,252
2024-08,AXP,104,583426970.28,252
2024-08,ISRG,105,577014925.45,252
2024-08,KLAC,106,567978924.15,252
2024-08,HON,107,560168272.04,252
2024-08,SCHW,108,559370091.66,252
2024-08,ETN,109,550580448.76,252
2024-08,UNP,110,542766394.0,252
2024-08,KVUE,111,538675232.09,252
2024-08,FCX,112,531689971.87,252
2024-08,OXY,113,529328679.49,252
2024-08,MDB,114,522366374.69,252
2024-08,ELV,115,517783876.02,252
2024-08,VRT,116,514915628.88,252
2024-08,TJX,117,513266067.94,252
2024-08,SNPS,118,513124102.46,252
2024-08,ON,119,510648952.89,252
2024-08,LMT,120,509853694.99,252
2024-08,FDX,121,509412273.1,252
2024-08,SPGI,122,509256908.98,252
2024-08,SLB,123,506699465.01,252
2024-08,MDT,124,505957483.41,252
2024-08,CI,125,505028134.9,252
2024-08,NVO,126,504085450.98,252
2024-08,GILD,127,497928704.94,252
2024-08,ENPH,128,497201405.21,252
2024-08,BX,129,495524120.05,252
2024-08,WDAY,130,492532793.19,252
2024-08,NXPI,131,492414532.2,252
2024-08,VRTX,132,489481515.8,252
2024-08,MPC,133,479537818.59,252
2024-08,MDLZ,134,477340789.34,252
2024-08,CCL,135,467439283.29,252
2024-08,VLO,136,465224277.24,252
2024-08,DDOG,137,464994207.2,252
2024-08,PM,138,462247285.71,252
2024-08,BLK,139,461251788.3,252
2024-08,MCHP,140,458848876.32,252
2024-08,SHW,141,452526165.53,252
2024-08,FSLR,142,449356503.74,252
2024-08,CHTR,143,447669465.95,252
2024-08,NEM,144,447494445.22,252
2024-08,PGR,145,446611781.24,252
2024-08,CVNA,146,444167122.26,252
2024-08,MRNA,147,443424895.42,252
2024-08,MMM,148,441406643.92,252
2024-08,AAL,149,439680210.71,252
2024-08,SPOT,150,436481019.4,252
2024-09,NVDA,1,33815551603.06,251
2024-09,TSLA,2,22550542263.68,251
2024-09,AAPL,3,11396282815.22,251
2024-09,AMD,4,8998606561.8,251
2024-09,MSFT,5,8632653516.41,251
2024-09,AMZN,6,7399135900.07,251
2024-09,META,7,7041695266.54,251
2024-09,BRK.A,8,5122851578.2,251
2024-09,SMCI,9,4612426323.78,251
2024-09,GOOGL,10,4158783020.63,251
2024-09,AVGO,11,3903851460.48,251
2024-09,GOOG,12,3117118398.78,251
2024-09,LLY,13,2232774920.32,251
2024-09,XOM,14,1988619023.34,251
2024-09,MU,15,1933106474.82,251
2024-09,UNH,16,1895799315.03,251
2024-09,TSM,17,1850542319.85,251
2024-09,COIN,18,1838613651.01,251
2024-09,V,19,1770638669.85,251
2024-09,INTC,20,1735080862.33,251
2024-09,ADBE,21,1679858055.42,251
2024-09,JPM,22,1622308712.71,251
2024-09,MSTR,23,1583181230.95,251
2024-09,CRM,24,1562773551.97,251
2024-09,QCOM,25,1424275647.6,251
2024-09,BAC,26,1410919886.62,251
2024-09,COST,27,1400575469.01,251
2024-09,BA,28,1395066020.24,251
2024-09,BRK.B,29,1361354817.76,251
2024-09,UBER,30,1339979603.53,251
2024-09,CRWD,31,1313016206.04,251
2024-09,CVX,32,1304537308.78,251
2024-09,BABA,33,1271453652.0,251
2024-09,ARM,34,1249076948.99,243
2024-09,PANW,35,1222746347.88,251
2024-09,PLTR,36,1207168784.98,251
2024-09,DIS,37,1165510785.9,251
2024-09,HD,38,1151781757.45,251
2024-09,PDD,39,1134609623.17,251
2024-09,JNJ,40,1109378316.57,251
2024-09,WMT,41,1097991481.92,251
2024-09,PFE,42,1085879454.02,251
2024-09,MA,43,1078939114.29,251
2024-09,AMAT,44,1073260717.16,251
2024-09,ORCL,45,1056191231.48,251
2024-09,MARA,46,1033094047.44,251
2024-09,PG,47,1021124914.58,251
2024-09,NKE,48,993882792.58,251
2024-09,DELL,49,980313971.36,251
2024-09,MRK,50,975331291.22,251
2024-09,ASML,51,959879567.02,251
2024-09,SNOW,52,955825754.45,251
2024-09,CSCO,53,952532589.17,251
2024-09,TXN,54,941140016.18,251
2024-09,PEP,55,923150274.79,251
2024-09,SBUX,56,915615791.53,251
2024-09,MCD,57,914365536.9,251
2024-09,WFC,58,905970602.68,251
2024-09,BKNG,59,892390591.57,251
2024-09,PYPL,60,889237058.78,251
2024-09,NOW,61,882994327.07,251
2024-09,GS,62,880933988.32,251
2024-09,LRCX,63,875812140.21,251
2024-09,ABBV,64,871883140.56,251
2024-09,TMO,65,860408868.92,251
2024-09,CAT,66,848949689.68,251
2024-09,KO,67,839325895.34,251
2024-09,C,68,838391177.6,251
2024-09,GE,69,826296174.42,251
2024-09,ACN,70,823902402.86,251
2024-09,CMCSA,71,815403782.26,251
2024-09,INTU,72,813324154.71,251
2024-09,LIN,73,768178380.85,251
2024-09,NEE,74,767098823.44,251
2024-09,LULU,75,766389043.97,251
2024-09,TMUS,76,751438561.2,251
2024-09,VZ,77,749564675.17,251
2024-09,MRVL,78,740941418.5,251
2024-09,RTX,79,737929067.92,251
2024-09,ABNB,80,735286352.19,251
2024-09,AMGN,81,732738367.47,251
2024-09,BMY,82,729658726.42,251
2024-09,IBM,83,719624007.37,251
2024-09,CMG,84,719539915.64,251
2024-09,SHOP,85,697549685.82,251
2024-09,DHR,86,688752918.5,251
2024-09,MS,87,678865332.63,251
2024-09,CVS,88,673430236.14,251
2024-09,ADI,89,658320159.75,251
2024-09,COP,90,656474603.39,251
2024-09,F,91,634445372.3,251
2024-09,GM,92,628813568.8,251
2024-09,XYZ,93,626153824.38,251
2024-09,ABT,94,615718814.13,251
2024-09,T,95,609948904.54,251
2024-09,AXP,96,609049319.89,251
2024-09,ANET,97,602547957.37,251
2024-09,RIVN,98,602430242.08,251
2024-09,KLAC,99,599224972.51,251
2024-09,TGT,100,597804619.59,251
2024-09,HUM,101,597340809.67,251
2024-09,DE,102,590794592.78,251
2024-09,LOW,103,590422066.69,251
2024-09,UPS,104,587670370.96,251
2024-09,ISRG,105,585754059.34,251
2024-09,MELI,106,583863987.37,251
2024-09,ETN,107,581203835.01,251
2024-09,HON,108,568266945.89,251
2024-09,SCHW,109,563347017.44,251
2024-09,VRT,110,543114708.63,251
2024-09,OXY,111,539812967.21,251
2024-09,UNP,112,539718935.98,251
2024-09,FCX,113,539663588.75,251
2024-09,SNPS,114,539159654.45,251
2024-09,TJX,115,528283463.71,251
2024-09,LMT,116,523746139.88,251
2024-09,SPGI,117,521462456.23,251
2024-09,NVO,118,519104431.03,251
2024-09,ELV,119,516284302.78,251
2024-09,MDT,120,515771046.84,251
2024-09,VRTX,121,515298708.87,251
2024-09,WDAY,122,512642197.08,251
2024-09,CI,123,512150525.12,251
2024-09,MDB,124,511684460.37,251
2024-09,BX,125,507711847.39,251
2024-09,ON,126,507363589.22,251
2024-09,FDX,127,504020635.63,251
2024-09,NXPI,128,503937532.78,251
2024-09,SLB,129,499785310.65,251
2024-09,GILD,130,498737458.24,251
2024-09,PM,131,489505636.94,251
2024-09,ENPH,132,482142215.71,251
2024-09,MDLZ,133,481229043.22,251
2024-09,MCHP,134,472961452.32,251
2024-09,SHW,135,470032057.18,251
2024-09,BLK,136,469873176.61,251
2024-09,CCL,137,469300769.63,251
2024-09,MPC,138,468108844.34,251
2024-09,SPOT,139,466921074.7,251
2024-09,PGR,140,466267882.18,251
2024-09,VLO,141,455034600.53,251
2024-09,DDOG,142,454692049.21,251
2024-09,NEM,143,454156921.05,251
2024-09,MMM,144,453036651.03,251
2024-09,FSLR,145,450414482.95,251
2024-09,REGN,146,445340397.76,251
2024-09,CVNA,147,444869672.69,251
2024-09,AMT,148,443229678.25,251
2024-09,CDNS,149,442601871.03,251
2024-09,GME,150,439675601.16,251
2024-10,NVDA,1,35162169808.9,251
2024-10,TSLA,2,21556913365.26,251
2024-10,AAPL,3,11557373834.81,251
2024-10,AMD,4,8965337320.02,251
2024-10,MSFT,5,8730625377.98,251
2024-10,AMZN,6,7360774272.62,251
2024-10,META,7,7084099845.59,251
2024-10,BRK.A,8,4860070561.18,251
2024-10,SMCI,9,4811534256.86,251
2024-10,GOOGL,10,4237738562.69,251
2024-10,AVGO,11,4184995656.28,251
2024-10,GOOG,12,3153597323.26,251
2024-10,LLY,13,2312318150.74,251
2024-10,MU,14,2079859578.04,251
2024-10,XOM,15,1985435780.59,251
2024-10,TSM,16,1963782799.29,251
2024-10,UNH,17,1920504648.42,251
2024-10,COIN,18,1899724538.78,251
2024-10,V,19,1847817036.47,251
2024-10,INTC,20,1793595553.59,251
2024-10,MSTR,21,1700460617.92,251
2024-10,ADBE,22,1699236946.62,251
2024-10,JPM,23,1694724549.31,251
2024-10,CRM,24,1605090681.05,251
2024-10,COST,25,1470297511.13,251
2024-10,QCOM,26,1465618747.56,251
2024-10,BAC,27,1448265398.37,251
2024-10,BA,28,1443687466.2,251
2024-10,BRK.B,29,1417046899.63,251
2024-10,PLTR,30,1379306577.74,251
2024-10,CRWD,31,1369546694.48,251
2024-10,UBER,32,1359321581.37,251
2024-10,BABA,33,1351147007.83,251
2024-10,CVX,34,1299538641.88,251
2024-10,PANW,35,1242836143.89,251
2024-10,PDD,36,1208765564.33,251
2024-10,ARM,37,1200781793.92,251
2024-10,HD,38,1177225271.62,251
2024-10,WMT,39,1138907033.14,251
2024-10,DIS,40,1126302588.6,251
2024-10,AMAT,41,1113973909.71,251
2024-10,MA,42,1103467308.11,251
2024-10,JNJ,43,1094185766.2,251
2024-10,ORCL,44,1086199392.62,251
2024-10,PFE,45,1081329441.88,251
2024-10,DELL,46,1068786502.18,251
2024-10,PG,47,1063944820.1,251
2024-10,MARA,48,1055343545.31,251
2024-10,MRK,49,1017188456.02,251
2024-10,ASML,50,1007299188.15,251
2024-10,NKE,51,1006556067.63,251
2024-10,TXN,52,975261982.03,251
2024-10,SNOW,53,968728495.16,251
2024-10,CSCO,54,950834383.36,251
2024-10,SBUX,55,948493615.4,251
2024-10,WFC,56,942026600.71,251
2024-10,PEP,57,936706978.19,251
2024-10,NOW,58,927052229.83,251
2024-10,MCD,59,923111750.87,251
2024-10,GS,60,911532142.41,251
2024-10,LRCX,61,905788646.53,251
2024-10,BKNG,62,899576799.9,251
2024-10,PYPL,63,896038178.83,251
2024-10,ABBV,64,894566894.36,251
2024-10,CAT,65,881437731.09,251
2024-10,GE,66,860434780.26,251
2024-10,TMO,67,859150563.56,251
2024-10,KO,68,855071333.75,251
2024-10,C,69,850823814.09,251
2024-10,ACN,70,838763116.17,251
2024-10,INTU,71,821413847.78,251
2024-10,CMCSA,72,812202781.91,251
2024-10,LIN,73,790636624.48,251
2024-10,VZ,74,773269672.73,251
2024-10,NEE,75,772526553.66,251
2024-10,MRVL,76,769697990.93,251
2024-10,LULU,77,768079539.75,251
2024-10,TMUS,78,757975423.09,251
2024-10,IBM,79,742324960.71,251
2024-10,AMGN,80,738486864.12,251
2024-10,CMG,81,732562855.43,251
2024-10,RTX,82,729959047.13,251
2024-10,BMY,83,720625652.41,251
2024-10,DHR,84,697249871.13,251
2024-10,SHOP,85,686064962.73,251
2024-10,COP,86,679230412.23,251
2024-10,MS,87,677940275.42,251
2024-10,CVS,88,666993722.18,251
2024-10,ADI,89,666983128.78,251
2024-10,ABNB,90,660916219.37,251
2024-10,GM,91,650434304.91,251
2024-10,T,92,639014798.95,251
2024-10,F,93,631901774.41,251
2024-10,AXP,94,629382852.88,251
2024-10,ABT,95,625293822.71,251
2024-10,ANET,96,623512205.63,251
2024-10,KLAC,97,619295743.22,251
2024-10,XYZ,98,608721492.68,251
2024-10,TGT,99,604345505.67,251
2024-10,HUM,100,601504556.5,251
2024-10,ISRG,101,598511156.02,251
2024-10,ETN,102,596858877.89,251
2024-10,UPS,103,588161573.13,251
2024-10,DE,104,587274158.79,251
2024-10,RIVN,105,586433729.11,251
2024-10,MELI,106,584694645.48,251
2024-10,LOW,107,582185589.98,251
2024-10,VRT,108,580127456.24,251
2024-10,FCX,109,563818003.52,251
2024-10,SCHW,110,562218382.54,251
2024-10,HON,111,560335233.75,251
2024-10,SNPS,112,558811746.47,251
2024-10,UNP,113,548255014.74,251
2024-10,OXY,114,544955235.35,251
2024-10,MDT,115,534148227.49,251
2024-10,TJX,116,532219830.58,251
2024-10,NXPI,117,530086829.68,251
2024-10,SPGI,118,529961632.75,251
2024-10,LMT,119,528496099.47,251
2024-10,VRTX,120,527961064.41,251
2024-10,NVO,121,525436969.89,251
2024-10,CI,122,523038464.86,251
2024-10,PM,123,521389295.96,251
2024-10,GILD,124,520102670.43,251
2024-10,ELV,125,518026473.16,251
2024-10,FDX,126,515807409.03,251
2024-10,WDAY,127,514931269.21,251
2024-10,ON,128,508291910.36,251
2024-10,SLB,129,508032826.44,251
2024-10,MDB,130,495362508.56,251
2024-10,SPOT,131,490853167.02,251
2024-10,PGR,132,490477926.24,251
2024-10,MCHP,133,489344262.18,251
2024-10,MDLZ,134,483479410.72,251
2024-10,SHW,135,480401174.97,251
2024-10,CCL,136,479026956.15,251
2024-10,CEG,137,474668151.49,251
2024-10,REGN,138,474528877.35,251
2024-10,ENPH,139,471202697.6,251
2024-10,BLK,140,470582324.45,251
2024-10,MPC,141,467340466.05,251
2024-10,NEM,142,463525042.55,251
2024-10,FSLR,143,462726376.75,251
2024-10,MMM,144,462471201.44,251
2024-10,GME,145,458709301.8,251
2024-10,CDNS,146,458229543.8,251
2024-10,DDOG,147,455889822.5,251
2024-10,AMT,148,455131770.47,251
2024-10,DASH,149,453794250.41,251
2024-10,CVNA,150,448892636.72,251
2024-11,NVDA,1,36253557847.38,252
2024-11,TSLA,2,20887249521.61,252
2024-11,AAPL,3,11548996915.16,252
2024-11,AMD,4,9029681659.06,252
2024-11,MSFT,5,8720406237.96,252
2024-11,AMZN,6,7254000694.57,252
2024-11,META,7,7043743635.89,252
2024-11,SMCI,8,4928409691.36,252
2024-11,BRK.A,9,4577190971.28,252
2024-11,AVGO,10,4319354286.12,252
2024-11,GOOGL,11,4238931438.92,252
2024-11,GOOG,12,3122380768.2,252
2024-11,LLY,13,2378940318.14,252
2024-11,MU,14,2186443677.09,252
2024-11,TSM,15,2157121833.49,252
2024-11,MSTR,16,2039835129.91,252
2024-11,COIN,17,2021068695.87,252
2024-11,UNH,18,1951366347.75,252
2024-11,XOM,19,1908688543.62,252
2024-11,V,20,1864921513.58,252
2024-11,INTC,21,1789407162.43,252
2024-11,JPM,22,1703801213.89,252
2024-11,ADBE,23,1693588911.09,252
2024-11,CRM,24,1633346597.76,252
2024-11,BA,25,1546211725.88,252
2024-11,COST,26,1501529650.61,252
2024-11,QCOM,27,1500100084.64,252
2024-11,BABA,28,1483564150.68,252
2024-11,PLTR,29,1472524394.99,252
2024-11,BRK.B,30,1458262370.38,252
2024-11,BAC,31,1433259652.04,252
2024-11,UBER,32,1418822600.21,252
2024-11,CRWD,33,1411498064.92,252
2024-11,PDD,34,1312205298.66,252
2024-11,PANW,35,1245936853.31,252
2024-11,ARM,36,1244753714.5,252
2024-11,CVX,37,1236871883.22,252
2024-11,HD,38,1217602160.4,252
2024-11,WMT,39,1150100777.95,252
2024-11,AMAT,40,1148838400.14,252
2024-11,ASML,41,1114197029.84,252
2024-11,MA,42,1113202670.77,252
2024-11,DIS,43,1107769239.22,252
2024-11,DELL,44,1105834082.15,252
2024-11,ORCL,45,1105019448.07,252
2024-11,MARA,46,1090137497.3,252
2024-11,JNJ,47,1082412074.88,252
2024-11,PFE,48,1080453117.03,252
2024-11,PG,49,1076132977.7,252
2024-11,MRK,50,1041618685.14,252
2024-11,NKE,51,1012702569.93,252
2024-11,TXN,52,998234297.84,252
2024-11,WFC,53,979574228.4,252
2024-11,SNOW,54,971572485.68,252
2024-11,NOW,55,969873673.92,252
2024-11,SBUX,56,962091554.56,252
2024-11,MCD,57,957464440.39,252
2024-11,CSCO,58,954610953.37,252
2024-11,LRCX,59,938020038.82,252
2024-11,GS,60,934157866.7,252
2024-11,PEP,61,921920576.45,252
2024-11,ABBV,62,915666054.49,252
2024-11,BKNG,63,907124448.26,252
2024-11,PYPL,64,898844216.39,252
2024-11,CAT,65,887655356.85,252
2024-11,GE,66,881559951.72,252
2024-11,ACN,67,862188594.48,252
2024-11,C,68,851111807.69,252
2024-11,KO,69,848761757.88,252
2024-11,TMO,70,841317565.62,252
2024-11,INTU,71,821566336.06,252
2024-11,LIN,72,805568595.68,252
2024-11,MRVL,73,802240204.25,252
2024-11,CMCSA,74,797201327.24,252
2024-11,IBM,75,780058700.1,252
2024-11,TMUS,76,770463432.62,252
2024-11,VZ,77,759488045.54,252
2024-11,NEE,78,740552465.05,252
2024-11,CMG,79,734091944.48,252
2024-11,AMGN,80,719357293.26,252
2024-11,BMY,81,704510099.3,252
2024-11,LULU,82,699869781.19,252
2024-11,CVS,83,699404356.36,252
2024-11,RTX,84,691382229.35,252
2024-11,DHR,85,681648179.06,252
2024-11,COP,86,677987433.79,252
2024-11,MS,87,674775069.78,252
2024-11,SHOP,88,668974322.46,252
2024-11,ADI,89,666658380.15,252
2024-11,GM,90,659123076.15,252
2024-11,AXP,91,649724151.84,252
2024-11,KLAC,92,649564615.16,252
2024-11,T,93,646102945.17,252
2024-11,HUM,94,643063780.2,252
2024-11,ABNB,95,642997554.18,252
2024-11,ANET,96,636675788.23,252
2024-11,F,97,622036181.37,252
2024-11,VRT,98,618174372.76,252
2024-11,ABT,99,617425745.12,252
2024-11,TGT,100,604603875.85,252
2024-11,ETN,101,599402045.74,252
2024-11,MELI,102,596559404.8,252
2024-11,ISRG,103,593842584.56,252
2024-11,HON,104,592709730.31,252
2024-11,LOW,105,591436264.49,252
2024-11,XYZ,106,590628596.54,252
2024-11,UPS,107,582189602.93,252
2024-11,DE,108,576944137.75,252
2024-11,SNPS,109,569867252.19,252
2024-11,FCX,110,569361148.13,252
2024-11,SCHW,111,559877898.68,252
2024-11,ELV,112,551433005.73,252
2024-11,UNP,113,549716817.21,252
2024-11,TJX,114,544397249.26,252
2024-11,OXY,115,544285621.02,252
2024-11,SPGI,116,543880778.61,252
2024-11,PM,117,541066019.83,252
2024-11,CI,118,537048471.53,252
2024-11,NXPI,119,537018465.17,252
2024-11,RIVN,120,532961922.38,252
2024-11,VRTX,121,532499575.2,252
2024-11,NVO,122,529581585.32,252
2024-11,CEG,123,524780465.04,252
2024-11,GILD,124,522185074.56,252
2024-11,WDAY,125,518165838.58,252
2024-11,MDT,126,518133257.27,252
2024-11,LMT,127,516562321.51,252
2024-11,SLB,128,515610683.08,252
2024-11,REGN,129,511309015.68,252
2024-11,VST,130,510503054.38,252
2024-11,SPOT,131,505041624.08,252
2024-11,FDX,132,504680944.15,252
2024-11,PGR,133,500733612.97,252
2024-11,CCL,134,498458993.72,252
2024-11,ON,135,494943240.99,252
2024-11,MDB,136,493991900.11,252
2024-11,MCHP,137,492098635.5,252
2024-11,CVNA,138,485834269.07,252
2024-11,SHW,139,485049988.0,252
2024-11,FSLR,140,482844565.32,252
2024-11,CDNS,141,482144703.71,252
2024-11,BLK,142,478185109.92,252
2024-11,MMM,143,476467416.78,252
2024-11,MDLZ,144,473804502.01,252
2024-11,DASH,145,472499903.55,252
2024-11,GME,146,464016782.97,252
2024-11,MPC,147,462318702.41,252
2024-11,DDOG,148,461311930.16,252
2024-11,NEM,149,460927559.26,252
2024-11,AMT,150,458970976.27,252
2024-12,NVDA,1,37216151669.86,251
2024-12,TSLA,2,21213582616.16,251
2024-12,AAPL,3,11593304016.55,251
2024-12,AMD,4,8891297552.43,251
2024-12,MSFT,5,8664081595.12,251
2024-12,AMZN,6,7433496511.44,251
2024-12,META,7,7182640456.7,251
2024-12,SMCI,8,5102900439.35,251
2024-12,AVGO,9,4353866513.85,251
2024-12,BRK.A,10,4342789591.87,251
2024-12,GOOGL,11,4336500269.04,251
2024-12,GOOG,12,3168151725.1,251
2024-12,MSTR,13,3126036337.76,251
2024-12,LLY,14,2517995208.3,251
2024-12,COIN,15,2376551009.98,251
2024-12,TSM,16,2281155825.18,251
2024-12,MU,17,2248691945.0,251
2024-12,UNH,18,1998456569.38,251
2024-12,V,19,1886118560.92,251
2024-12,XOM,20,1874304644.33,251
2024-12,INTC,21,1803264902.27,251
2024-12,JPM,22,1796167036.72,251
2024-12,PLTR,23,1760058750.95,251
2024-12,CRM,24,1701211565.56,251
2024-12,ADBE,25,1683644557.68,251
2024-12,BA,26,1611731175.59,251
2024-12,COST,27,1572357859.95,251
2024-12,QCOM,28,1524593798.83,251
2024-12,BRK.B,29,1523685467.75,251
2024-12,BAC,30,1477450049.51,251
2024-12,BABA,31,1471321460.43,251
2024-12,CRWD,32,1459204047.22,251
2024-12,UBER,33,1422403286.48,251
2024-12,PDD,34,1324799942.25,251
2024-12,ARM,35,1284036491.56,251
2024-12,HD,36,1256980075.89,251
2024-12,PANW,37,1223859014.96,251
2024-12,MARA,38,1209679856.52,251
2024-12,CVX,39,1207702442.78,251
2024-12,DELL,40,1181879302.85,251
2024-12,ASML,41,1178348080.67,251
2024-12,AMAT,42,1176969245.93,251
2024-12,ORCL,43,1159557542.26,251
2024-12,WMT,44,1158216160.36,251
2024-12,MA,45,1146416238.86,251
2024-12,PFE,46,1118450017.06,251
2024-12,DIS,47,1104425888.49,251
2024-12,JNJ,48,1102898711.2,251
2024-12,PG,49,1101647226.29,251
2024-12,MRK,50,1072577415.26,251
2024-12,WFC,51,1039665319.48,251
2024-12,TXN,52,1033787479.05,251
2024-12,SNOW,53,1015581508.41,251
2024-12,NKE,54,1014811978.84,251
2024-12,NOW,55,1006724989.95,251
2024-12,GS,56,998228040.09,251
2024-12,ABBV,57,967469150.9,251
2024-12,MCD,58,966329388.33,251
2024-12,CSCO,59,959172396.3,251
2024-12,LRCX,60,951314544.76,251
2024-12,SBUX,61,948370639.88,251
2024-12,BKNG,62,944593426.39,251
2024-12,PEP,63,928563418.95,251
2024-12,GE,64,900707538.4,251
2024-12,CAT,65,896913445.54,251
2024-12,PYPL,66,887718266.01,251
2024-12,ACN,67,887196835.36,251
2024-12,C,68,877483939.29,251
2024-12,KO,69,873267780.82,251
2024-12,TMO,70,858757152.39,251
2024-12,INTU,71,855297636.64,251
2024-12,MRVL,72,833178922.08,251
2024-12,LIN,73,831013038.3,251
2024-12,CMCSA,74,804469718.46,251
2024-12,IBM,75,802220123.42,251
2024-12,TMUS,76,788411671.47,251
2024-12,AMGN,77,768985078.4,251
2024-12,VZ,78,761794143.4,251
2024-12,NEE,79,761513588.59,251
2024-12,CMG,80,744541495.91,251
2024-12,CVS,81,720003397.52,251
2024-12,LULU,82,705323659.52,251
2024-12,BMY,83,701608557.52,251
2024-12,MS,84,698987475.44,251
2024-12,SHOP,85,694232043.91,251
2024-12,DHR,86,691945679.8,251
2024-12,COP,87,689906949.85,251
2024-12,ANET,88,682224497.79,251
2024-12,ADI,89,679757882.39,251
2024-12,RTX,90,678040390.21,251
2024-12,AXP,91,677724827.85,251
2024-12,KLAC,92,670964908.29,251
2024-12,GM,93,669172376.05,251
2024-12,VRT,94,667174839.74,251
2024-12,T,95,665846225.66,251
2024-12,ABNB,96,648893215.8,251
2024-12,TGT,97,647689521.9,251
2024-12,SPOT,98,646298707.74,251
2024-12,HON,99,642830411.39,251
2024-12,MELI,100,637486468.36,251
2024-12,F,101,629315194.82,251
2024-12,ETN,102,627460961.44,251
2024-12,HUM,103,626080214.34,251
2024-12,ABT,104,618987447.93,251
2024-12,ISRG,105,612194310.55,251
2024-12,XYZ,106,600494878.61,251
2024-12,LOW,107,598603076.43,251
2024-12,FCX,108,581768406.57,251
2024-12,CEG,109,581148337.26,251
2024-12,UPS,110,578639686.84,251
2024-12,ELV,111,577483418.43,251
2024-12,VST,112,575481984.95,251
2024-12,DE,113,574933460.07,251
2024-12,SNPS,114,569416536.52,251
2024-12,SCHW,115,566547288.92,251
2024-12,PM,116,565582765.36,251
2024-12,UNP,117,562402902.22,251
2024-12,SPGI,118,556030993.16,251
2024-12,OXY,119,551071179.38,251
2024-12,TJX,120,550006257.33,251
2024-12,NXPI,121,547550113.87,251
2024-12,SHW,122,545677861.99,251
2024-12,VRTX,123,542840595.7,251
2024-12,NVO,124,542460132.72,251
2024-12,GILD,125,536669621.41,251
2024-12,WDAY,126,535765162.92,251
2024-12,CI,127,533892796.12,251
2024-12,REGN,128,529900972.74,251
2024-12,LMT,129,528583629.11,251
2024-12,MDT,130,526309283.05,251
2024-12,RIVN,131,523234334.37,251
2024-12,PGR,132,520693624.16,251
2024-12,SLB,133,518709157.36,251
2024-12,CVNA,134,518696538.33,251
2024-12,FDX,135,514238288.61,251
2024-12,FSLR,136,510825089.02,251
2024-12,CCL,137,510190092.73,251
2024-12,DJT,138,501279941.06,251
2024-12,MCHP,139,500394826.04,251
2024-12,BLK,140,496948957.59,251
2024-12,CDNS,141,492985466.0,251
2024-12,MDB,142,490962002.55,251
2024-12,GME,143,485487714.07,251
2024-12,MMM,144,484953423.41,251
2024-12,ON,145,483663468.15,251
2024-12,DASH,146,478372783.79,251
2024-12,DDOG,147,477516366.19,251
2024-12,APP,148,473679489.19,251
2024-12,MDLZ,149,471752908.57,251
2024-12,BX,150,470412277.71,251
2025-01,NVDA,1,37872635742.49,252
2025-01,TSLA,2,22058520659.03,252
2025-01,AAPL,3,11694105023.1,252
2025-01,MSFT,4,8626880492.86,252
2025-01,AMD,5,8583016210.96,252
2025-01,AMZN,6,7527169976.64,252
2025-01,META,7,7338504111.09,252
2025-01,SMCI,8,5256139844.81,252
2025-01,AVGO,9,4767575752.6,252
2025-01,GOOGL,10,4467930851.31,252
2025-01,BRK.A,11,4063809615.06,252
2025-01,MSTR,12,3825234368.58,252
2025-01,GOOG,13,3230744499.35,252
2025-01,LLY,14,2587157969.86,252
2025-01,COIN,15,2452680476.57,252
2025-01,TSM,16,2403354682.88,252
2025-01,MU,17,2358447594.49,252
2025-01,PLTR,18,2267891749.69,252
2025-01,UNH,19,2159438542.97,252
2025-01,V,20,1930502526.96,252
2025-01,JPM,21,1842067766.56,252
2025-01,XOM,22,1840635227.92,252
2025-01,INTC,23,1784628626.0,252
2025-01,CRM,24,1781775645.13,252
2025-01,ADBE,25,1708030468.56,252
2025-01,BA,26,1645226572.42,252
2025-01,COST,27,1597084707.39,252
2025-01,BRK.B,28,1574853543.46,252
2025-01,QCOM,29,1534682651.18,252
2025-01,CRWD,30,1500651264.41,252
2025-01,BAC,31,1477445475.97,252
2025-01,BABA,32,1441473953.96,252
2025-01,UBER,33,1342552718.62,252
2025-01,PDD,34,1320322803.53,252
2025-01,ARM,35,1294652241.37,252
2025-01,HD,36,1242424200.28,252
2025-01,DELL,37,1221770203.63,252
2025-01,ASML,38,1210076408.99,252
2025-01,AMAT,39,1205570522.69,252
2025-01,PANW,40,1200200779.41,252
2025-01,CVX,41,1190696135.02,252
2025-01,WMT,42,1184498300.94,252
2025-01,ORCL,43,1180141497.44,252
2025-01,MARA,44,1175086581.17,252
2025-01,MA,45,1168900435.27,252
2025-01,JNJ,46,1111479595.25,252
2025-01,PG,47,1104900540.26,252
2025-01,DIS,48,1094745315.08,252
2025-01,MRK,49,1090543764.45,252
2025-01,PFE,50,1077362323.73,252
2025-01,WFC,51,1054251583.04,252
2025-01,NOW,52,1052619238.89,252
2025-01,TXN,53,1039906382.87,252
2025-01,GS,54,1019490054.86,252
2025-01,SNOW,55,1012527631.9,252
2025-01,NKE,56,996113740.68,252
2025-01,ABBV,57,981838733.81,252
2025-01,CSCO,58,974953838.67,252
2025-01,MCD,59,967536933.34,252
2025-01,MRVL,60,965124547.21,252
2025-01,LRCX,61,965062121.34,252
2025-01,BKNG,62,958733742.96,252
2025-01,SBUX,63,950001238.13,252
2025-01,PEP,64,941331513.39,252
2025-01,GE,65,930000753.07,252
2025-01,ACN,66,898977998.54,252
2025-01,KO,67,894197126.93,252
2025-01,CAT,68,878142508.81,252
2025-01,INTU,69,872379439.76,252
2025-01,TMO,70,870850170.67,252
2025-01,C,71,870261847.95,252
2025-01,PYPL,72,864110091.11,252
2025-01,LIN,73,847084244.93,252
2025-01,IBM,74,816216787.35,252
2025-01,CMCSA,75,802962883.39,252
2025-01,TMUS,76,802365645.41,252
2025-01,AMGN,77,800076598.52,252
2025-01,NEE,78,758536189.54,252
2025-01,VZ,79,756763153.01,252
2025-01,CMG,80,752310782.55,252
2025-01,CVS,81,727167314.32,252
2025-01,VRT,82,704690390.26,252
2025-01,ANET,83,704628505.98,252
2025-01,DHR,84,703172086.93,252
2025-01,MS,85,701392378.91,252
2025-01,LULU,86,700783101.37,252
2025-01,SHOP,87,693834137.9,252
2025-01,KLAC,88,689510325.54,252
2025-01,BMY,89,688247962.58,252
2025-01,SPOT,90,687062745.38,252
2025-01,AXP,91,686317468.54,252
2025-01,COP,92,685716736.39,252
2025-01,ADI,93,683086372.66,252
2025-01,T,94,680719728.5,252
2025-01,RTX,95,669700707.51,252
2025-01,TGT,96,669204212.22,252
2025-01,HON,97,666196490.45,252
2025-01,GM,98,653133200.47,252
2025-01,MELI,99,652882075.35,252
2025-01,ETN,100,650462657.18,252
2025-01,ABNB,101,637127987.83,252
2025-01,APP,102,633120840.04,252
2025-01,F,103,629368601.64,252
2025-01,ISRG,104,628244907.94,252
2025-01,ABT,105,620593509.5,252
2025-01,VST,106,618123176.95,252
2025-01,WDAY,107,617895895.83,252
2025-01,CEG,108,606449036.17,252
2025-01,HUM,109,603695431.62,252
2025-01,XYZ,110,595765113.66,252
2025-01,ELV,111,595708085.37,252
2025-01,LOW,112,587920453.83,252
2025-01,UPS,113,581784038.88,252
2025-01,SNPS,114,578744384.68,252
2025-01,FCX,115,578235104.97,252
2025-01,NVO,116,575736807.78,252
2025-01,PM,117,575204655.18,252
2025-01,TJX,118,566404449.43,252
2025-01,UNP,119,563000438.76,252
2025-01,SPGI,120,560851921.01,252
2025-01,VRTX,121,557339612.98,252
2025-01,DE,122,556390791.69,252
2025-01,SCHW,123,556272912.73,252
2025-01,NXPI,124,552520799.53,252
2025-01,SHW,125,551253432.38,252
2025-01,OXY,126,545384090.92,252
2025-01,GILD,127,544649380.24,252
2025-01,PGR,128,543825723.33,252
2025-01,LMT,129,540160932.51,252
2025-01,REGN,130,537465511.07,252
2025-01,CI,131,535531819.58,252
2025-01,DJT,132,531922157.34,252
2025-01,MDT,133,526364786.6,252
2025-01,CVNA,134,518321491.51,252
2025-01,BLK,135,516918508.1,252
2025-01,SLB,136,516584103.23,252
2025-01,MCHP,137,512388461.36,252
2025-01,DDOG,138,507392296.72,252
2025-01,FSLR,139,506798820.07,252
2025-01,GME,140,505477705.52,252
2025-01,CCL,141,503739229.03,252
2025-01,RIVN,142,499718275.93,252
2025-01,CDNS,143,499601831.23,252
2025-01,FDX,144,490962291.6,252
2025-01,MDLZ,145,490401761.18,252
2025-01,MDB,146,485002928.91,252
2025-01,MMM,147,483417569.32,252
2025-01,ON,148,481525913.57,252
2025-01,BX,149,481089486.98,252
2025-01,AMT,150,474085420.77,252
2025-02,NVDA,1,38986076165.33,251
2025-02,TSLA,2,22583939778.63,251
2025-02,AAPL,3,11969562751.69,251
2025-02,MSFT,4,8627893376.94,251
2025-02,AMD,5,7722325987.78,251
2025-02,META,6,7659713082.03,251
2025-02,AMZN,7,7567914981.15,251
2025-02,AVGO,8,5088414938.76,251
2025-02,SMCI,9,5084298381.63,251
2025-02,GOOGL,10,4541951112.15,251
2025-02,MSTR,11,4313187133.73,251
2025-02,BRK.A,12,3713194531.82,251
2025-02,GOOG,13,3249001549.24,251
2025-02,LLY,14,2679112604.48,251
2025-02,PLTR,15,2623803975.6,251
2025-02,TSM,16,2613066908.62,251
2025-02,MU,17,2473502015.8,251
2025-02,COIN,18,2471559498.35,251
2025-02,UNH,19,2159917270.38,251
2025-02,V,20,1961494192.48,251
2025-02,JPM,21,1904486378.48,251
2025-02,CRM,22,1832671231.46,251
2025-02,XOM,23,1816385635.73,251
2025-02,INTC,24,1724539693.83,251
2025-02,ADBE,25,1719504474.99,251
2025-02,COST,26,1628338323.2,251
2025-02,BRK.B,27,1623861458.77,251
2025-02,QCOM,28,1530393431.54,251
2025-02,CRWD,29,1524060652.64,251
2025-02,BA,30,1498368907.84,251
2025-02,BAC,31,1495648497.91,251
2025-02,BABA,32,1450351921.22,251
2025-02,UBER,33,1367275725.27,251
2025-02,ARM,34,1344671499.35,251
2025-02,ORCL,35,1311382732.12,251
2025-02,PDD,36,1293210929.86,251
2025-02,DELL,37,1273463957.93,251
2025-02,HD,38,1258136621.38,251
2025-02,ASML,39,1234886387.3,251
2025-02,AMAT,40,1220719141.3,251
2025-02,WMT,41,1219007500.24,251
2025-02,PANW,42,1208095303.09,251
2025-02,MA,43,1201549245.67,251
2025-02,CVX,44,1179264139.99,251
2025-02,JNJ,45,1140506838.69,251
2025-02,NOW,46,1122346717.46,251
2025-02,MRK,47,1099952606.25,251
2025-02,PG,48,1095706777.8,251
2025-02,GS,49,1073163662.96,251
2025-02,WFC,50,1072735788.82,251
2025-02,MARA,51,1072101648.91,251
2025-02,DIS,52,1070459343.32,251
2025-02,TXN,53,1055667403.57,251
2025-02,PFE,54,1048088846.2,251
2025-02,MRVL,55,1016665425.55,251
2025-02,SNOW,56,1004016938.38,251
2025-02,ABBV,57,999893466.38,251
2025-02,NKE,58,994214544.83,251
2025-02,CSCO,59,992096891.2,251
2025-02,BKNG,60,991893274.07,251
2025-02,GE,61,973415112.95,251
2025-02,LRCX,62,970727686.91,251
2025-02,MCD,63,965432522.94,251
2025-02,SBUX,64,961978133.0,251
2025-02,PEP,65,948893525.25,251
2025-02,ACN,66,920852012.17,251
2025-02,KO,67,907794861.11,251
2025-02,INTU,68,898589694.45,251
2025-02,CAT,69,888263411.13,251
2025-02,C,70,884108433.33,251
2025-02,LIN,71,882422353.45,251
2025-02,TMO,72,872010691.56,251
2025-02,CMCSA,73,816786199.55,251
2025-02,PYPL,74,816275186.8,251
2025-02,IBM,75,813466877.61,251
2025-02,AMGN,76,806693628.29,251
2025-02,TMUS,77,804691950.69,251
2025-02,GEV,78,797453302.15,210
2025-02,VRT,79,786760797.74,251
2025-02,NEE,80,775944121.55,251
2025-02,CMG,81,760555356.19,251
2025-02,VZ,82,758985075.74,251
2025-02,ANET,83,756669771.81,251
2025-02,VST,84,750550189.7,251
2025-02,APP,85,737421607.8,251
2025-02,CEG,86,736812536.81,251
2025-02,SPOT,87,730683943.29,251
2025-02,ETN,88,720150744.52,251
2025-02,KLAC,89,715250020.76,251
2025-02,MS,90,711764973.36,251
2025-02,DHR,91,710964587.19,251
2025-02,LULU,92,704218507.29,251
2025-02,AXP,93,697798007.02,251
2025-02,CVS,94,693318680.76,251
2025-02,ADI,95,692790980.62,251
2025-02,T,96,692592844.42,251
2025-02,SHOP,97,689145227.58,251
2025-02,TGT,98,685782925.22,251
2025-02,COP,99,685568228.44,251
2025-02,HON,100,678632204.45,251
2025-02,BMY,101,670787839.36,251
2025-02,ISRG,102,661153073.27,251
2025-02,RTX,103,655033278.93,251
2025-02,MELI,104,654413157.46,251
2025-02,ABT,105,641955527.33,251
2025-02,GM,106,641038181.73,251
2025-02,F,107,633498283.46,251
2025-02,ABNB,108,631401326.6,251
2025-02,WDAY,109,630240623.22,251
2025-02,ELV,110,602632301.13,251
2025-02,NVO,111,600282311.33,251
2025-02,UPS,112,593906768.35,251
2025-02,LOW,113,588787768.42,251
2025-02,PM,114,587660795.63,251
2025-02,XYZ,115,582853761.37,251
2025-02,FCX,116,582832759.25,251
2025-02,TJX,117,576110124.38,251
2025-02,SPGI,118,573886779.8,251
2025-02,CVNA,119,571217197.4,251
2025-02,UNP,120,570017795.55,251
2025-02,DE,121,569339011.37,251
2025-02,SCHW,122,565919460.56,251
2025-02,PGR,123,565058579.78,251
2025-02,VRTX,124,559806725.36,251
2025-02,SHW,125,557805150.22,251
2025-02,DJT,126,554959938.23,251
2025-02,NXPI,127,553815458.75,251
2025-02,LMT,128,552777305.34,251
2025-02,SNPS,129,552553048.95,251
2025-02,REGN,130,545048429.92,251
2025-02,GILD,131,544845869.34,251
2025-02,OXY,132,543444480.65,251
2025-02,HUM,133,542997230.01,251
2025-02,BLK,134,539228920.4,251
2025-02,CI,135,537492674.22,251
2025-02,MDT,136,536934262.5,251
2025-02,GME,137,519708903.26,251
2025-02,FSLR,138,518483261.3,251
2025-02,MCHP,139,511445994.33,251
2025-02,DDOG,140,509977244.64,251
2025-02,SLB,141,505340589.09,251
2025-02,CCL,142,504474720.92,251
2025-02,CDNS,143,504332129.11,251
2025-02,MMM,144,498809051.51,251
2025-02,RIVN,145,498647706.0,251
2025-02,MDLZ,146,498205189.99,251
2025-02,KKR,147,497020317.97,251
2025-02,RDDT,148,494385930.66,217
2025-02,BX,149,488319750.28,251
2025-02,FDX,150,480198294.81,251
2025-03,NVDA,1,38368217325.2,250
2025-03,TSLA,2,23250828698.62,250
2025-03,AAPL,3,11981990999.31,250
2025-03,MSFT,4,8640050711.07,250
2025-03,META,5,7650226457.78,250
2025-03,AMZN,6,7589292652.16,250
2025-03,AMD,7,7214165477.7,250
2025-03,AVGO,8,5267616570.59,250
2025-03,GOOGL,9,4655228169.98,250
2025-03,MSTR,10,4579117279.1,250
2025-03,SMCI,11,4528727834.22,250
2025-03,PLTR,12,3396958607.09,250
2025-03,GOOG,13,3283400007.81,250
2025-03,BRK.A,14,3182114840.27,250
2025-03,TSM,15,2710279351.08,250
2025-03,LLY,16,2705008708.72,250
2025-03,MU,17,2519580726.7,250
2025-03,COIN,18,2474933714.59,250
2025-03,UNH,19,2229893856.05,250
2025-03,V,20,2022445365.83,250
2025-03,JPM,21,1969724860.94,250
2025-03,CRM,22,1881067679.56,250
2025-03,INTC,23,1807665671.89,250
2025-03,XOM,24,1795415309.55,250
2025-03,BABA,25,1750141990.37,250
2025-03,COST,26,1680675768.92,250
2025-03,BRK.B,27,1662563233.45,250
2025-03,ADBE,28,1662512125.47,250
2025-03,CRWD,29,1551028284.89,250
2025-03,QCOM,30,1533812985.69,250
2025-03,BAC,31,1520303548.89,250
2025-03,BA,32,1485171781.27,250
2025-03,UBER,33,1396215254.84,250
2025-03,ORCL,34,1360141858.61,250
2025-03,PDD,35,1327950992.92,250
2025-03,DELL,36,1321079700.73,250
2025-03,HD,37,1276284103.95,250
2025-03,WMT,38,1259192466.47,250
2025-03,ASML,39,1243623773.25,250
2025-03,MA,40,1213472878.12,250
2025-03,AMAT,41,1203327889.36,250
2025-03,NOW,42,1171885020.26,250
2025-03,MRK,43,1166710150.83,250
2025-03,CVX,44,1161635257.54,250
2025-03,JNJ,45,1152776042.53,250
2025-03,GS,46,1130523813.07,250
2025-03,PG,47,1114476593.7,250
2025-03,ARM,48,1097625792.28,250
2025-03,TXN,49,1090960817.08,250
2025-03,WFC,50,1089921043.86,250
2025-03,PANW,51,1068254425.91,250
2025-03,MRVL,52,1067239221.45,250
2025-03,PFE,53,1051281732.36,250
2025-03,DIS,54,1027649199.74,250
2025-03,NKE,55,1019687095.91,250
2025-03,ABBV,56,1018377246.97,250
2025-03,CSCO,57,1013180641.84,250
2025-03,BKNG,58,1006692607.8,250
2025-03,APP,59,990228897.79,250
2025-03,LRCX,60,983923147.83,250
2025-03,SBUX,61,981499014.94,250
2025-03,GE,62,975479592.59,250
2025-03,MCD,63,974634355.53,250
2025-03,SNOW,64,964660341.23,250
2025-03,PEP,65,955922114.6,250
2025-03,MARA,66,948795145.01,250
2025-03,ACN,67,947754452.7,250
2025-03,KO,68,937655832.67,250
2025-03,INTU,69,929200268.25,250
2025-03,C,70,905800923.02,250
2025-03,TMO,71,900702770.59,250
2025-03,LIN,72,897232832.49,250
2025-03,CAT,73,892798085.89,250
2025-03,IBM,74,848518340.06,250
2025-03,VRT,75,834457925.17,250
2025-03,GEV,76,833153191.95,229
2025-03,VST,77,829867922.7,250
2025-03,TMUS,78,827980635.25,250
2025-03,PYPL,79,821916690.21,250
2025-03,CMCSA,80,818479718.21,250
2025-03,SPOT,81,806144198.89,250
2025-03,AMGN,82,796990401.35,250
2025-03,CEG,83,796087004.9,250
2025-03,ANET,84,789400519.84,250
2025-03,NEE,85,784928425.48,250
2025-03,CMG,86,767637407.14,250
2025-03,VZ,87,767130052.58,250
2025-03,ETN,88,762898667.59,250
2025-03,DHR,89,755265829.07,250
2025-03,T,90,723960687.77,250
2025-03,KLAC,91,723698591.48,250
2025-03,MS,92,723179696.14,250
2025-03,ADI,93,713558924.08,250
2025-03,HON,94,708021186.54,250
2025-03,LULU,95,707947184.86,250
2025-03,TGT,96,707042478.67,250
2025-03,AXP,97,697782111.84,250
2025-03,SHOP,98,694575824.13,250
2025-03,COP,99,693832567.84,250
2025-03,CVS,100,686872522.11,250
2025-03,ISRG,101,686018481.77,250
2025-03,BMY,102,670728746.35,250
2025-03,MELI,103,664654802.58,250
2025-03,RTX,104,659091084.33,250
2025-03,ABT,105,653969384.98,250
2025-03,WDAY,106,642545314.37,250
2025-03,F,107,640604912.97,250
2025-03,PM,108,634424429.32,250
2025-03,GM,109,631697983.16,250
2025-03,SCHW,110,629532319.68,250
2025-03,ABNB,111,628451247.87,250
2025-03,ELV,112,613567681.6,250
2025-03,NVO,113,608894426.36,250
2025-03,UPS,114,605408989.94,250
2025-03,CVNA,115,598930284.2,250
2025-03,HOOD,116,593818167.53,250
2025-03,LOW,117,591315200.84,250
2025-03,FCX,118,590436723.91,250
2025-03,PGR,119,584153742.0,250
2025-03,TJX,120,581995211.31,250
2025-03,SPGI,121,577776206.83,250
2025-03,UNP,122,576697375.83,250
2025-03,SHW,123,575525986.6,250
2025-03,LMT,124,572908508.2,250
2025-03,BLK,125,572405687.93,250
2025-03,RDDT,126,572338845.74,236
2025-03,DE,127,570294744.19,250
2025-03,NXPI,128,570112184.46,250
2025-03,GILD,129,568243386.2,250
2025-03,VRTX,130,564731365.31,250
2025-03,XYZ,131,560970511.02,250
2025-03,DJT,132,558188321.94,250
2025-03,REGN,133,557664366.63,250
2025-03,SNPS,134,544403965.95,250
2025-03,MDT,135,543566193.65,250
2025-03,OXY,136,540316153.75,250
2025-03,HUM,137,535794344.07,250
2025-03,CI,138,534954025.98,250
2025-03,GME,139,530273225.48,250
2025-03,FSLR,140,524181509.9,250
2025-03,KKR,141,524143358.93,250
2025-03,MCHP,142,522928566.28,250
2025-03,DDOG,143,521658743.13,250
2025-03,CDNS,144,518086810.46,250
2025-03,MMM,145,513214707.95,250
2025-03,MDLZ,146,511914561.07,250
2025-03,DASH,147,506711960.64,250
2025-03,SLB,148,505664010.3,250
2025-03,CCL,149,504267422.22,250
2025-03,BX,150,501454790.25,250
2025-04,NVDA,1,36711471766.55,251
2025-04,TSLA,2,24597214677.72,251
2025-04,AAPL,3,11936122917.5,251
2025-04,MSFT,4,8655989867.12,251
2025-04,META,5,7945696816.1,251
2025-04,AMZN,6,7827741468.45,251
2025-04,AMD,7,6307140131.11,251
2025-04,AVGO,8,5372465276.7,251
2025-04,GOOGL,9,4737863189.03,251
2025-04,MSTR,10,4600348647.79,251
2025-04,PLTR,11,4011689328.83,251
2025-04,SMCI,12,3951527771.35,251
2025-04,GOOG,13,3299405993.04,251
2025-04,LLY,14,2762489575.2,251
2025-04,TSM,15,2720289081.1,251
2025-04,BRK.A,16,2632396186.81,251
2025-04,MU,17,2455063732.0,251
2025-04,COIN,18,2320880042.65,251
2025-04,UNH,19,2245904477.35,251
2025-04,V,20,2096982482.21,251
2025-04,JPM,21,2088120516.41,251
2025-04,BABA,22,1925046613.34,251
2025-04,CRM,23,1891531682.55,251
2025-04,INTC,24,1837328771.28,251
2025-04,XOM,25,1805322678.59,251
2025-04,BRK.B,26,1759983805.09,251
2025-04,COST,27,1734037087.9,251
2025-04,ADBE,28,1602537349.12,251
2025-04,CRWD,29,1574756311.34,251
2025-04,BAC,30,1551074885.6,251
2025-04,QCOM,31,1505579016.36,251
2025-04,BA,32,1463776567.1,251
2025-04,UBER,33,1407273260.05,251
2025-04,ORCL,34,1389919359.41,251
2025-04,WMT,35,1358019569.63,251
2025-04,PDD,36,1298752814.3,251
2025-04,HD,37,1292924408.32,251
2025-04,DELL,38,1265216233.76,251
2025-04,MA,39,1263777668.24,251
2025-04,NOW,40,1244170240.2,251
2025-04,ASML,41,1241881712.89,251
2025-04,APP,42,1228598896.73,251
2025-04,GS,43,1194321139.89,251
2025-04,AMAT,44,1192448995.19,251
2025-04,MRK,45,1185397192.55,251
2025-04,JNJ,46,1182060940.37,251
2025-04,CVX,47,1176573895.58,251
2025-04,PG,48,1159618243.54,251
2025-04,TXN,49,1105552718.01,251
2025-04,WFC,50,1101639737.67,251
2025-04,MRVL,51,1079207628.64,251
2025-04,PFE,52,1070408691.91,251
2025-04,CSCO,53,1050638923.81,251
2025-04,ABBV,54,1045935375.96,251
2025-04,BKNG,55,1037139708.11,251
2025-04,NKE,56,1029123539.72,251
2025-04,ARM,57,1026886175.55,251
2025-04,PANW,58,1011676556.16,251
2025-04,DIS,59,1008039560.17,251
2025-04,SBUX,60,1006484787.33,251
2025-04,MCD,61,993604891.74,251
2025-04,KO,62,983218809.41,251
2025-04,LRCX,63,974269027.22,251
2025-04,ACN,64,973525145.34,251
2025-04,PEP,65,960300230.96,251
2025-04,GE,66,954133673.1,251
2025-04,INTU,67,950699211.46,251
2025-04,C,68,928007597.01,251
2025-04,SNOW,69,921702685.47,251
2025-04,TMO,70,905931887.44,251
2025-04,CAT,71,905137183.42,251
2025-04,SPOT,72,902120823.12,251
2025-04,VST,73,881658753.45,251
2025-04,GEV,74,877158137.79,250
2025-04,MARA,75,872883591.47,251
2025-04,IBM,76,868697013.09,251
2025-04,TMUS,77,855184168.38,251
2025-04,VRT,78,853938727.0,251
2025-04,LIN,79,843952052.42,251
2025-04,CEG,80,834430936.85,251
2025-04,CMCSA,81,829544638.61,251
2025-04,VZ,82,810994958.69,251
2025-04,PYPL,83,810585552.03,251
2025-04,AMGN,84,809578301.77,251
2025-04,ETN,85,808131845.32,251
2025-04,ANET,86,797485616.84,251
2025-04,NEE,87,788171154.68,251
2025-04,T,88,777170178.59,251
2025-04,DHR,89,767798128.68,251
2025-04,CMG,90,766474133.5,251
2025-04,ISRG,91,745159249.53,251
2025-04,HOOD,92,744731197.65,251
2025-04,HON,93,740750644.25,251
2025-04,SHOP,94,736741033.72,251
2025-04,MS,95,732585340.12,251
2025-04,AXP,96,728866001.01,251
2025-04,KLAC,97,727926324.2,251
2025-04,COP,98,727565279.73,251
2025-04,ADI,99,720841157.2,251
2025-04,TGT,100,719669477.61,251
2025-04,F,101,704676666.71,251
2025-04,MELI,102,694267236.73,251
2025-04,LULU,103,684690696.07,251
2025-04,CVS,104,676208042.68,251
2025-04,ABT,105,675040774.69,251
2025-04,PM,106,664703076.06,251
2025-04,CVNA,107,649929465.38,251
2025-04,SCHW,108,649601889.2,251
2025-04,RTX,109,647671326.16,251
2025-04,BMY,110,644960300.84,251
2025-04,GM,111,642402538.83,251
2025-04,ELV,112,631973074.81,251
2025-04,WDAY,113,627897695.32,251
2025-04,ABNB,114,626158775.18,251
2025-04,GILD,115,621667137.69,251
2025-04,DASH,116,620287660.97,251
2025-04,PGR,117,617647462.64,251
2025-04,BLK,118,613606093.88,251
2025-04,RDDT,119,602548925.32,251
2025-04,UPS,120,602253187.0,251
2025-04,FCX,121,599428951.6,251
2025-04,LMT,122,599058403.87,251
2025-04,SHW,123,597778990.77,251
2025-04,LOW,124,592773667.33,251
2025-04,SPGI,125,591990459.48,251
2025-04,NVO,126,591490079.17,251
2025-04,TJX,127,590254389.3,251
2025-04,VRTX,128,586813526.33,251
2025-04,UNP,129,579761105.98,251
2025-04,REGN,130,578858722.09,251
2025-04,DE,131,577782770.85,251
2025-04,NXPI,132,571041462.58,251
2025-04,KKR,133,565262984.67,251
2025-04,MDT,134,562878348.71,251
2025-04,OXY,135,552640224.5,251
2025-04,XYZ,136,552145386.95,251
2025-04,GME,137,548824590.74,251
2025-04,SNPS,138,545649555.59,251
2025-04,CI,139,534466968.86,251
2025-04,FSLR,140,532802172.68,251
2025-04,SLB,141,530292910.6,251
2025-04,DDOG,142,530067835.03,251
2025-04,CDNS,143,528037710.97,251
2025-04,MCHP,144,527820187.24,251
2025-04,DJT,145,526423775.99,251
2025-04,HUM,146,523479690.63,251
2025-04,MDLZ,147,521966435.9,251
2025-04,BSX,148,518644703.53,251
2025-04,BX,149,516198905.73,251
2025-04,UAL,150,511855605.8,251
2025-05,NVDA,1,36280268341.98,250
2025-05,TSLA,2,26088137866.67,250
2025-05,AAPL,3,12400347438.27,250
2025-05,MSFT,4,8813900765.85,250
2025-05,AMZN,5,8143078223.43,250
2025-05,META,6,8099494096.17,250
2025-05,AMD,7,5860588330.86,250
2025-05,AVGO,8,5604059371.54,250
2025-05,MSTR,9,4896442386.62,250
2025-05,GOOGL,10,4857985611.48,250
2025-05,PLTR,11,4847618536.43,250
2025-05,SMCI,12,3625668315.16,250
2025-05,GOOG,13,3335148967.28,250
2025-05,LLY,14,2868027668.47,250
2025-05,TSM,15,2815118911.32,250
2025-05,MU,16,2388327925.88,250
2025-05,UNH,17,2387717609.67,250
2025-05,COIN,18,2276095329.5,250
2025-05,JPM,19,2190938145.33,250
2025-05,V,20,2152223470.46,250
2025-05,BABA,21,2112516183.73,250
2025-05,BRK.A,22,1927201268.88,250
2025-05,BRK.B,23,1924754068.17,250
2025-05,CRM,24,1921117641.85,250
2025-05,INTC,25,1859403239.06,250
2025-05,COST,26,1855033155.61,250
2025-05,XOM,27,1796100147.76,250
2025-05,CRWD,28,1649511257.44,250
2025-05,BAC,29,1626691315.92,250
2025-05,ADBE,30,1612004900.61,250
2025-05,QCOM,31,1529923513.61,250
2025-05,BA,32,1496510610.64,250
2025-05,WMT,33,1474846504.23,250
2025-05,ORCL,34,1449669870.26,250
2025-05,UBER,35,1419843073.65,250
2025-05,APP,36,1389751790.75,250
2025-05,PDD,37,1340814022.54,250
2025-05,NOW,38,1331308161.26,250
2025-05,MA,39,1316110887.53,250
2025-05,HD,40,1299542554.78,250
2025-05,ASML,41,1265815472.39,250
2025-05,GS,42,1260244019.89,250
2025-05,DELL,43,1250458991.99,250
2025-05,MRK,44,1232776855.18,250
2025-05,AMAT,45,1229058929.41,250
2025-05,JNJ,46,1227623996.11,250
2025-05,CVX,47,1210297037.28,250
2025-05,PG,48,1205525948.68,250
2025-05,TXN,49,1173822454.2,250
2025-05,WFC,50,1138627837.47,250
2025-05,ABBV,51,1118218122.87,250
2025-05,MRVL,52,1105446789.86,250
2025-05,CSCO,53,1103553633.7,250
2025-05,BKNG,54,1102660266.98,250
2025-05,PFE,55,1101098041.0,250
2025-05,NKE,56,1089015848.02,250
2025-05,SBUX,57,1048017600.24,250
2025-05,KO,58,1031535496.65,250
2025-05,MCD,59,1024218171.3,250
2025-05,PANW,60,1012577887.23,250
2025-05,DIS,61,1010971119.04,250
2025-05,ARM,62,998005754.29,250
2025-05,PEP,63,988720449.67,250
2025-05,ACN,64,983072424.05,250
2025-05,LRCX,65,978826717.55,250
2025-05,INTU,66,978037953.46,250
2025-05,C,67,968696529.55,250
2025-05,SPOT,68,967899780.1,250
2025-05,GE,69,955902173.38,250
2025-05,TMO,70,951863968.85,250
2025-05,VST,71,921741142.37,250
2025-05,SNOW,72,920141731.08,250
2025-05,CAT,73,916541660.71,250
2025-05,IBM,74,915668100.03,250
2025-05,TMUS,75,910987592.92,250
2025-05,GEV,76,907092846.23,250
2025-05,HOOD,77,903745557.95,250
2025-05,LIN,78,875522365.54,250
2025-05,CEG,79,860103254.16,250
2025-05,VRT,80,856464415.08,250
2025-05,MARA,81,851060185.79,250
2025-05,VZ,82,842873358.93,250
2025-05,AMGN,83,837227361.36,250
2025-05,CMCSA,84,835001225.79,250
2025-05,ANET,85,821376026.12,250
2025-05,T,86,818007298.95,250
2025-05,ETN,87,816377429.33,250
2025-05,PYPL,88,813890055.84,250
2025-05,ISRG,89,804002191.01,250
2025-05,NEE,90,801381231.58,250
2025-05,SHOP,91,788253871.27,250
2025-05,DHR,92,787463301.84,250
2025-05,HON,93,784133836.76,250
2025-05,F,94,766593120.31,250
2025-05,CMG,95,764257642.84,250
2025-05,KLAC,96,759875875.32,250
2025-05,MS,97,759237538.25,250
2025-05,AXP,98,753326916.47,250
2025-05,ADI,99,751590076.6,250
2025-05,TGT,100,751565704.1,250
2025-05,COP,101,748939524.24,250
2025-05,MELI,102,731912196.61,250
2025-05,PM,103,716863383.44,250
2025-05,CVNA,104,713661513.73,250
2025-05,ABT,105,710614033.04,250
2025-05,CVS,106,688908670.97,250
2025-05,LULU,107,688115851.58,250
2025-05,SCHW,108,687939560.54,250
2025-05,GILD,109,669326253.06,250
2025-05,BMY,110,659751861.94,250
2025-05,RDDT,111,653696359.25,250
2025-05,ELV,112,653226001.41,250
2025-05,DASH,113,652187387.97,250
2025-05,PGR,114,647291105.75,250
2025-05,GM,115,647154710.69,250
2025-05,RTX,116,646265747.49,250
2025-05,ABNB,117,645419142.16,250
2025-05,WDAY,118,643303188.22,250
2025-05,BLK,119,636758655.26,250
2025-05,VRTX,120,623151165.25,250
2025-05,TJX,121,623062163.41,250
2025-05,LMT,122,620371842.17,250
2025-05,SHW,123,614003700.67,250
2025-05,UPS,124,610095496.65,250
2025-05,NVO,125,608969944.45,250
2025-05,UNP,126,608478099.22,250
2025-05,KKR,127,607122214.66,250
2025-05,REGN,128,603644865.56,250
2025-05,LOW,129,603066248.93,250
2025-05,SPGI,130,601395187.64,250
2025-05,DE,131,591899569.27,250
2025-05,NXPI,132,589128169.79,250
2025-05,FCX,133,588219359.93,250
2025-05,MDT,134,573140483.26,250
2025-05,GME,135,568747703.69,250
2025-05,BSX,136,560911532.71,250
2025-05,BX,137,559867834.22,250
2025-05,OXY,138,559261496.78,250
2025-05,SNPS,139,553918861.14,250
2025-05,SLB,140,552917071.11,250
2025-05,FSLR,141,552099730.51,250
2025-05,CI,142,547867825.8,250
2025-05,XYZ,143,546668956.34,250
2025-05,MCHP,144,544106671.03,250
2025-05,APO,145,543372156.19,250
2025-05,CDNS,146,542427699.21,250
2025-05,FISV,147,537740691.15,250
2025-05,DDOG,148,536614394.67,250
2025-05,MPWR,149,534513337.69,250
2025-05,COF,150,525277205.87,250
2025-06,NVDA,1,35095307074.45,249
2025-06,TSLA,2,27872095904.01,249
2025-06,AAPL,3,12432961864.9,249
2025-06,MSFT,4,9011119180.83,249
2025-06,META,5,8333333728.19,249
2025-06,AMZN,6,8270596034.46,249
2025-06,PLTR,7,5775619127.65,249
2025-06,AVGO,8,5699341892.99,249
2025-06,AMD,9,5565176578.05,249
2025-06,MSTR,10,5227065610.01,249
2025-06,GOOGL,11,5122645567.7,249
2025-06,GOOG,12,3493525764.6,249
2025-06,SMCI,13,3375460251.96,249
2025-06,UNH,14,3028201110.59,249
2025-06,LLY,15,3019416691.55,249
2025-06,TSM,16,2876772549.09,249
2025-06,COIN,17,2420242600.27,249
2025-06,MU,18,2369288166.05,249
2025-06,JPM,19,2216457213.76,249
2025-06,V,20,2132544068.98,249
2025-06,BABA,21,2110950822.3,249
2025-06,BRK.B,22,2051829319.63,249
2025-06,COST,23,1909016009.05,249
2025-06,CRM,24,1904039831.03,249
2025-06,INTC,25,1857329475.28,249
2025-06,XOM,26,1746861920.47,249
2025-06,CRWD,27,1701394378.58,249
2025-06,BAC,28,1664140522.88,249
2025-06,ADBE,29,1589379424.28,249
2025-06,APP,30,1566672320.79,249
2025-06,BA,31,1544129069.23,249
2025-06,WMT,32,1533361481.35,249
2025-06,ORCL,33,1495264284.03,249
2025-06,UBER,34,1486787138.25,249
2025-06,QCOM,35,1469929530.02,249
2025-06,NOW,36,1365146368.32,249
2025-06,MA,37,1331814170.68,249
2025-06,HD,38,1295696701.49,249
2025-06,GS,39,1291470201.92,249
2025-06,PDD,40,1288243821.23,249
2025-06,ASML,41,1277804704.43,249
2025-06,MRK,42,1246523486.59,249
2025-06,AMAT,43,1243940573.81,249
2025-06,JNJ,44,1234852083.05,249
2025-06,PG,45,1228698016.74,249
2025-06,CVX,46,1217039498.57,249
2025-06,BRK.A,47,1212774120.99,249
2025-06,TXN,48,1192777807.52,249
2025-06,ABBV,49,1160707087.51,249
2025-06,WFC,50,1150888796.98,249
2025-06,MRVL,51,1145958313.62,249
2025-06,DELL,52,1135215060.78,249
2025-06,CSCO,53,1128894749.9,249
2025-06,BKNG,54,1110680622.1,249
2025-06,NKE,55,1097896826.92,249
2025-06,PFE,56,1086653379.52,249
2025-06,KO,57,1063103189.02,249
2025-06,SPOT,58,1056809092.16,249
2025-06,HOOD,59,1055295585.41,249
2025-06,MCD,60,1023734699.22,249
2025-06,PEP,61,1019333946.16,249
2025-06,SBUX,62,1017443121.99,249
2025-06,INTU,63,1013838807.52,249
2025-06,DIS,64,1005925355.17,249
2025-06,PANW,65,991545121.93,249
2025-06,C,66,988212354.93,249
2025-06,ACN,67,984351158.29,249
2025-06,GEV,68,983111569.23,249
2025-06,GE,69,982937502.9,249
2025-06,TMO,70,981905538.98,249
2025-06,LRCX,71,980215499.97,249
2025-06,ARM,72,968634940.33,249
2025-06,IBM,73,946830847.44,249
2025-06,SNOW,74,943833973.56,249
2025-06,TMUS,75,929808349.65,249
2025-06,VST,76,918074913.29,249
2025-06,CAT,77,912414487.1,249
2025-06,CEG,78,889021965.18,249
2025-06,LIN,79,885032724.77,249
2025-06,SHOP,80,859444005.41,249
2025-06,VRT,81,854661915.21,249
2025-06,T,82,853431965.06,249
2025-06,VZ,83,845158327.6,249
2025-06,AMGN,84,835134605.16,249
2025-06,MARA,85,834544445.09,249
2025-06,ISRG,86,833737228.01,249
2025-06,ETN,87,831282681.31,249
2025-06,CMCSA,88,830689911.72,249
2025-06,ANET,89,828066475.59,249
2025-06,NEE,90,818007797.49,249
2025-06,HON,91,816360464.18,249
2025-06,PYPL,92,810936650.54,249
2025-06,F,93,806740120.85,249
2025-06,DHR,94,796756205.78,249
2025-06,KLAC,95,783515651.35,249
2025-06,MS,96,777880955.31,249
2025-06,CVNA,97,769466423.36,249
2025-06,AXP,98,769251095.16,249
2025-06,ADI,99,767292622.45,249
2025-06,TGT,100,757585721.5,249
2025-06,PM,101,756609166.88,249
2025-06,MELI,102,753820822.49,249
2025-06,CMG,103,753665510.5,249
2025-06,COP,104,753455208.48,249
2025-06,ABT,105,734719999.71,249
2025-06,RDDT,106,732387130.41,249
2025-06,GILD,107,710368119.88,249
2025-06,HIMS,108,704159113.26,249
2025-06,SCHW,109,698793515.35,249
2025-06,DASH,110,682868256.04,249
2025-06,BMY,111,670865164.58,249
2025-06,PGR,112,667426687.7,249
2025-06,ELV,113,666613725.9,249
2025-06,LULU,114,664373738.21,249
2025-06,CVS,115,661621073.22,249
2025-06,VRTX,116,660849941.29,249
2025-06,ABNB,117,652075219.59,249
2025-06,BLK,118,649566686.58,249
2025-06,RTX,119,645733800.18,249
2025-06,GM,120,642559703.23,249
2025-06,LMT,121,641550319.84,249
2025-06,REGN,122,639488393.17,249
2025-06,NVO,123,632204795.52,249
2025-06,TJX,124,627152547.16,249
2025-06,WDAY,125,621001358.04,249
2025-06,UPS,126,620457641.34,249
2025-06,UNP,127,620238391.51,249
2025-06,KKR,128,618349508.04,249
2025-06,SHW,129,611088870.22,249
2025-06,LOW,130,611038768.69,249
2025-06,SPGI,131,606875650.28,249
2025-06,FISV,132,602528751.75,249
2025-06,COF,133,599079062.86,249
2025-06,DE,134,596526886.02,249
2025-06,NXPI,135,596096038.38,249
2025-06,MDT,136,584922541.83,249
2025-06,BSX,137,584411521.69,249
2025-06,SNPS,138,570585685.09,249
2025-06,BX,139,568925862.89,249
2025-06,CDNS,140,564200676.12,249
2025-06,OXY,141,563520601.13,249
2025-06,APO,142,563168746.34,249
2025-06,FSLR,143,562586864.44,249
2025-06,SOFI,144,561589961.42,249
2025-06,FCX,145,555066520.94,249
2025-06,XYZ,146,553250838.49,249
2025-06,RGTI,147,551511552.15,249
2025-06,MCK,148,549935638.99,249
2025-06,SLB,149,549730351.88,249
2025-06,NU,150,548172535.87,249
2025-07,NVDA,1,33493182425.36,250
2025-07,TSLA,2,29853301763.98,250
2025-07,AAPL,3,11835417853.6,250
2025-07,MSFT,4,9144367533.96,250
2025-07,META,5,8557446009.64,250
2025-07,AMZN,6,8373078647.04,250
2025-07,PLTR,7,6617527372.26,250
2025-07,AVGO,8,5576917233.16,250
2025-07,AMD,9,5477858396.21,250
2025-07,MSTR,10,5372828947.51,250
2025-07,GOOGL,11,5359423627.28,250
2025-07,GOOG,12,3630845837.47,250
2025-07,UNH,13,3147969620.39,250
2025-07,SMCI,14,3057611105.77,250
2025-07,LLY,15,3031984130.66,250
2025-07,TSM,16,2840682014.63,250
2025-07,COIN,17,2639224494.77,250
2025-07,MU,18,2299330853.83,250
2025-07,JPM,19,2261155664.14,250
2025-07,BABA,20,2144192218.85,250
2025-07,V,21,2143797569.78,250
2025-07,BRK.B,22,2102580263.84,250
2025-07,COST,23,1952447386.4,250
2025-07,INTC,24,1914520342.63,250
2025-07,CRM,25,1889524131.86,250
2025-07,XOM,26,1762729556.86,250
2025-07,APP,27,1711376455.25,250
2025-07,BAC,28,1688372452.14,250
2025-07,ORCL,29,1651077731.5,250
2025-07,CRWD,30,1611149378.08,250
2025-07,BA,31,1605154982.72,250
2025-07,WMT,32,1582684004.93,250
2025-07,UBER,33,1550591166.53,250
2025-07,ADBE,34,1541644214.09,250
2025-07,MA,35,1387999927.05,250
2025-07,QCOM,36,1378243330.13,250
2025-07,NOW,37,1373590565.17,250
2025-07,GS,38,1325172441.14,250
2025-07,HD,39,1300561366.9,250
2025-07,HOOD,40,1281558360.41,250
2025-07,ASML,41,1277840127.03,250
2025-07,PDD,42,1250532562.83,250
2025-07,MRK,43,1250472522.77,250
2025-07,JNJ,44,1249432471.59,250
2025-07,PG,45,1248292394.64,250
2025-07,AMAT,46,1237759718.65,250
2025-07,CVX,47,1230645848.09,250
2025-07,MRVL,48,1219656148.15,250
2025-07,TXN,49,1209071449.04,250
2025-07,ABBV,50,1169977792.24,250
2025-07,WFC,51,1166819137.04,250
2025-07,CSCO,52,1164231137.07,250
2025-07,BKNG,53,1143060810.5,250
2025-07,SPOT,54,1102140837.26,250
2025-07,NKE,55,1095236804.29,250
2025-07,KO,56,1094163747.46,250
2025-07,PFE,57,1082979989.34,250
2025-07,PEP,58,1059479687.39,250
2025-07,GE,59,1057114580.24,250
2025-07,GEV,60,1047591501.59,250
2025-07,MCD,61,1040094698.72,250
2025-07,INTU,62,1031404446.01,250
2025-07,DIS,63,1023299972.93,250
2025-07,BRK.A,64,1010715785.49,250
2025-07,SBUX,65,1009126832.03,250
2025-07,C,66,1008050273.72,250
2025-07,TMO,67,992107005.21,250
2025-07,DELL,68,986986608.06,250
2025-07,PANW,69,978415924.78,250
2025-07,IBM,70,978337279.85,250
2025-07,LRCX,71,975318315.08,250
2025-07,ACN,72,962866634.16,250
2025-07,VST,73,929610363.27,250
2025-07,TMUS,74,929606866.33,250
2025-07,SNOW,75,927512309.27,250
2025-07,HIMS,76,906502592.47,250
2025-07,CEG,77,897114591.34,250
2025-07,LIN,78,893372942.24,250
2025-07,CAT,79,888022414.19,250
2025-07,SHOP,80,880542404.82,250
2025-07,T,81,870893811.61,250
2025-07,ARM,82,862479845.21,250
2025-07,ISRG,83,857194186.58,250
2025-07,VZ,84,848378166.62,250
2025-07,F,85,846376378.16,250
2025-07,ANET,86,843144733.3,250
2025-07,AMGN,87,837477922.74,250
2025-07,VRT,88,836187193.55,250
2025-07,ETN,89,831807385.48,250
2025-07,CMCSA,90,823696405.83,250
2025-07,CVNA,91,821016114.13,250
2025-07,KLAC,92,818918336.19,250
2025-07,HON,93,818273864.41,250
2025-07,MARA,94,816785075.36,250
2025-07,RDDT,95,805506769.09,250
2025-07,NEE,96,805440725.25,250
2025-07,PYPL,97,800630462.38,250
2025-07,MS,98,791220700.7,250
2025-07,PM,99,787664493.23,250
2025-07,DHR,100,786337909.0,250
2025-07,MELI,101,785106714.25,250
2025-07,AXP,102,781450981.56,250
2025-07,ADI,103,773390133.89,250
2025-07,TGT,104,756772657.45,250
2025-07,COP,105,755256155.07,250
2025-07,ABT,106,747109163.51,250
2025-07,GILD,107,738088825.38,250
2025-07,DASH,108,725097529.85,250
2025-07,SCHW,109,716147571.93,250
2025-07,PGR,110,709715600.88,250
2025-07,CMG,111,701682767.52,250
2025-07,LULU,112,685216026.83,250
2025-07,ELV,113,675450871.61,250
2025-07,BMY,114,670174420.2,250
2025-07,LMT,115,665365718.74,250
2025-07,RTX,116,663980160.11,250
2025-07,BLK,117,661894411.42,250
2025-07,ABNB,118,658801926.51,250
2025-07,VRTX,119,656188223.03,250
2025-07,REGN,120,654737938.46,250
2025-07,NVO,121,645006797.93,250
2025-07,CVS,122,641926533.47,250
2025-07,UNP,123,636055692.39,250
2025-07,COF,124,632926368.2,250
2025-07,FISV,125,632587345.22,250
2025-07,SOFI,126,632494170.55,250
2025-07,TJX,127,627098643.69,250
2025-07,GM,128,620835404.26,250
2025-07,SPGI,129,618272013.41,250
2025-07,BSX,130,616392949.8,250
2025-07,WDAY,131,615690451.52,250
2025-07,UPS,132,612496165.7,250
2025-07,SHW,133,609279037.74,250
2025-07,LOW,134,605690520.33,250
2025-07,MDT,135,601280602.69,250
2025-07,NXPI,136,597548643.61,250
2025-07,RGTI,137,593783179.59,250
2025-07,DE,138,593541230.99,250
2025-07,NU,139,588131553.85,250
2025-07,BX,140,579890011.49,250
2025-07,IONQ,141,576412496.98,250
2025-07,SNPS,142,575607858.5,250
2025-07,OXY,143,573806434.59,250
2025-07,APO,144,565002451.54,250
2025-07,CDNS,145,564924868.19,250
2025-07,MCK,146,561562595.28,250
2025-07,FSLR,147,558767060.68,250
2025-07,UAL,148,556991040.08,250
2025-07,XYZ,149,553578979.19,250
2025-07,CI,150,550237034.37,250
2025-08,NVDA,1,32819883324.19,250
2025-08,TSLA,2,29719094493.13,250
2025-08,AAPL,3,11709808439.37,250
2025-08,MSFT,4,9175543136.01,250
2025-08,META,5,8710240030.85,250
2025-08,AMZN,6,8489782805.26,250
2025-08,PLTR,7,7247586322.92,250
2025-08,MSTR,8,5634556999.39,250
2025-08,GOOGL,9,5622840097.25,250
2025-08,AVGO,10,5512548089.76,250
2025-08,AMD,11,5427555928.38,250
2025-08,GOOG,12,3792894171.72,250
2025-08,UNH,13,3338022757.0,250
2025-08,LLY,14,3001585465.77,250
2025-08,COIN,15,2924050409.28,250
2025-08,SMCI,16,2819220346.54,250
2025-08,TSM,17,2781364646.12,250
2025-08,JPM,18,2326835919.16,250
2025-08,MU,19,2283319070.36,250
2025-08,BABA,20,2216243682.43,250
2025-08,V,21,2154285386.37,250
2025-08,BRK.B,22,2150809456.4,250
2025-08,COST,23,1970517244.58,250
2025-08,INTC,24,1920490315.55,250
2025-08,CRM,25,1901342303.88,250
2025-08,ORCL,26,1822776936.31,250
2025-08,APP,27,1820164426.21,250
2025-08,XOM,28,1776085221.17,250
2025-08,HOOD,29,1720436644.7,250
2025-08,BAC,30,1714585375.16,250
2025-08,BA,31,1662981801.54,250
2025-08,WMT,32,1614339541.2,250
2025-08,UBER,33,1592051719.07,250
2025-08,ADBE,34,1539556277.03,250
2025-08,CRWD,35,1439785547.76,250
2025-08,MA,36,1408177790.26,250
2025-08,NOW,37,1395201044.66,250
2025-08,GS,38,1359806236.8,250
2025-08,QCOM,39,1342575098.12,250
2025-08,HD,40,1311956126.33,250
2025-08,CVX,41,1310358618.58,250
2025-08,ASML,42,1307073539.75,250
2025-08,JNJ,43,1278345822.53,250
2025-08,PG,44,1276650543.79,250
2025-08,MRVL,45,1276304568.6,250
2025-08,MRK,46,1252298205.06,250
2025-08,TXN,47,1251452975.21,250
2025-08,PDD,48,1245046187.03,250
2025-08,AMAT,49,1226180672.1,250
2025-08,WFC,50,1221796352.3,250
2025-08,CSCO,51,1190562452.0,250
2025-08,SPOT,52,1189275013.53,250
2025-08,ABBV,53,1185871007.65,250
2025-08,BKNG,54,1165316744.93,250
2025-08,GEV,55,1161948456.55,250
2025-08,KO,56,1127421853.23,250
2025-08,GE,57,1121243993.96,250
2025-08,PEP,58,1097756143.76,250
2025-08,PFE,59,1078358829.77,250
2025-08,NKE,60,1075742506.47,250
2025-08,C,61,1062933863.15,250
2025-08,INTU,62,1061671941.57,250
2025-08,HIMS,63,1044311211.72,250
2025-08,MCD,64,1039491924.12,250
2025-08,PANW,65,1038783974.12,250
2025-08,IBM,66,1037677290.58,250
2025-08,TMO,67,1037095226.78,250
2025-08,DIS,68,1010981041.67,250
2025-08,SBUX,69,1009530265.6,250
2025-08,LRCX,70,971664525.8,250
2025-08,ACN,71,968700281.41,250
2025-08,VST,72,966991290.38,250
2025-08,TMUS,73,955213522.16,250
2025-08,BRK.A,74,934213686.28,250
2025-08,SNOW,75,926898078.97,250
2025-08,DELL,76,921712054.23,250
2025-08,SHOP,77,913373376.45,250
2025-08,CEG,78,908155415.9,250
2025-08,CAT,79,903023204.11,250
2025-08,LIN,80,898716546.71,250
2025-08,T,81,891705963.45,250
2025-08,ISRG,82,878701645.59,250
2025-08,RDDT,83,870716795.43,250
2025-08,CVNA,84,865330150.6,250
2025-08,VRT,85,862609621.9,250
2025-08,ANET,86,857985748.22,250
2025-08,VZ,87,856094561.25,250
2025-08,F,88,844874617.19,250
2025-08,HON,89,842528060.18,250
2025-08,PM,90,842136406.35,250
2025-08,AMGN,91,834928340.85,250
2025-08,ETN,92,831307537.85,250
2025-08,KLAC,93,828744319.38,250
2025-08,CMCSA,94,816076107.62,250
2025-08,PYPL,95,811653638.48,250
2025-08,NEE,96,809458276.33,250
2025-08,MELI,97,804753463.41,250
2025-08,MARA,98,804414070.23,250
2025-08,ARM,99,798948261.64,250
2025-08,AXP,100,796848088.83,250
2025-08,MS,101,793424562.35,250
2025-08,DHR,102,789413219.59,250
2025-08,ADI,103,780306904.37,250
2025-08,ABT,104,762099936.94,250
2025-08,TGT,105,761686930.93,250
2025-08,SOFI,106,755457905.54,250
2025-08,COP,107,754242095.85,250
2025-08,GILD,108,753974861.36,250
2025-08,DASH,109,750463018.05,250
2025-08,PGR,110,746082960.73,250
2025-08,SCHW,111,720482158.53,250
2025-08,ELV,112,702168389.03,250
2025-08,LMT,113,697792986.63,250
2025-08,LULU,114,693976590.5,250
2025-08,CMG,115,687250124.53,250
2025-08,UNP,116,684430906.26,250
2025-08,NVO,117,680991004.15,250
2025-08,FISV,118,680591430.72,250
2025-08,BLK,119,679311061.78,250
2025-08,COF,120,674529645.58,250
2025-08,RTX,121,667681477.29,250
2025-08,REGN,122,661703510.27,250
2025-08,SNPS,123,659251728.96,250
2025-08,BMY,124,658625319.3,250
2025-08,VRTX,125,658160900.14,250
2025-08,RGTI,126,653242210.23,250
2025-08,IONQ,127,652029226.15,250
2025-08,ABNB,128,651885855.71,250
2025-08,CVS,129,644397609.35,250
2025-08,DDOG,130,642924826.06,250
2025-08,BSX,131,642659653.94,250
2025-08,NU,132,637844022.54,250
2025-08,TJX,133,634415184.05,250
2025-08,WDAY,134,627528639.63,250
2025-08,XYZ,135,622145402.46,250
2025-08,SPGI,136,619530855.22,250
2025-08,MDT,137,612005486.16,250
2025-08,SHW,138,610236235.82,250
2025-08,UPS,139,609122043.28,250
2025-08,GM,140,608721933.27,250
2025-08,LOW,141,606457517.18,250
2025-08,DE,142,596390061.36,250
2025-08,NXPI,143,594681843.7,250
2025-08,BX,144,592634520.76,250
2025-08,TTD,145,588108998.39,250
2025-08,UAL,146,585350686.94,250
2025-08,APH,147,579651147.19,250
2025-08,OXY,148,578681021.91,250
2025-08,FCX,149,577445693.41,250
2025-08,APO,150,574983658.36,250
2025-09,NVDA,1,31775702288.3,249
2025-09,TSLA,2,30612122332.49,249
2025-09,AAPL,3,11854462883.42,249
2025-09,MSFT,4,9408571088.53,249
2025-09,META,5,8769546739.17,249
2025-09,AMZN,6,8640969875.63,249
2025-09,PLTR,7,8302979891.04,249
2025-09,MSTR,8,5889429464.48,249
2025-09,GOOGL,9,5786958385.58,249
2025-09,AMD,10,5717885435.28,249
2025-09,AVGO,11,5656934283.45,249
2025-09,GOOG,12,3875035669.8,249
2025-09,UNH,13,3683824028.56,249
2025-09,LLY,14,3117510544.07,249
2025-09,COIN,15,3107307188.82,249
2025-09,TSM,16,2771481878.79,249
2025-09,SMCI,17,2484742965.89,249
2025-09,JPM,18,2366391303.57,249
2025-09,MU,19,2269708653.07,249
2025-09,BABA,20,2268564861.74,249
2025-09,BRK.B,21,2206345788.51,249
2025-09,V,22,2134785679.57,249
2025-09,HOOD,23,2055204220.42,249
2025-09,APP,24,2034702154.49,249
2025-09,COST,25,2027993717.74,249
2025-09,INTC,26,2021954591.07,249
2025-09,ORCL,27,1978422142.94,249
2025-09,CRM,28,1948309468.14,249
2025-09,XOM,29,1792523230.78,249
2025-09,BAC,30,1722141829.28,249
2025-09,BA,31,1698134245.22,249
2025-09,WMT,32,1665965985.23,249
2025-09,UBER,33,1639244983.92,249
2025-09,ADBE,34,1561430339.74,249
2025-09,NOW,35,1470141175.5,249
2025-09,MA,36,1451717268.87,249
2025-09,CRWD,37,1427474653.59,249
2025-09,GS,38,1380202956.95,249
2025-09,HD,39,1325458584.74,249
2025-09,MRVL,40,1322372366.89,249
2025-09,CVX,41,1321770393.05,249
2025-09,JNJ,42,1308573171.65,249
2025-09,QCOM,43,1303718122.21,249
2025-09,ASML,44,1286869514.1,249
2025-09,PG,45,1271108398.97,249
2025-09,GEV,46,1253644739.1,249
2025-09,TXN,47,1249424925.65,249
2025-09,SPOT,48,1244960101.43,249
2025-09,MRK,49,1244881754.62,249
2025-09,WFC,50,1240325474.86,249
2025-09,CSCO,51,1237036670.33,249
2025-09,AMAT,52,1221131701.52,249
2025-09,ABBV,53,1192813482.53,249
2025-09,PDD,54,1172470950.64,249
2025-09,HIMS,55,1156428046.43,249
2025-09,BKNG,56,1156390543.43,249
2025-09,GE,57,1155760496.81,249
2025-09,KO,58,1120919978.2,249
2025-09,PEP,59,1120642287.42,249
2025-09,INTU,60,1114394247.59,249
2025-09,C,61,1102816089.0,249
2025-09,PFE,62,1101459104.5,249
2025-09,IBM,63,1093592597.87,249
2025-09,PANW,64,1090550994.29,249
2025-09,NKE,65,1058116017.61,249
2025-09,TMO,66,1057253538.18,249
2025-09,MCD,67,1049363760.36,249
2025-09,ACN,68,1011700555.26,249
2025-09,VST,69,1002899511.6,249
2025-09,DIS,70,1000957473.83,249
2025-09,RDDT,71,996224493.03,249
2025-09,LRCX,72,976036244.16,249
2025-09,TMUS,73,973555068.43,249
2025-09,SNOW,74,968950461.48,249
2025-09,SHOP,75,960604008.91,249
2025-09,CAT,76,949848230.34,249
2025-09,CEG,77,920607519.5,249
2025-09,T,78,919784975.42,249
2025-09,ANET,79,916291327.97,249
2025-09,SBUX,80,915264819.54,249
2025-09,LIN,81,911263470.21,249
2025-09,ISRG,82,907178859.66,249
2025-09,CVNA,83,904199923.68,249
2025-09,VRT,84,880754534.52,249
2025-09,DELL,85,875451492.41,249
2025-09,PM,86,866297062.29,249
2025-09,SOFI,87,865004820.2,249
2025-09,VZ,88,864099342.0,249
2025-09,BRK.A,89,857516802.85,249
2025-09,HON,90,853275189.94,249
2025-09,F,91,848402732.1,249
2025-09,ETN,92,842596142.65,249
2025-09,KLAC,93,835369348.04,249
2025-09,AMGN,94,832169554.62,249
2025-09,MELI,95,824655044.02,249
2025-09,CMCSA,96,822913545.18,249
2025-09,NEE,97,822581043.54,249
2025-09,MARA,98,812936307.31,249
2025-09,MS,99,806219932.03,249
2025-09,AXP,100,802079377.9,249
2025-09,DHR,101,799941279.81,249
2025-09,PYPL,102,797958990.57,249
2025-09,ADI,103,789786775.54,249
2025-09,DASH,104,785641154.64,249
2025-09,GILD,105,781683856.18,249
2025-09,ABT,106,772909334.37,249
2025-09,PGR,107,762087500.47,249
2025-09,TGT,108,761655955.54,249
2025-09,COP,109,755450446.34,249
2025-09,ARM,110,748182977.41,249
2025-09,SCHW,111,740563537.61,249
2025-09,ELV,112,729191476.33,249
2025-09,NVO,113,722908866.44,249
2025-09,UNP,114,722759967.34,249
2025-09,IONQ,115,713340894.64,249
2025-09,COF,116,710967624.09,249
2025-09,LMT,117,710029382.49,249
2025-09,RGTI,118,709552487.26,249
2025-09,LULU,119,700535140.41,249
2025-09,FISV,120,700506498.71,249
2025-09,VRTX,121,691763703.78,249
2025-09,BLK,122,691565410.12,249
2025-09,DDOG,123,678325760.89,249
2025-09,BSX,124,666134473.99,249
2025-09,REGN,125,665817351.78,249
2025-09,RTX,126,665320001.98,249
2025-09,SNPS,127,663378508.88,249
2025-09,OKLO,128,662190499.12,249
2025-09,CMG,129,658728284.2,249
2025-09,BMY,130,653567771.77,249
2025-09,TTD,131,652070719.82,249
2025-09,WDAY,132,652021255.79,249
2025-09,ABNB,133,649556548.67,249
2025-09,TJX,134,642211340.68,249
2025-09,CVS,135,640159355.45,249
2025-09,XYZ,136,637927824.32,249
2025-09,SPGI,137,630025336.68,249
2025-09,RBLX,138,628317686.32,249
2025-09,MDT,139,626652990.88,249
2025-09,UPS,140,625856638.46,249
2025-09,LOW,141,624238215.04,249
2025-09,SHW,142,623939181.78,249
2025-09,NU,143,622661874.55,249
2025-09,APH,144,610004536.57,249
2025-09,BX,145,608237690.55,249
2025-09,DE,146,606148638.63,249
2025-09,UAL,147,602070314.84,249
2025-09,AAL,148,600814269.25,249
2025-09,NXPI,149,594999649.14,249
2025-09,GM,150,593521384.15,249
2025-10,TSLA,1,32131714848.86,250
2025-10,NVDA,2,31513315106.32,250
2025-10,AAPL,3,11927854311.38,250
2025-10,MSFT,4,9591960047.08,250
2025-10,AMZN,5,8918026696.58,250
2025-10,META,6,8912052565.91,250
2025-10,PLTR,7,8864637423.36,250
2025-10,GOOGL,8,6227708705.94,250
2025-10,AVGO,9,6054464730.85,250
2025-10,MSTR,10,6047634997.7,250
2025-10,AMD,11,5877593400.81,250
2025-10,GOOG,12,4122918555.17,250
2025-10,UNH,13,3898748131.98,250
2025-10,COIN,14,3227221643.48,250
2025-10,LLY,15,3109211487.85,250
2025-10,TSM,16,2848844518.73,250
2025-10,ORCL,17,2718859632.17,250
2025-10,APP,18,2540847044.86,250
2025-10,HOOD,19,2524878017.11,250
2025-10,BABA,20,2431879701.8,250
2025-10,JPM,21,2408266162.14,250
2025-10,MU,22,2381206894.41,250
2025-10,SMCI,23,2319468811.27,250
2025-10,BRK.B,24,2210448477.84,250
2025-10,INTC,25,2156352092.82,250
2025-10,V,26,2119163151.04,250
2025-10,COST,27,2066295053.39,250
2025-10,CRM,28,2034122422.61,250
2025-10,XOM,29,1798503028.46,250
2025-10,BAC,30,1742179346.27,250
2025-10,BA,31,1722561108.53,250
2025-10,UBER,32,1701688415.42,250
2025-10,WMT,33,1679887324.58,250
2025-10,ADBE,34,1570599285.11,250
2025-10,NOW,35,1486507257.26,250
2025-10,MA,36,1477398445.31,250
2025-10,CRWD,37,1452618915.47,250
2025-10,GS,38,1414666518.95,250
2025-10,MRVL,39,1407921801.62,250
2025-10,HD,40,1355473890.31,250
2025-10,JNJ,41,1351960817.81,250
2025-10,GEV,42,1334431447.0,250
2025-10,CVX,43,1321889797.47,250
2025-10,ASML,44,1299296138.16,250
2025-10,QCOM,45,1288608718.82,250
2025-10,SPOT,46,1284254498.76,250
2025-10,TXN,47,1272651475.31,250
2025-10,HIMS,48,1271361890.31,250
2025-10,CSCO,49,1266926294.19,250
2025-10,PG,50,1255901118.01,250
2025-10,AMAT,51,1249827504.02,250
2025-10,WFC,52,1240884606.98,250
2025-10,MRK,53,1235406260.85,250
2025-10,ABBV,54,1215343796.89,250
2025-10,GE,55,1187603072.77,250
2025-10,BKNG,56,1176226223.51,250
2025-10,INTU,57,1163703066.26,250
2025-10,C,58,1147892781.37,250
2025-10,IBM,59,1135257519.23,250
2025-10,PFE,60,1134334067.22,250
2025-10,KO,61,1133351562.2,250
2025-10,PEP,62,1131379259.84,250
2025-10,PDD,63,1127494288.47,250
2025-10,PANW,64,1116453275.16,250
2025-10,RDDT,65,1089736172.16,250
2025-10,TMO,66,1075548608.91,250
2025-10,ACN,67,1062059839.21,250
2025-10,MCD,68,1060022557.21,250
2025-10,NKE,69,1054925425.54,250
2025-10,VST,70,1016253595.95,250
2025-10,DIS,71,1015840919.08,250
2025-10,SHOP,72,1005327207.19,250
2025-10,LRCX,73,1004287298.85,250
2025-10,SNOW,74,995802732.26,250
2025-10,TMUS,75,984291329.69,250
2025-10,ANET,76,982523374.76,250
2025-10,SOFI,77,975011575.14,250
2025-10,CAT,78,970023256.8,250
2025-10,ISRG,79,954756015.22,250
2025-10,CVNA,80,940312681.75,250
2025-10,T,81,919199143.45,250
2025-10,LIN,82,916546047.36,250
2025-10,VRT,83,906961863.52,250
2025-10,CEG,84,904361247.8,250
2025-10,SBUX,85,901103195.34,250
2025-10,HON,86,896516099.09,250
2025-10,PM,87,876380736.01,250
2025-10,MARA,88,867420813.75,250
2025-10,OKLO,89,866426080.54,250
2025-10,RGTI,90,863082571.98,250
2025-10,IONQ,91,861824195.16,250
2025-10,F,92,860289277.77,250
2025-10,MELI,93,854707909.2,250
2025-10,ETN,94,852856318.12,250
2025-10,KLAC,95,850776294.67,250
2025-10,VZ,96,846259315.48,250
2025-10,AMGN,97,836716047.9,250
2025-10,MS,98,829599573.64,250
2025-10,CMCSA,99,822808715.66,250
2025-10,AXP,100,819759487.43,250
2025-10,DASH,101,819606627.4,250
2025-10,DELL,102,817821956.27,250
2025-10,NEE,103,814564461.0,250
2025-10,DHR,104,807276601.37,250
2025-10,PYPL,105,796430995.52,250
2025-10,SNPS,106,796126779.96,250
2025-10,GILD,107,793987464.48,250
2025-10,ADI,108,788984532.61,250
2025-10,ABT,109,785929619.68,250
2025-10,TGT,110,781737138.05,250
2025-10,SCHW,111,778111727.73,250
2025-10,BRK.A,112,776203352.88,250
2025-10,LULU,113,770722515.01,250
2025-10,PGR,114,767298271.6,250
2025-10,UNP,115,763584736.81,250
2025-10,NVO,116,750331003.84,250
2025-10,COF,117,742702034.16,250
2025-10,ELV,118,739212744.84,250
2025-10,COP,119,738489531.06,250
2025-10,ARM,120,728642912.48,250
2025-10,BSX,121,720401908.17,250
2025-10,FISV,122,716256218.16,250
2025-10,LMT,123,715778626.11,250
2025-10,VRTX,124,706209978.26,250
2025-10,BLK,125,705498511.82,250
2025-10,TTD,126,703951621.61,250
2025-10,DDOG,127,698579913.16,250
2025-10,RBLX,128,684962374.61,250
2025-10,WDAY,129,684617358.34,250
2025-10,CMG,130,683820797.82,250
2025-10,APH,131,674202868.75,250
2025-10,RTX,132,664343188.21,250
2025-10,BMY,133,659709760.0,250
2025-10,REGN,134,658453505.17,250
2025-10,AAL,135,656915877.83,250
2025-10,ABNB,136,655419279.88,250
2025-10,TJX,137,654132385.49,250
2025-10,SPGI,138,651042439.21,250
2025-10,QBTS,139,648354434.23,250
2025-10,CVS,140,644238831.43,250
2025-10,XYZ,141,644021810.84,250
2025-10,NU,142,642100066.84,250
2025-10,LOW,143,639918342.43,250
2025-10,SHW,144,639203871.6,250
2025-10,UPS,145,637934664.55,250
2025-10,SOUN,146,630139121.56,250
2025-10,MDT,147,629228853.47,250
2025-10,BX,148,621497180.32,250
2025-10,DE,149,619035766.39,250
2025-10,UAL,150,618265733.03,250
2025-11,TSLA,1,33859997525.68,250
2025-11,NVDA,2,31558626042.18,250
2025-11,AAPL,3,12209364702.98,250
2025-11,MSFT,4,9832481498.57,250
2025-11,PLTR,5,9482205360.14,250
2025-11,META,6,9451155664.39,250
2025-11,AMZN,7,9443781519.57,250
2025-11,AMD,8,6885191128.43,250
2025-11,GOOGL,9,6598074827.09,250
2025-11,AVGO,10,6424709743.43,250
2025-11,MSTR,11,6007585472.73,250
2025-11,GOOG,12,4356799679.14,250
2025-11,UNH,13,4015349190.89,250
2025-11,COIN,14,3357945059.58,250
2025-11,ORCL,15,3180078025.08,250
2025-11,LLY,16,3126981416.31,250
2025-11,TSM,17,2976224062.69,250
2025-11,HOOD,18,2830008853.11,250
2025-11,APP,19,2784449805.01,250
2025-11,MU,20,2634401724.42,250
2025-11,JPM,21,2482441365.38,250
2025-11,BABA,22,2477901963.9,250
2025-11,INTC,23,2463053449.67,250
2025-11,BRK.B,24,2259564904.84,250
2025-11,SMCI,25,2259552273.79,250
2025-11,V,26,2151420080.68,250
2025-11,COST,27,2137661173.35,250
2025-11,CRM,28,2136552717.29,250
2025-11,XOM,29,1783173337.34,250
2025-11,BAC,30,1778694709.26,250
2025-11,WMT,31,1736211718.09,250
2025-11,UBER,32,1696018332.47,250
2025-11,BA,33,1675034653.64,250
2025-11,ADBE,34,1571158514.97,250
2025-11,MA,35,1514017010.77,250
2025-11,NOW,36,1491562662.28,250
2025-11,GS,37,1479929849.36,250
2025-11,MRVL,38,1473530165.31,250
2025-11,CRWD,39,1468037970.54,250
2025-11,GEV,40,1450917573.33,250
2025-11,JNJ,41,1413922015.55,250
2025-11,HIMS,42,1386656559.19,250
2025-11,QCOM,43,1367069975.93,250
2025-11,HD,44,1346080261.58,250
2025-11,RGTI,45,1343821880.3,250
2025-11,CVX,46,1331109946.97,250
2025-11,SPOT,47,1329219530.0,250
2025-11,TXN,48,1312720745.69,250
2025-11,AMAT,49,1305813584.4,250
2025-11,CSCO,50,1302055442.98,250
2025-11,ASML,51,1280013384.28,250
2025-11,WFC,52,1267138785.16,250
2025-11,PG,53,1258227872.94,250
2025-11,ABBV,54,1252489774.44,250
2025-11,BKNG,55,1235189115.43,250
2025-11,MRK,56,1232820911.99,250
2025-11,GE,57,1211595729.06,250
2025-11,IBM,58,1206144120.44,250
2025-11,C,59,1196126807.26,250
2025-11,INTU,60,1194270952.05,250
2025-11,PFE,61,1186197396.36,250
2025-11,RDDT,62,1152700231.51,250
2025-11,KO,63,1150414585.08,250
2025-11,PEP,64,1144402957.8,250
2025-11,PANW,65,1136648462.32,250
2025-11,SOFI,66,1128615997.13,250
2025-11,TMO,67,1117503203.07,250
2025-11,OKLO,68,1113651271.7,250
2025-11,SHOP,69,1098597978.77,250
2025-11,ACN,70,1080255304.35,250
2025-11,LRCX,71,1068489117.79,250
2025-11,NKE,72,1065721882.84,250
2025-11,IONQ,73,1055160913.47,250
2025-11,SNOW,74,1050794288.37,250
2025-11,CAT,75,1046488029.35,250
2025-11,ANET,76,1034411550.21,250
2025-11,PDD,77,1034300426.51,250
2025-11,DIS,78,1026971291.26,250
2025-11,MCD,79,1016744967.4,250
2025-11,TMUS,80,1015592382.4,250
2025-11,ISRG,81,1013255307.9,250
2025-11,VST,82,1009407056.53,250
2025-11,T,83,1000871983.45,250
2025-11,CVNA,84,988998157.66,250
2025-11,VRT,85,973688993.57,250
2025-11,F,86,972521104.35,250
2025-11,LIN,87,936167050.42,250
2025-11,PM,88,935319650.85,250
2025-11,CEG,89,934466304.55,250
2025-11,MELI,90,919724882.61,250
2025-11,SBUX,91,911341146.86,250
2025-11,HON,92,906023394.59,250
2025-11,VZ,93,903895824.67,250
2025-11,KLAC,94,893634324.32,250
2025-11,MARA,95,892962366.39,250
2025-11,ETN,96,875310475.4,250
2025-11,DELL,97,860357477.46,250
2025-11,QBTS,98,860168194.32,250
2025-11,DASH,99,848350727.78,250
2025-11,PYPL,100,847171103.36,250
2025-11,MS,101,846853878.93,250
2025-11,AMGN,102,844379665.75,250
2025-11,SNPS,103,838433635.58,250
2025-11,DHR,104,838010951.01,250
2025-11,GILD,105,834060638.46,250
2025-11,CMCSA,106,833515626.8,250
2025-11,AXP,107,830373228.67,250
2025-11,NEE,108,821628916.27,250
2025-11,ADI,109,812695844.86,250
2025-11,ABT,110,810741731.16,250
2025-11,SCHW,111,803386878.91,250
2025-11,PGR,112,800691366.7,250
2025-11,TGT,113,796640105.43,250
2025-11,LULU,114,784826178.08,250
2025-11,COF,115,780417061.38,250
2025-11,UNP,116,779847263.66,250
2025-11,FISV,117,766200851.79,250
2025-11,NVO,118,762140119.56,250
2025-11,NBIS,119,750199873.61,250
2025-11,BSX,120,748318711.39,250
2025-11,ARM,121,742562970.68,250
2025-11,RBLX,122,738749074.55,250
2025-11,BLK,123,733653110.19,250
2025-11,COP,124,731297327.37,250
2025-11,TTD,125,728333046.42,250
2025-11,RKLB,126,723626745.33,250
2025-11,APH,127,720746919.28,250
2025-11,LMT,128,720693440.85,250
2025-11,DDOG,129,717480270.94,250
2025-11,ELV,130,715328190.05,250
2025-11,VRTX,131,712861524.37,250
2025-11,CMG,132,709187336.53,250
2025-11,BRK.A,133,704118182.32,250
2025-11,SOUN,134,703398882.77,250
2025-11,RTX,135,695897808.83,250
2025-11,WDAY,136,695696834.34,250
2025-11,AAL,137,688733513.17,250
2025-11,BMY,138,683980423.53,250
2025-11,SPGI,139,678511636.19,250
2025-11,ABNB,140,666725986.58,250
2025-11,SHW,141,666485394.09,250
2025-11,TJX,142,665107929.76,250
2025-11,NEM,143,665098725.64,250
2025-11,NU,144,664599046.47,250
2025-11,UPS,145,660258398.97,250
2025-11,ALAB,146,653697035.99,250
2025-11,REGN,147,651808448.88,250
2025-11,XYZ,148,650975934.7,250
2025-11,MDT,149,646280203.89,250
2025-11,TEM,150,640184383.96,250
2025-12,TSLA,1,34069215679.18,249
2025-12,NVDA,2,32234937493.54,249
2025-12,AAPL,3,12399741332.79,249
2025-12,MSFT,4,10081521758.12,249
2025-12,META,5,9975668081.92,249
2025-12,PLTR,6,9968494582.3,249
2025-12,AMZN,7,9593545606.36,249
2025-12,AMD,8,7554849700.38,249
2025-12,GOOGL,9,7276040374.3,249
2025-12,AVGO,10,6820603633.25,249
2025-12,MSTR,11,5179839124.25,249
2025-12,GOOG,12,4755590741.67,249
2025-12,UNH,13,4073388971.48,249
2025-12,ORCL,14,3476482077.39,249
2025-12,LLY,15,3177216659.34,249
2025-12,COIN,16,3154854193.96,249
2025-12,HOOD,17,3074871004.15,249
2025-12,TSM,18,3072659642.32,249
2025-12,MU,19,3009167107.71,249
2025-12,APP,20,2825982290.64,249
2025-12,BABA,21,2552724894.59,249
2025-12,INTC,22,2550509853.89,249
2025-12,JPM,23,2494588821.29,249
2025-12,BRK.B,24,2331730819.79,249
2025-12,COST,25,2177813188.76,249
2025-12,V,26,2175362839.59,249
2025-12,SMCI,27,2123002248.77,249
2025-12,CRM,28,2105053760.56,249
2025-12,BAC,29,1794041336.1,249
2025-12,WMT,30,1788551093.8,249
2025-12,XOM,31,1781825689.27,249
2025-12,UBER,32,1732268993.4,249
2025-12,BA,33,1642130279.22,249
2025-12,ADBE,34,1554554142.73,249
2025-12,MA,35,1521906291.41,249
2025-12,MRVL,36,1520563651.92,249
2025-12,GEV,37,1512269570.96,249
2025-12,NOW,38,1497144074.14,249
2025-12,GS,39,1490363417.49,249
2025-12,JNJ,40,1462721115.96,249
2025-12,CRWD,41,1452372932.34,249
2025-12,RGTI,42,1445698518.41,249
2025-12,HIMS,43,1423794587.21,249
2025-12,QCOM,44,1384796448.27,249
2025-12,AMAT,45,1360570594.45,249
2025-12,CSCO,46,1360442219.92,249
2025-12,HD,47,1351342976.72,249
2025-12,CVX,48,1337114920.99,249
2025-12,TXN,49,1309928810.29,249
2025-12,ASML,50,1289797812.41,249
2025-12,SPOT,51,1272533557.47,249
2025-12,PG,52,1265202615.91,249
2025-12,PFE,53,1259947702.28,249
2025-12,ABBV,54,1255640581.37,249
2025-12,WFC,55,1254922021.64,249
2025-12,MRK,56,1252205844.06,249
2025-12,GE,57,1251132191.14,249
2025-12,IBM,58,1248667955.94,249
2025-12,BKNG,59,1245726760.91,249
2025-12,SOFI,60,1239506094.72,249
2025-12,C,61,1206981356.95,249
2025-12,OKLO,62,1195049344.88,249
2025-12,INTU,63,1192242698.28,249
2025-12,KO,64,1159684142.23,249
2025-12,PEP,65,1156186289.92,249
2025-12,RDDT,66,1153547209.05,249
2025-12,PANW,67,1147956240.2,249
2025-12,LRCX,68,1142650120.12,249
2025-12,SHOP,69,1123103778.1,249
2025-12,TMO,70,1110624147.02,249
2025-12,CAT,71,1088499077.43,249
2025-12,IONQ,72,1085602350.18,249
2025-12,ACN,73,1079956432.6,249
2025-12,NKE,74,1078705068.02,249
2025-12,ANET,75,1057455547.99,249
2025-12,ISRG,76,1047143059.28,249
2025-12,T,77,1044872441.85,249
2025-12,TMUS,78,1040960400.36,249
2025-12,MCD,79,1025786853.13,249
2025-12,DIS,80,1025207447.11,249
2025-12,PDD,81,1021256795.82,249
2025-12,CVNA,82,1016490133.74,249
2025-12,SNOW,83,1007325633.61,249
2025-12,VRT,84,1004095968.75,249
2025-12,VST,85,997681599.11,249
2025-12,F,86,995044151.67,249
2025-12,LIN,87,957716007.3,249
2025-12,PM,88,948666605.08,249
2025-12,CEG,89,942542609.3,249
2025-12,NBIS,90,934403227.08,249
2025-12,VZ,91,932806986.77,249
2025-12,KLAC,92,930446542.88,249
2025-12,DASH,93,930056769.93,249
2025-12,QBTS,94,929909338.9,249
2025-12,SBUX,95,923661794.68,249
2025-12,MELI,96,917608925.86,249
2025-12,ETN,97,904894007.63,249
2025-12,HON,98,880682208.43,249
2025-12,SNPS,99,874465181.99,249
2025-12,PYPL,100,863480156.32,249
2025-12,GILD,101,852609089.08,249
2025-12,DELL,102,848474554.31,249
2025-12,DHR,103,847979572.0,249
2025-12,MS,104,846266824.41,249
2025-12,CMCSA,105,844522561.04,249
2025-12,AXP,106,842717879.19,249
2025-12,ADI,107,831082240.75,249
2025-12,ABT,108,829100373.72,249
2025-12,AMGN,109,828339741.48,249
2025-12,SCHW,110,813066719.28,249
2025-12,PGR,111,812245231.3,249
2025-12,NEE,112,810758178.67,249
2025-12,NVO,113,801369380.38,249
2025-12,COF,114,793123779.91,249
2025-12,MARA,115,790592275.5,249
2025-12,UNP,116,786720118.42,249
2025-12,LULU,117,785103775.61,249
2025-12,BSX,118,777486043.88,249
2025-12,APH,119,773920487.3,249
2025-12,FISV,120,773225368.34,249
2025-12,RBLX,121,760133982.92,249
2025-12,TGT,122,749161081.95,249
2025-12,RKLB,123,746338693.48,249
2025-12,DDOG,124,734466390.9,249
2025-12,BLK,125,733072251.33,249
2025-12,ARM,126,730435783.45,249
2025-12,TTD,127,729552942.13,249
2025-12,CMG,128,729504963.39,249
2025-12,IREN,129,719783774.21,249
2025-12,AAL,130,718380613.77,249
2025-12,COP,131,717508047.51,249
2025-12,LMT,132,714479958.27,249
2025-12,SOUN,133,711014107.6,249
2025-12,VRTX,134,708324508.48,249
2025-12,RTX,135,703105225.79,249
2025-12,WDAY,136,699882314.89,249
2025-12,ELV,137,692285991.0,249
2025-12,NEM,138,689780936.1,249
2025-12,SPGI,139,686761966.35,249
2025-12,TJX,140,686416723.63,249
2025-12,BMY,141,683424074.18,249
2025-12,ALAB,142,681408115.36,249
2025-12,SNDK,143,681357321.91,200
2025-12,UPS,144,672582333.01,249
2025-12,TEM,145,670092861.11,249
2025-12,NU,146,667963709.09,249
2025-12,REGN,147,662703654.93,249
2025-12,MDT,148,662397874.11,249
2025-12,ABNB,149,657697222.37,249
2025-12,LOW,150,651560948.88,249
2026-01,TSLA,1,33761779380.56,250
2026-01,NVDA,2,32508699259.57,250
2026-01,AAPL,3,12396170974.63,250
2026-01,MSFT,4,10226888635.99,250
2026-01,META,5,10179408354.85,250
2026-01,PLTR,6,9888749988.07,250
2026-01,AMZN,7,9594580453.89,250
2026-01,AMD,8,7621486092.91,250
2026-01,GOOGL,9,7608310458.01,250
2026-01,AVGO,10,7229022668.55,250
2026-01,GOOG,11,4950979033.78,250
2026-01,MSTR,12,4686617436.34,250
2026-01,UNH,13,3934654066.03,250
2026-01,ORCL,14,3869897031.92,250
2026-01,MU,15,3368169195.79,250
2026-01,HOOD,16,3230017075.1,250
2026-01,LLY,17,3226954548.11,250
2026-01,TSM,18,3123933168.55,250
2026-01,COIN,19,3054720510.88,250
2026-01,APP,20,2854549794.36,250
2026-01,INTC,21,2655236850.97,250
2026-01,JPM,22,2577676346.83,250
2026-01,BABA,23,2550505681.95,250
2026-01,BRK.B,24,2355378210.04,250
2026-01,COST,25,2219489570.28,250
2026-01,V,26,2191376471.63,250
2026-01,CRM,27,2064879034.55,250
2026-01,SMCI,28,1926842418.57,250
2026-01,BAC,29,1843231812.05,250
2026-01,WMT,30,1840568852.57,250
2026-01,XOM,31,1780873048.72,250
2026-01,UBER,32,1706028683.58,250
2026-01,BA,33,1622892360.54,250
2026-01,GEV,34,1622238097.21,250
2026-01,GS,35,1552381803.4,250
2026-01,MA,36,1531224548.74,250
2026-01,NOW,37,1515782266.56,250
2026-01,JNJ,38,1498099325.65,250
2026-01,MRVL,39,1483979139.67,250
2026-01,ADBE,40,1478019568.17,250
2026-01,CRWD,41,1446865847.84,250
2026-01,HIMS,42,1426753254.4,250
2026-01,AMAT,43,1404476285.19,250
2026-01,CSCO,44,1390819979.36,250
2026-01,QCOM,45,1389326746.41,250
2026-01,HD,46,1380674284.2,250
2026-01,RGTI,47,1376715546.26,250
2026-01,CVX,48,1321235777.59,250
2026-01,TXN,49,1320692810.14,250
2026-01,ASML,50,1312749017.28,250
2026-01,PG,51,1303230289.93,250
2026-01,SOFI,52,1291205194.68,250
2026-01,GE,53,1290620968.99,250
2026-01,SPOT,54,1282190935.55,250
2026-01,MRK,55,1273089488.39,250
2026-01,ABBV,56,1266822052.61,250
2026-01,PFE,57,1266373199.54,250
2026-01,C,58,1265436766.24,250
2026-01,IBM,59,1264939906.52,250
2026-01,WFC,60,1260984296.59,250
2026-01,BKNG,61,1259326656.19,250
2026-01,OKLO,62,1243823720.24,250
2026-01,LRCX,63,1208740879.89,250
2026-01,INTU,64,1203788080.45,250
2026-01,CVNA,65,1167237174.68,250
2026-01,PEP,66,1164083747.83,250
2026-01,PANW,67,1157814625.45,250
2026-01,KO,68,1154171555.92,250
2026-01,CAT,69,1153044785.4,250
2026-01,SHOP,70,1147807211.12,250
2026-01,RDDT,71,1143793350.45,250
2026-01,NKE,72,1114467096.49,250
2026-01,TMO,73,1097646755.87,250
2026-01,ACN,74,1094612213.41,250
2026-01,IONQ,75,1073957576.92,250
2026-01,ANET,76,1062903196.34,250
2026-01,ISRG,77,1057403022.38,250
2026-01,TMUS,78,1052851925.66,250
2026-01,DIS,79,1049389902.81,250
2026-01,SNOW,80,1045637030.44,250
2026-01,T,81,1043258564.63,250
2026-01,MCD,82,1038699030.27,250
2026-01,VRT,83,1034450150.92,250
2026-01,PDD,84,1006443708.76,250
2026-01,VST,85,997770597.35,250
2026-01,NBIS,86,994934085.25,250
2026-01,F,87,993498095.26,250
2026-01,DASH,88,981737510.26,250
2026-01,LIN,89,979461182.71,250
2026-01,PM,90,973080323.26,250
2026-01,CEG,91,962796100.88,250
2026-01,KLAC,92,954616849.38,250
2026-01,QBTS,93,953144202.72,250
2026-01,VZ,94,951875641.6,250
2026-01,MELI,95,938487755.97,250
2026-01,ETN,96,931945583.64,250
2026-01,SBUX,97,916982239.75,250
2026-01,SNPS,98,903062584.05,250
2026-01,PYPL,99,879650183.98,250
2026-01,CMCSA,100,868263448.98,250
2026-01,GILD,101,867535846.36,250
2026-01,HON,102,865912242.14,250
2026-01,ADI,103,862653959.58,250
2026-01,AXP,104,861553695.54,250
2026-01,MS,105,860162147.51,250
2026-01,RKLB,106,847744011.86,250
2026-01,DHR,107,845484943.12,250
2026-01,ABT,108,843086788.35,250
2026-01,SCHW,109,836544602.41,250
2026-01,DELL,110,833503069.91,250
2026-01,COF,111,821330455.49,250
2026-01,NEE,112,820506052.46,250
2026-01,APH,113,820458213.73,250
2026-01,IREN,114,820196760.88,250
2026-01,AMGN,115,820074882.87,250
2026-01,BSX,116,818418206.95,250
2026-01,PGR,117,813814321.83,250
2026-01,LULU,118,806716369.0,250
2026-01,NVO,119,802685201.2,250
2026-01,SNDK,120,790748841.49,222
2026-01,UNP,121,789791178.12,250
2026-01,FISV,122,781340014.97,250
2026-01,RBLX,123,776852768.33,250
2026-01,AAL,124,751592730.96,250
2026-01,CMG,125,743245315.55,250
2026-01,TGT,126,741280762.66,250
2026-01,WBD,127,733654816.42,250
2026-01,TTD,128,733337896.49,250
2026-01,NEM,129,728502125.25,250
2026-01,RTX,130,725966064.95,250
2026-01,MARA,131,718473832.95,250
2026-01,ARM,132,717396525.01,250
2026-01,DDOG,133,714942807.8,250
2026-01,BLK,134,714931656.54,250
2026-01,LMT,135,713025203.32,250
2026-01,COP,136,709173831.32,250
2026-01,ALAB,137,704229031.68,250
2026-01,BMY,138,702455879.61,250
2026-01,SPGI,139,701054184.72,250
2026-01,WDC,140,700024023.72,250
2026-01,VRTX,141,691774811.6,250
2026-01,TJX,142,689806422.04,250
2026-01,TEM,143,674856310.87,250
2026-01,ELV,144,674483034.74,250
2026-01,NU,145,673328334.84,250
2026-01,MDT,146,670349887.26,250
2026-01,UPS,147,667892803.62,250
2026-01,OPEN,148,664383680.56,250
2026-01,REGN,149,664178071.71,250
2026-01,SE,150,662185900.32,250
2026-02,TSLA,1,33541102856.85,250
2026-02,NVDA,2,31812726368.17,250
2026-02,AAPL,3,12345557707.45,250
2026-02,MSFT,4,10688898709.31,250
2026-02,META,5,10334923525.05,250
2026-02,PLTR,6,10016427841.41,250
2026-02,AMZN,7,9801595975.14,250
2026-02,GOOGL,8,8034080177.36,250
2026-02,AMD,9,7953614257.11,250
2026-02,AVGO,10,7353054876.76,250
2026-02,GOOG,11,5244974571.58,250
2026-02,MSTR,12,4432962478.18,250
2026-02,MU,13,4273237865.44,250
2026-02,UNH,14,4036217630.22,250
2026-02,ORCL,15,4013845045.31,250
2026-02,HOOD,16,3342854100.99,250
2026-02,LLY,17,3239811574.98,250
2026-02,TSM,18,3191399899.85,250
2026-02,INTC,19,3084684188.74,250
2026-02,COIN,20,3039782822.27,250
2026-02,APP,21,2998555185.44,250
2026-02,JPM,22,2667949620.52,250
2026-02,CRWV,23,2636037447.04,212
2026-02,BABA,24,2607497333.96,250
2026-02,BRK.B,25,2393862366.75,250
2026-02,COST,26,2282962126.02,250
2026-02,V,27,2267104545.77,250
2026-02,WMT,28,2158228135.7,250
2026-02,CRM,29,2075495531.74,250
2026-02,SMCI,30,1922260017.33,250
2026-02,BAC,31,1876789194.08,250
2026-02,XOM,32,1857319190.54,250
2026-02,UBER,33,1700418520.6,250
2026-02,BA,34,1676937908.5,250
2026-02,GEV,35,1669558060.41,250
2026-02,GS,36,1609816346.93,250
2026-02,MA,37,1598658018.75,250
2026-02,JNJ,38,1550400637.78,250
2026-02,NOW,39,1537080733.34,250
2026-02,AMAT,40,1502813161.49,250
2026-02,ADBE,41,1464366154.32,250
2026-02,MRVL,42,1459751427.09,250
2026-02,CRWD,43,1451720277.67,250
2026-02,ASML,44,1445049807.5,250
2026-02,HIMS,45,1444636370.56,250
2026-02,CSCO,46,1414818241.94,250
2026-02,QCOM,47,1412732875.12,250
2026-02,HD,48,1411624048.78,250
2026-02,CVX,49,1396796593.08,250
2026-02,LRCX,50,1375411700.1,250
2026-02,SNDK,51,1375270972.66,242
2026-02,GE,52,1350288266.13,250
2026-02,TXN,53,1349459963.99,250
2026-02,PG,54,1347793712.02,250
2026-02,SOFI,55,1344888581.44,250
2026-02,SPOT,56,1320803968.23,250
2026-02,ABBV,57,1308571174.16,250
2026-02,C,58,1298768025.98,250
2026-02,WFC,59,1297514528.87,250
2026-02,MRK,60,1296845644.48,250
2026-02,OKLO,61,1292027066.54,250
2026-02,PFE,62,1291739891.09,250
2026-02,IBM,63,1291218519.81,250
2026-02,INTU,64,1252583626.76,250
2026-02,RGTI,65,1251606162.38,250
2026-02,BKNG,66,1250442974.43,250
2026-02,CVNA,67,1234938786.97,250
2026-02,CAT,68,1209686645.96,250
2026-02,SHOP,69,1189882949.84,250
2026-02,PEP,70,1183839668.37,250
2026-02,KO,71,1179017215.8,250
2026-02,PANW,72,1164917922.25,250
2026-02,RDDT,73,1154298889.52,250
2026-02,TMO,74,1135028253.56,250
2026-02,NKE,75,1126262761.85,250
2026-02,ACN,76,1115346996.49,250
2026-02,DIS,77,1075842860.53,250
2026-02,TMUS,78,1074069598.8,250
2026-02,NBIS,79,1067741581.92,250
2026-02,ANET,80,1066661857.2,250
2026-02,T,81,1065918846.91,250
2026-02,ISRG,82,1056139489.29,250
2026-02,SNOW,83,1050656183.85,250
2026-02,MCD,84,1046760529.89,250
2026-02,IONQ,85,1042618229.18,250
2026-02,PDD,86,1035852962.4,250
2026-02,KLAC,87,1029268687.48,250
2026-02,DASH,88,1013327994.01,250
2026-02,F,89,1012254140.61,250
2026-02,VRT,90,1004007141.87,250
2026-02,PM,91,997706592.6,250
2026-02,IREN,92,990569447.03,250
2026-02,QBTS,93,988399225.51,250
2026-02,MELI,94,986280333.04,250
2026-02,RKLB,95,984722145.76,250
2026-02,LIN,96,981990483.59,250
2026-02,VZ,97,979697233.32,250
2026-02,VST,98,940712309.49,250
2026-02,SNPS,99,930961273.33,250
2026-02,SBUX,100,923003534.19,250
2026-02,CEG,101,918522253.56,250
2026-02,ETN,102,915295743.1,250
2026-02,APH,103,909517960.24,250
2026-02,GILD,104,897086738.17,250
2026-02,ADI,105,892986390.11,250
2026-02,HON,106,892119529.94,250
2026-02,PYPL,107,892098225.43,250
2026-02,COF,108,886548409.29,250
2026-02,AXP,109,885637033.54,250
2026-02,MS,110,884626884.08,250
2026-02,ABT,111,882355531.67,250
2026-02,CMCSA,112,881711008.49,250
2026-02,BSX,113,863834165.79,250
2026-02,SCHW,114,856570054.0,250
2026-02,WDC,115,853659825.34,250
2026-02,DHR,116,849436851.27,250
2026-02,NVO,117,845241566.44,250
2026-02,DELL,118,830055041.83,250
2026-02,PGR,119,828028288.2,250
2026-02,AMGN,120,827522545.1,250
2026-02,RBLX,121,824589131.76,250
2026-02,NEE,122,818168719.77,250
2026-02,LULU,123,801424068.72,250
2026-02,NEM,124,797914858.07,250
2026-02,UNP,125,797292497.58,250
2026-02,FISV,126,789570822.91,250
2026-02,AAL,127,776674183.69,250
2026-02,RTX,128,776555935.83,250
2026-02,STX,129,767809535.69,250
2026-02,WBD,130,767024363.67,250
2026-02,LMT,131,759071938.5,250
2026-02,CMG,132,749690020.07,250
2026-02,TGT,133,739874806.53,250
2026-02,COP,134,736136863.98,250
2026-02,TTD,135,734463140.39,250
2026-02,FCX,136,731415057.68,250
2026-02,DDOG,137,728243780.48,250
2026-02,ALAB,138,725867454.05,250
2026-02,BE,139,722214113.07,250
2026-02,BLK,140,719005836.16,250
2026-02,TJX,141,716332787.78,250
2026-02,SPGI,142,714270350.16,250
2026-02,BMY,143,714109320.19,250
2026-02,NU,144,709247428.16,250
2026-02,ASTS,145,700143244.0,250
2026-02,VRTX,146,694379460.47,250
2026-02,MARA,147,693162961.22,250
2026-02,OPEN,148,691026223.64,250
2026-02,ARM,149,688962877.23,250
2026-02,SE,150,682560260.58,250
2026-03,TSLA,1,33264268816.2,250
2026-03,NVDA,2,32142621167.06,250
2026-03,AAPL,3,12588847570.68,250
2026-03,MSFT,4,11273514189.4,250
2026-03,META,5,10176491079.49,250
2026-03,AMZN,6,10164051958.13,250
2026-03,PLTR,7,9714416865.46,250
2026-03,GOOGL,8,8602183073.62,250
2026-03,AMD,9,8288809560.17,250
2026-03,AVGO,10,7567937007.36,250
2026-03,GOOG,11,5576713010.71,250
2026-03,MU,12,5233672281.7,250
2026-03,MSTR,13,4329285144.26,250
2026-03,ORCL,14,4253309938.86,250
2026-03,UNH,15,4027638122.94,250
2026-03,HOOD,16,3434903199.87,250
2026-03,TSM,17,3315983203.12,250
2026-03,LLY,18,3300525030.6,250
2026-03,INTC,19,3192644064.23,250
2026-03,COIN,20,3047408353.48,250
2026-03,APP,21,2979994102.19,250
2026-03,JPM,22,2750517793.16,250
2026-03,CRWV,23,2610649506.25,231
2026-03,BRK.B,24,2422618888.74,250
2026-03,SNDK,25,2382300385.98,250
2026-03,V,26,2313243506.35,250
2026-03,BABA,27,2301801820.25,250
2026-03,COST,28,2296369047.43,250
2026-03,WMT,29,2277552345.64,250
2026-03,CRM,30,2126792885.46,250
2026-03,XOM,31,1985303389.2,250
2026-03,BAC,32,1936858936.27,250
2026-03,GEV,33,1742663100.86,250
2026-03,BA,34,1693883358.79,250
2026-03,UBER,35,1670447699.5,250
2026-03,GS,36,1668855704.89,250
2026-03,MA,37,1667249905.79,250
2026-03,AMAT,38,1642641690.34,250
2026-03,JNJ,39,1618100134.05,250
2026-03,NOW,40,1613119295.95,250
2026-03,SMCI,41,1556355514.94,250
2026-03,ASML,42,1526998479.48,250
2026-03,CSCO,43,1493541200.47,250
2026-03,ADBE,44,1491172328.17,250
2026-03,CRWD,45,1490339127.48,250
2026-03,LRCX,46,1484453755.97,250
2026-03,CVX,47,1466108489.86,250
2026-03,QCOM,48,1433176150.72,250
2026-03,HD,49,1428473216.18,250
2026-03,MRVL,50,1426064336.21,250
2026-03,GE,51,1417558794.85,250
2026-03,TXN,52,1401852043.15,250
2026-03,SOFI,53,1399118286.84,250
2026-03,PG,54,1396669871.64,250
2026-03,HIMS,55,1368782811.45,250
2026-03,SPOT,56,1356357663.44,250
2026-03,BKNG,57,1352525761.36,250
2026-03,C,58,1345056797.54,250
2026-03,ABBV,59,1344128442.88,250
2026-03,IBM,60,1343141572.73,250
2026-03,CAT,61,1333551746.45,250
2026-03,INTU,62,1323749698.99,250
2026-03,WFC,63,1311193537.7,250
2026-03,PFE,64,1306361807.69,250
2026-03,CVNA,65,1296244160.38,250
2026-03,MRK,66,1287525185.07,250
2026-03,PANW,67,1285018611.55,250
2026-03,OKLO,68,1272512025.39,250
2026-03,SHOP,69,1270170050.3,250
2026-03,RGTI,70,1218569776.28,250
2026-03,PEP,71,1215783104.51,250
2026-03,KO,72,1207562378.02,250
2026-03,ACN,73,1163263337.98,250
2026-03,TMO,74,1151231036.19,250
2026-03,RDDT,75,1127166377.46,250
2026-03,NBIS,76,1118914542.1,250
2026-03,TMUS,77,1116135865.17,250
2026-03,IREN,78,1112461232.44,250
2026-03,NKE,79,1111844399.04,250
2026-03,DIS,80,1108871779.7,250
2026-03,KLAC,81,1095211971.58,250
2026-03,T,82,1080420327.45,250
2026-03,SNOW,83,1076152059.16,250
2026-03,ISRG,84,1070536099.09,250
2026-03,ANET,85,1068608117.74,250
2026-03,IONQ,86,1062922833.43,250
2026-03,MCD,87,1056849851.28,250
2026-03,WDC,88,1050103530.78,250
2026-03,VZ,89,1049758252.02,250
2026-03,DASH,90,1042032388.44,250
2026-03,RKLB,91,1040860210.86,250
2026-03,VRT,92,1038772320.89,250
2026-03,F,93,1026888563.49,250
2026-03,LIN,94,1017489729.28,250
2026-03,MELI,95,1015369858.04,250
2026-03,QBTS,96,998459954.79,250
2026-03,PDD,97,994599454.19,250
2026-03,PM,98,994087378.91,250
2026-03,SNPS,99,977743829.09,250
2026-03,APH,100,976691349.7,250
2026-03,ADI,101,942138918.88,250
2026-03,MS,102,936945527.56,250
2026-03,AXP,103,935442951.6,250
2026-03,PYPL,104,930973087.68,250
2026-03,BSX,105,930279706.56,250
2026-03,CEG,106,929731483.56,250
2026-03,COF,107,922111857.78,250
2026-03,ETN,108,921369409.42,250
2026-03,GILD,109,920014438.8,250
2026-03,VST,110,916771978.93,250
2026-03,ABT,111,908144703.24,250
2026-03,SBUX,112,898187700.98,250
2026-03,NVO,113,895076845.28,250
2026-03,HON,114,885133956.53,250
2026-03,CMCSA,115,875664660.97,250
2026-03,STX,116,872692414.87,250
2026-03,SCHW,117,866731201.98,250
2026-03,BE,118,848775384.08,250
2026-03,NEM,119,846831185.72,250
2026-03,DELL,120,842492051.53,250
2026-03,AMGN,121,838109162.51,250
2026-03,NEE,122,834345739.09,250
2026-03,DHR,123,833548956.12,250
2026-03,RBLX,124,833394530.03,250
2026-03,RTX,125,831467914.2,250
2026-03,PGR,126,829970307.66,250
2026-03,UNP,127,826365325.11,250
2026-03,LITE,128,823008106.23,250
2026-03,SPGI,129,796193824.43,250
2026-03,WBD,130,792256286.36,250
2026-03,AAL,131,791942597.66,250
2026-03,LULU,132,785907113.22,250
2026-03,FCX,133,779682397.0,250
2026-03,LMT,134,779370331.07,250
2026-03,FISV,135,777614837.14,250
2026-03,ASTS,136,764992145.07,250
2026-03,CMG,137,751357318.92,250
2026-03,ALAB,138,749797716.12,250
2026-03,COP,139,742489494.19,250
2026-03,TJX,140,738631638.56,250
2026-03,TGT,141,737789117.58,250
2026-03,NU,142,732879529.6,250
2026-03,DDOG,143,729935825.2,250
2026-03,BMY,144,722273479.45,250
2026-03,BLK,145,721568342.54,250
2026-03,DE,146,710221173.77,250
2026-03,OPEN,147,705481761.0,250
2026-03,MDT,148,701785786.32,250
2026-03,VRTX,149,697536824.74,250
2026-03,SE,150,695027513.3,250
2026-04,TSLA,1,32474153908.07,251
2026-04,NVDA,2,32065799423.79,251
2026-04,AAPL,3,12467184607.83,251
2026-04,MSFT,4,11627940275.7,251
2026-04,AMZN,5,10205886791.71,251
2026-04,META,6,10103429906.5,251
2026-04,PLTR,7,9559106920.88,251
2026-04,GOOGL,8,8886249670.48,251
2026-04,AMD,9,8560411463.93,251
2026-04,AVGO,10,7812242207.7,251
2026-04,MU,11,6648909198.69,251
2026-04,GOOG,12,5776795042.84,251
2026-04,ORCL,13,4459071481.74,251
2026-04,MSTR,14,4067879827.16,251
2026-04,UNH,15,4039614938.87,251
2026-04,TSM,16,3503359708.39,251
2026-04,HOOD,17,3422877700.87,251
2026-04,SNDK,18,3418293021.46,251
2026-04,INTC,19,3315141600.7,251
2026-04,LLY,20,3275080636.88,251
2026-04,COIN,21,3097079679.93,251
2026-04,APP,22,2900359983.42,251
2026-04,JPM,23,2767871549.44,251
2026-04,CRWV,24,2549412218.31,251
2026-04,BRK.B,25,2411184653.57,251
2026-04,CRCL,26,2315368959.93,206
2026-04,WMT,27,2309162986.32,251
2026-04,V,28,2282768927.21,251
2026-04,COST,29,2234149540.05,251
2026-04,CRM,30,2177300773.35,251
2026-04,BABA,31,2174726791.37,251
2026-04,XOM,32,2152540435.91,251
2026-04,BAC,33,1959790193.22,251
2026-04,GEV,34,1824978087.32,251
2026-04,AMAT,35,1761063416.38,251
2026-04,BA,36,1701405060.97,251
2026-04,GS,37,1695812475.23,251
2026-04,UBER,38,1673445590.36,251
2026-04,MA,39,1670272096.12,251
2026-04,JNJ,40,1653462462.45,251
2026-04,BMNR,41,1643690307.28,206
2026-04,ASML,42,1633679889.41,251
2026-04,NOW,43,1621823934.63,251
2026-04,LRCX,44,1617425357.02,251
2026-04,CVX,45,1597649627.47,251
2026-04,CSCO,46,1533344527.46,251
2026-04,MRVL,47,1489605109.49,251
2026-04,QCOM,48,1481701777.8,251
2026-04,GE,49,1477977469.34,251
2026-04,ADBE,50,1477958872.9,251
2026-04,CRWD,51,1472267298.52,251
2026-04,SOFI,52,1447586760.34,251
2026-04,SMCI,53,1432652112.78,251
2026-04,HD,54,1429088847.07,251
2026-04,CAT,55,1420994981.88,251
2026-04,PG,56,1417394581.35,251
2026-04,TXN,57,1410054431.1,251
2026-04,C,58,1395391858.72,251
2026-04,HIMS,59,1384668381.93,251
2026-04,BKNG,60,1372384229.25,251
2026-04,INTU,61,1372305535.91,251
2026-04,ABBV,62,1358934476.43,251
2026-04,IBM,63,1358854354.31,251
2026-04,WFC,64,1334069410.68,251
2026-04,PANW,65,1321218686.91,251
2026-04,SPOT,66,1308478778.6,251
2026-04,CVNA,67,1282436962.93,251
2026-04,OKLO,68,1281032425.64,251
2026-04,SHOP,69,1275560649.79,251
2026-04,PFE,70,1275167144.28,251
2026-04,NBIS,71,1256732115.67,251
2026-04,LITE,72,1254591858.58,251
2026-04,MRK,73,1252609816.23,251
2026-04,WDC,74,1235612124.29,251
2026-04,IREN,75,1216912921.22,251
2026-04,VRT,76,1214538447.95,251
2026-04,PEP,77,1207494417.16,251
2026-04,RGTI,78,1204681869.08,251
2026-04,KO,79,1198804451.0,251
2026-04,ACN,80,1184625384.97,251
2026-04,KLAC,81,1164610922.8,251
2026-04,TMO,82,1162908778.88,251
2026-04,RKLB,83,1147642331.08,251
2026-04,TMUS,84,1123531179.54,251
2026-04,DIS,85,1121648459.98,251
2026-04,NKE,86,1085461182.87,251
2026-04,RDDT,87,1084270894.57,251
2026-04,T,88,1080913241.12,251
2026-04,IONQ,89,1075684603.32,251
2026-04,SNOW,90,1068975483.5,251
2026-04,ANET,91,1064673909.7,251
2026-04,VZ,92,1059151000.42,251
2026-04,MCD,93,1047247238.05,251
2026-04,APH,94,1042078056.39,251
2026-04,LIN,95,1035356483.76,251
2026-04,ISRG,96,1025263174.17,251
2026-04,MELI,97,1015459292.56,251
2026-04,SNPS,98,1001624549.12,251
2026-04,PM,99,986008079.86,251
2026-04,ADI,100,984532682.36,251
2026-04,STX,101,971484145.61,251
2026-04,BE,102,969568483.67,251
2026-04,F,103,967985650.02,251
2026-04,PDD,104,966791312.31,251
2026-04,QBTS,105,964845156.53,251
2026-04,AXP,106,958987601.75,251
2026-04,MS,107,955087519.5,251
2026-04,BSX,108,948241675.28,251
2026-04,DASH,109,943673560.43,251
2026-04,ABT,110,936845120.11,251
2026-04,PYPL,111,932976076.82,251
2026-04,COF,112,931756038.42,251
2026-04,CEG,113,928348313.81,251
2026-04,DELL,114,918000368.74,251
2026-04,NEM,115,916116710.47,251
2026-04,NVO,116,908590535.34,251
2026-04,ETN,117,908132277.46,251
2026-04,GILD,118,896473940.65,251
2026-04,VST,119,889056584.19,251
2026-04,HON,120,883353187.42,251
2026-04,SBUX,121,882398657.64,251
2026-04,CMCSA,122,881576472.41,251
2026-04,RTX,123,875550055.98,251
2026-04,SCHW,124,868719152.59,251
2026-04,AMGN,125,839736444.7,251
2026-04,ASTS,126,838021079.31,251
2026-04,UNP,127,835615359.56,251
2026-04,NEE,128,835137586.99,251
2026-04,RBLX,129,834829963.51,251
2026-04,DHR,130,830392119.43,251
2026-04,WBD,131,820730256.18,251
2026-04,FCX,132,814580473.2,251
2026-04,SPGI,133,812913096.23,251
2026-04,LMT,134,807757918.43,251
2026-04,AAL,135,805231976.51,251
2026-04,PGR,136,800637084.38,251
2026-04,COP,137,776703334.38,251
2026-04,ALAB,138,772216426.56,251
2026-04,LULU,139,761366023.42,251
2026-04,NU,140,750787469.74,251
2026-04,FISV,141,747647816.15,251
2026-04,TJX,142,744478362.15,251
2026-04,COHR,143,738782405.02,251
2026-04,CMG,144,738111307.85,251
2026-04,DDOG,145,734607619.22,251
2026-04,BX,146,729743908.66,251
2026-04,BMY,147,728415366.37,251
2026-04,BLK,148,723379164.35,251
2026-04,DE,149,721447331.9,251
2026-04,TGT,150,721025476.62,251
2026-05,NVDA,1,31680970108.94,251
2026-05,TSLA,2,31541705841.3,251
2026-05,AAPL,3,12169182555.73,251
2026-05,MSFT,4,11942385312.98,251
2026-05,AMZN,5,10271260518.92,251
2026-05,META,6,10007970232.54,251
2026-05,PLTR,7,9230495883.62,251
2026-05,AMD,8,9172202624.81,251
2026-05,GOOGL,9,9128557881.35,251
2026-05,AVGO,10,8028579951.12,251
2026-05,MU,11,8012861951.48,251
2026-05,GOOG,12,5930845126.06,251
2026-05,ORCL,13,4768118426.92,251
2026-05,SNDK,14,4564286664.59,251
2026-05,UNH,15,3932911466.5,251
2026-05,INTC,16,3926832198.68,251
2026-05,MSTR,17,3827928189.07,251
2026-05,TSM,18,3655140999.34,251
2026-05,HOOD,19,3484877049.29,251
2026-05,LLY,20,3254976849.97,251
2026-05,COIN,21,3124337590.53,251
2026-05,APP,22,2865191872.76,251
2026-05,CRWV,23,2788412325.91,251
2026-05,JPM,24,2716287513.66,251
2026-05,BRK.B,25,2331146719.21,251
2026-05,WMT,26,2303415809.68,251
2026-05,V,27,2254316081.49,251
2026-05,XOM,28,2243066785.67,251
2026-05,CRM,29,2230120747.43,251
2026-05,CRCL,30,2199405974.36,227
2026-05,COST,31,2161979040.6,251
2026-05,BABA,32,2010646182.87,251
2026-05,GEV,33,1933471246.12,251
2026-05,BAC,34,1902716878.12,251
2026-05,AMAT,35,1829076578.34,251
2026-05,MRVL,36,1738931724.58,251
2026-05,ASML,37,1737646514.75,251
2026-05,LRCX,38,1724458176.76,251
2026-05,GS,39,1694505526.51,251
2026-05,NOW,40,1679622452.8,251
2026-05,BA,41,1673526353.74,251
2026-05,MA,42,1672043828.48,251
2026-05,JNJ,43,1658601992.19,251
2026-05,LITE,44,1651225722.64,251
2026-05,CVX,45,1642441972.05,251
2026-05,UBER,46,1636464709.81,251
2026-05,BMNR,47,1570443368.12,227
2026-05,QCOM,48,1561676275.47,251
2026-05,CSCO,49,1535505709.1,251
2026-05,GE,50,1521505495.05,251
2026-05,CAT,51,1482754366.36,251
2026-05,SOFI,52,1473514942.85,251
2026-05,CRWD,53,1464073970.92,251
2026-05,ADBE,54,1457424108.73,251
2026-05,NBIS,55,1431888272.53,251
2026-05,WDC,56,1426934039.43,251
2026-05,TXN,57,1422630582.44,251
2026-05,HD,58,1411126669.1,251
2026-05,C,59,1395216971.76,251
2026-05,INTU,60,1387153619.84,251
2026-05,HIMS,61,1384081742.53,251
2026-05,PG,62,1384058040.48,251
2026-05,IBM,63,1372956506.99,251
2026-05,SMCI,64,1368529332.34,251
2026-05,BKNG,65,1357979443.24,251
2026-05,PANW,66,1342161354.82,251
2026-05,OKLO,67,1340413580.96,251
2026-05,IREN,68,1337188080.54,251
2026-05,ABBV,69,1327452352.53,251
2026-05,WFC,70,1316341972.97,251
2026-05,CVNA,71,1281021538.31,251
2026-05,VRT,72,1275058392.97,251
2026-05,RKLB,73,1271888691.29,251
2026-05,SPOT,74,1251159377.92,251
2026-05,SHOP,75,1250207707.23,251
2026-05,PFE,76,1242468447.7,251
2026-05,RGTI,77,1227694504.3,251
2026-05,MRK,78,1223742980.49,251
2026-05,KLAC,79,1216682833.12,251
2026-05,PEP,80,1177205526.62,251
2026-05,ACN,81,1175565250.07,251
2026-05,KO,82,1172538554.68,251
2026-05,IONQ,83,1150804426.0,251
2026-05,BE,84,1147943275.05,251
2026-05,TMO,85,1135172664.81,251
2026-05,STX,86,1124610769.28,251
2026-05,TMUS,87,1120244111.73,251
2026-05,SNOW,88,1105347408.74,251
2026-05,DIS,89,1093251982.56,251
2026-05,ANET,90,1080027416.66,251
2026-05,APH,91,1077579544.81,251
2026-05,RDDT,92,1072531169.47,251
2026-05,T,93,1067197825.15,251
2026-05,VZ,94,1065899571.87,251
2026-05,NKE,95,1063598894.85,251
2026-05,LIN,96,1025702649.82,251
2026-05,MCD,97,1013014859.71,251
2026-05,SNPS,98,1012622014.67,251
2026-05,ISRG,99,1002235375.04,251
2026-05,ADI,100,1000712563.83,251
2026-05,QBTS,101,996922925.61,251
2026-05,MELI,102,992915463.75,251
2026-05,MS,103,959423601.27,251
2026-05,BSX,104,958550417.67,251
2026-05,AXP,105,954339010.45,251
2026-05,ABT,106,954279368.93,251
2026-05,DELL,107,951880066.82,251
2026-05,PM,108,948786110.1,251
2026-05,ASTS,109,942059767.22,251
2026-05,DASH,110,934361420.89,251
2026-05,CEG,111,931516691.1,251
2026-05,NEM,112,921061879.08,251
2026-05,PYPL,113,917242505.71,251
2026-05,COF,114,915767788.4,251
2026-05,NVO,115,908683587.58,251
2026-05,PDD,116,907108343.37,251
2026-05,ETN,117,904229182.46,251
2026-05,F,118,888077570.01,251
2026-05,RTX,119,887376654.94,251
2026-05,SCHW,120,880642049.85,251
2026-05,CMCSA,121,870359761.51,251
2026-05,GILD,122,869620989.13,251
2026-05,HON,123,866177455.64,251
2026-05,VST,124,865801204.15,251
2026-05,COHR,125,864348169.85,251
2026-05,SBUX,126,844168054.24,251
2026-05,RBLX,127,841920235.82,251
2026-05,FCX,128,840441673.79,251
2026-05,ALAB,129,835549545.41,251
2026-05,AMGN,130,834886582.25,251
2026-05,WBD,131,834008865.1,251
2026-05,UNP,132,830901535.05,251
2026-05,NEE,133,829992087.96,251
2026-05,DHR,134,825692953.76,251
2026-05,SPGI,135,816292440.04,251
2026-05,LMT,136,814206432.11,251
2026-05,ARM,137,805571392.12,251
2026-05,COP,138,803598334.96,251
2026-05,AAL,139,799860648.13,251
2026-05,GLW,140,798630309.39,251
2026-05,CRDO,141,764506062.31,251
2026-05,PGR,142,763097728.24,251
2026-05,NU,143,744409334.43,251
2026-05,DDOG,144,741947078.38,251
2026-05,LULU,145,731976360.18,251
2026-05,OPEN,146,726572382.13,251
2026-05,CLS,147,725784605.42,251
2026-05,TJX,148,725508011.67,251
2026-05,BX,149,720976176.63,251
2026-05,DE,150,720686399.92,251
2026-06,NVDA,1,32242514596.54,250
2026-06,TSLA,2,30594603716.13,250
2026-06,AAPL,3,12414086122.33,250
2026-06,MSFT,4,12317725064.7,250
2026-06,MU,5,11316263605.73,250
2026-06,AMZN,6,10413398855.14,250
2026-06,AMD,7,10197498456.49,250
2026-06,META,8,10061907911.84,250
2026-06,GOOGL,9,9409164070.39,250
2026-06,PLTR,10,8765267541.72,250
2026-06,AVGO,11,8367307210.76,250
2026-06,SNDK,12,6255787781.5,250
2026-06,GOOG,13,6138865183.32,250
2026-06,INTC,14,5135330046.26,250
2026-06,ORCL,15,5005272757.44,250
2026-06,TSM,16,3880613798.72,250
2026-06,MSTR,17,3576851274.25,250
2026-06,HOOD,18,3470711030.44,250
2026-06,UNH,19,3376581525.96,250
2026-06,LLY,20,3216350806.74,250
2026-06,COIN,21,2976460294.15,250
2026-06,APP,22,2889653547.58,250
2026-06,CRWV,23,2866856307.01,250
2026-06,JPM,24,2762829850.71,250
2026-06,WMT,25,2374802278.26,250
2026-06,XOM,26,2328450202.26,250
2026-06,V,27,2303440067.22,250
2026-06,BRK.B,28,2301707088.05,250
2026-06,CRM,29,2268948817.66,250
2026-06,CRCL,30,2199997372.14,247
2026-06,COST,31,2190144635.29,250
2026-06,LITE,32,2111137267.71,250
2026-06,MRVL,33,2049016315.33,250
2026-06,GEV,34,2018055893.0,250
2026-06,BABA,35,2006472474.57,250
2026-06,AMAT,36,1997279373.89,250
2026-06,QCOM,37,1952113029.03,250
2026-06,BAC,38,1918077676.84,250
2026-06,LRCX,39,1879287899.19,250
2026-06,ASML,40,1870304495.25,250
2026-06,NOW,41,1815559998.4,250
2026-06,GS,42,1742991910.13,250
2026-06,MA,43,1713883318.66,250
2026-06,NBIS,44,1711170862.04,250
2026-06,CVX,45,1704769857.6,250
2026-06,WDC,46,1700661359.71,250
2026-06,JNJ,47,1699736956.01,250
2026-06,CSCO,48,1683376392.34,250
2026-06,BA,49,1671642332.81,250
2026-06,CAT,50,1604871641.61,250
2026-06,IREN,51,1596325974.05,250
2026-06,UBER,52,1578029317.46,250
2026-06,GE,53,1550639726.47,250
2026-06,RKLB,54,1530057694.24,250
2026-06,BMNR,55,1501540455.91,247
2026-06,SOFI,56,1500986282.67,250
2026-06,TXN,57,1499420466.12,250
2026-06,CRWD,58,1495347749.49,250
2026-06,IBM,59,1481199534.1,250
2026-06,ADBE,60,1465313805.79,250
2026-06,HD,61,1456791879.4,250
2026-06,C,62,1437731659.52,250
2026-06,INTU,63,1428469950.44,250
2026-06,PANW,64,1413097870.72,250
2026-06,PG,65,1386635433.61,250
2026-06,VRT,66,1374948679.39,250
2026-06,BKNG,67,1372013512.83,250
2026-06,BE,68,1371688944.85,250
2026-06,STX,69,1360578716.19,250
2026-06,OKLO,70,1340790176.24,250
2026-06,WFC,71,1335977352.39,250
2026-06,SMCI,72,1314780066.3,250
2026-06,ABBV,73,1313433512.58,250
2026-06,KLAC,74,1298175911.78,250
2026-06,RGTI,75,1258943214.43,250
2026-06,CVNA,76,1245883497.55,250
2026-06,SHOP,77,1235875514.42,250
2026-06,IONQ,78,1233124214.96,250
2026-06,SPOT,79,1233122968.98,250
2026-06,PFE,80,1232900195.18,250
2026-06,MRK,81,1216116665.27,250
2026-06,HIMS,82,1195692905.6,250
2026-06,ACN,83,1187021291.15,250
2026-06,KO,84,1185119618.24,250
2026-06,PEP,85,1172307591.44,250
2026-06,SNOW,86,1169664871.94,250
2026-06,ANET,87,1165840242.43,250
2026-06,APH,88,1156990497.72,250
2026-06,TMO,89,1141789477.78,250
2026-06,DELL,90,1130266270.24,250
2026-06,ASTS,91,1119633443.06,250
2026-06,TMUS,92,1111445038.68,250
2026-06,VZ,93,1092639848.04,250
2026-06,ADI,94,1074203137.83,250
2026-06,DIS,95,1070360896.11,250
2026-06,T,96,1068508292.61,250
2026-06,NKE,97,1067778131.02,250
2026-06,RDDT,98,1056203756.21,250
2026-06,LIN,99,1040324654.71,250
2026-06,MCD,100,1038605914.28,250
2026-06,SNPS,101,1035644650.17,250
2026-06,COHR,102,1031000652.1,250
2026-06,ISRG,103,1022573323.48,250
2026-06,MELI,104,1017459417.6,250
2026-06,GLW,105,1008755980.47,250
2026-06,BSX,106,994089093.79,250
2026-06,ARM,107,993610113.75,250
2026-06,MS,108,986664934.58,250
2026-06,ABT,109,971748570.96,250
2026-06,AXP,110,969121090.2,250
2026-06,QBTS,111,951625701.3,250
2026-06,PM,112,946016029.48,250
2026-06,ETN,113,939968761.64,250
2026-06,NEM,114,935031629.61,250
2026-06,ALAB,115,934659333.33,250
2026-06,CEG,116,934514701.38,250
2026-06,DASH,117,928751033.08,250
2026-06,PYPL,118,925424820.14,250
2026-06,RTX,119,918406538.71,250
2026-06,SCHW,120,907700636.27,250
2026-06,NVO,121,902711622.23,250
2026-06,F,122,902063991.46,250
2026-06,PDD,123,901233349.73,250
2026-06,COF,124,895867973.96,250
2026-06,CMCSA,125,878956162.6,250
2026-06,FCX,126,873566101.85,250
2026-06,HON,127,870592205.32,250
2026-06,GILD,128,868287643.53,250
2026-06,VST,129,858713125.55,250
2026-06,CRDO,130,850534648.79,250
2026-06,WBD,131,844374716.83,250
2026-06,UNP,132,844322935.78,250
2026-06,SPGI,133,842833004.17,250
2026-06,RBLX,134,837358316.83,250
2026-06,NEE,135,836002697.43,250
2026-06,AMGN,136,835935446.68,250
2026-06,DHR,137,833168586.25,250
2026-06,SBUX,138,829495826.34,250
2026-06,LMT,139,820319905.29,250
2026-06,AAL,140,815428917.78,250
2026-06,COP,141,812328289.45,250
2026-06,DDOG,142,809089286.38,250
2026-06,APLD,143,783050135.97,250
2026-06,CLS,144,758569618.15,250
2026-06,PGR,145,752129846.53,250
2026-06,NU,146,746139903.33,250
2026-06,TJX,147,745072066.76,250
2026-06,OPEN,148,738722891.6,250
2026-06,TER,149,734680790.64,250
2026-06,BX,150,725239998.02,250
